id,customer_id,session_id,channel,campaign_id,date,intent,status,order_id,variant_id
lead-00001,cust-0001,session-00001,Instagram,camp-studio,2025-09-22,purchase,converted,ord-00001,var-short-coral-m
lead-00002,cust-0002,session-00002,Instagram,camp-studio,2025-09-23,purchase,converted,ord-00002,var-legging-navy-l
lead-00003,cust-0003,session-00003,Organic,organic,2025-09-24,purchase,converted,ord-00003,var-legging-navy-m
lead-00004,cust-0004,session-00004,Paid Social,camp-move,2025-09-25,purchase,converted,ord-00004,var-sock-sage-l
lead-00005,cust-0005,session-00005,Instagram,camp-studio,2025-09-26,browse,lost,,
lead-00006,cust-0006,session-00006,Organic,organic,2026-08-15,purchase,converted,ord-00006,var-sock-rose-m
lead-00007,cust-0007,session-00007,Instagram,camp-studio,2026-09-16,purchase,converted,ord-00007,var-sock-lilac-l
lead-00008,cust-0008,session-00008,Instagram,camp-studio,2026-01-16,purchase,converted,ord-00008,var-sock-black-l
lead-00009,cust-0009,session-00009,Organic,organic,2026-02-09,purchase,converted,ord-00009,var-top-black-l
lead-00010,cust-0010,session-00010,Instagram,camp-studio,2026-07-14,purchase,converted,ord-00010,var-top-rose-l
lead-00011,cust-0011,session-00011,Organic,organic,2026-01-14,purchase,converted,ord-00011,var-legging-navy-s
lead-00012,cust-0012,session-00012,Instagram,camp-studio,2026-06-08,purchase,converted,ord-00012,var-sock-rose-s
lead-00013,cust-0013,session-00013,DM,camp-private,2026-04-04,purchase,converted,ord-00013,var-sock-coral-l
lead-00014,cust-0014,session-00014,Paid Social,camp-move,2026-09-03,purchase,converted,ord-00014,var-sock-rose-s
lead-00015,cust-0015,session-00015,DM,camp-private,2026-06-28,purchase,converted,ord-00015,var-legging-olive-m
lead-00016,cust-0016,session-00016,DM,camp-private,2026-05-23,purchase,converted,ord-00016,var-short-black-s
lead-00017,cust-0017,session-00017,Paid Social,camp-move,2026-07-21,purchase,converted,ord-00017,var-legging-navy-s
lead-00018,cust-0018,session-00018,Paid Social,camp-move,2026-09-13,purchase,converted,ord-00018,var-sock-ivory-m
lead-00019,cust-0019,session-00019,Paid Social,camp-move,2026-06-29,purchase,converted,ord-00019,var-short-navy-l
lead-00020,cust-0020,session-00020,Paid Social,camp-move,2026-06-15,purchase,converted,ord-00020,var-sock-rose-l
lead-00021,cust-0021,session-00021,Instagram,camp-studio,2026-09-12,purchase,converted,ord-00021,var-sock-lilac-m
lead-00022,cust-0022,session-00022,Organic,organic,2026-01-11,purchase,converted,ord-00022,var-top-sand-m
lead-00023,cust-0023,session-00023,Organic,organic,2026-06-28,purchase,converted,ord-00023,var-sock-coral-s
lead-00024,cust-0024,session-00024,DM,camp-private,2026-08-30,purchase,converted,ord-00024,var-short-black-m
lead-00025,cust-0025,session-00025,DM,camp-private,2026-07-27,purchase,converted,ord-00025,var-sock-lilac-l
lead-00026,cust-0026,session-00026,Instagram,camp-studio,2026-04-04,browse,lost,,
lead-00027,cust-0027,session-00027,Organic,organic,2026-07-06,purchase,converted,ord-00027,var-short-navy-s
lead-00028,cust-0028,session-00028,Organic,organic,2026-01-02,purchase,converted,ord-00028,var-short-black-s
lead-00029,cust-0029,session-00029,Organic,organic,2026-08-20,purchase,converted,ord-00029,var-sock-sage-s
lead-00030,cust-0030,session-00030,DM,camp-private,2026-09-16,purchase,converted,ord-00030,var-sock-ivory-s
lead-00031,cust-0031,session-00031,Paid Social,camp-move,2026-06-28,purchase,converted,ord-00031,var-legging-black-s
lead-00032,cust-0032,session-00032,DM,camp-private,2026-05-15,purchase,converted,ord-00032,var-short-navy-s
lead-00033,cust-0033,session-00033,Instagram,camp-studio,2026-07-22,purchase,converted,ord-00033,var-sock-lilac-l
lead-00034,cust-0034,session-00034,DM,camp-private,2026-07-10,purchase,converted,ord-00034,var-sock-coral-s
lead-00035,cust-0035,session-00035,Instagram,camp-studio,2026-07-20,purchase,converted,ord-00035,var-sock-black-s
lead-00036,cust-0036,session-00036,Organic,organic,2026-05-09,purchase,converted,ord-00036,var-sock-sage-l
lead-00037,cust-0037,session-00037,Instagram,camp-studio,2026-05-12,purchase,converted,ord-00037,var-sock-coral-l
lead-00038,cust-0038,session-00038,DM,camp-private,2026-01-10,purchase,converted,ord-00038,var-top-black-s
lead-00039,cust-0039,session-00039,Instagram,camp-studio,2026-09-14,purchase,converted,ord-00039,var-sock-sage-s
lead-00040,cust-0040,session-00040,Paid Social,camp-move,2026-04-26,purchase,converted,ord-00040,var-legging-olive-l
lead-00041,cust-0041,session-00041,Instagram,camp-studio,2026-09-08,purchase,converted,ord-00041,var-sock-coral-l
lead-00042,cust-0042,session-00042,Instagram,camp-studio,2026-05-06,purchase,converted,ord-00042,var-short-black-m
lead-00043,cust-0043,session-00043,Instagram,camp-studio,2025-12-10,purchase,converted,ord-00043,var-sock-coral-s
lead-00044,cust-0044,session-00044,DM,camp-private,2026-01-10,purchase,converted,ord-00044,var-short-coral-s
lead-00045,cust-0045,session-00045,Instagram,camp-studio,2026-06-27,purchase,converted,ord-00045,var-sock-ivory-l
lead-00046,cust-0046,session-00046,Organic,organic,2026-07-10,purchase,converted,ord-00046,var-legging-olive-l
lead-00047,cust-0047,session-00047,Instagram,camp-studio,2026-05-04,purchase,converted,ord-00047,var-legging-black-s
lead-00048,cust-0048,session-00048,Organic,organic,2026-09-02,purchase,converted,ord-00048,var-legging-olive-l
lead-00049,cust-0049,session-00049,Paid Social,camp-move,2025-12-20,purchase,converted,ord-00049,var-sock-lilac-m
lead-00050,cust-0050,session-00050,Paid Social,camp-move,2026-03-24,purchase,converted,ord-00050,var-top-black-m
lead-00051,cust-0051,session-00051,DM,camp-private,2026-03-17,purchase,converted,ord-00051,var-sock-sage-m
lead-00052,cust-0052,session-00052,Organic,organic,2026-07-28,purchase,converted,ord-00052,var-top-sand-l
lead-00053,cust-0053,session-00053,Paid Social,camp-move,2026-02-16,purchase,converted,ord-00053,var-short-black-m
lead-00054,cust-0054,session-00054,Organic,organic,2026-01-15,purchase,converted,ord-00054,var-sock-ivory-m
lead-00055,cust-0055,session-00055,Paid Social,camp-move,2026-05-15,purchase,converted,ord-00055,var-sock-coral-l
lead-00056,cust-0056,session-00056,Paid Social,camp-move,2026-07-25,purchase,converted,ord-00056,var-sock-lilac-m
lead-00057,cust-0057,session-00057,Instagram,camp-studio,2026-06-08,purchase,converted,ord-00057,var-sock-coral-s
lead-00058,cust-0058,session-00058,Instagram,camp-studio,2026-05-27,purchase,converted,ord-00058,var-sock-rose-s
lead-00059,cust-0059,session-00059,Instagram,camp-studio,2026-04-06,purchase,converted,ord-00059,var-short-coral-m
lead-00060,cust-0060,session-00060,Organic,organic,2026-07-01,purchase,converted,ord-00060,var-top-sand-l
lead-00061,cust-0061,session-00061,Instagram,camp-studio,2026-05-13,purchase,converted,ord-00061,var-legging-olive-l
lead-00062,cust-0062,session-00062,Paid Social,camp-move,2026-08-09,purchase,converted,ord-00062,var-sock-black-l
lead-00063,cust-0063,session-00063,Organic,organic,2026-08-04,purchase,converted,ord-00063,var-sock-ivory-s
lead-00064,cust-0064,session-00064,Organic,organic,2026-03-26,purchase,converted,ord-00064,var-sock-ivory-m
lead-00065,cust-0065,session-00065,Organic,organic,2026-07-31,purchase,converted,ord-00065,var-legging-olive-m
lead-00066,cust-0066,session-00066,Instagram,camp-studio,2026-05-15,purchase,converted,ord-00066,var-legging-navy-l
lead-00067,cust-0067,session-00067,Organic,organic,2026-09-17,purchase,converted,ord-00067,var-sock-sage-s
lead-00068,cust-0068,session-00068,Instagram,camp-studio,2026-05-27,purchase,converted,ord-00068,var-top-black-s
lead-00069,cust-0069,session-00069,Paid Social,camp-move,2026-08-25,purchase,converted,ord-00069,var-short-navy-l
lead-00070,cust-0070,session-00070,Organic,organic,2026-09-05,purchase,converted,ord-00070,var-sock-sage-l
lead-00071,cust-0071,session-00071,Instagram,camp-studio,2026-01-16,purchase,converted,ord-00071,var-short-navy-l
lead-00072,cust-0072,session-00072,Organic,organic,2026-05-26,purchase,converted,ord-00072,var-sock-black-l
lead-00073,cust-0073,session-00073,Organic,organic,2026-01-15,purchase,converted,ord-00073,var-short-navy-m
lead-00074,cust-0074,session-00074,Instagram,camp-studio,2026-04-12,purchase,converted,ord-00074,var-legging-olive-l
lead-00075,cust-0075,session-00075,Instagram,camp-studio,2026-05-21,purchase,converted,ord-00075,var-legging-olive-m
lead-00076,cust-0076,session-00076,Organic,organic,2026-05-17,purchase,converted,ord-00076,var-sock-black-m
lead-00077,cust-0077,session-00077,Paid Social,camp-move,2026-05-12,purchase,converted,ord-00077,var-sock-ivory-m
lead-00078,cust-0078,session-00078,DM,camp-private,2026-05-30,purchase,converted,ord-00078,var-legging-olive-s
lead-00079,cust-0079,session-00079,Paid Social,camp-move,2026-08-13,browse,lost,,
lead-00080,cust-0080,session-00080,DM,camp-private,2026-08-15,purchase,converted,ord-00080,var-sock-rose-s
lead-00081,cust-0081,session-00081,Instagram,camp-studio,2026-07-24,purchase,converted,ord-00081,var-sock-rose-l
lead-00082,cust-0082,session-00082,DM,camp-private,2026-03-30,purchase,converted,ord-00082,var-top-rose-m
lead-00083,cust-0083,session-00083,Paid Social,camp-move,2026-05-11,purchase,converted,ord-00083,var-short-coral-s
lead-00084,cust-0084,session-00084,Paid Social,camp-move,2026-04-15,purchase,converted,ord-00084,var-sock-ivory-m
lead-00085,cust-0085,session-00085,Organic,organic,2026-08-31,purchase,converted,ord-00085,var-sock-ivory-s
lead-00086,cust-0086,session-00086,DM,camp-private,2026-07-01,purchase,converted,ord-00086,var-sock-lilac-l
lead-00087,cust-0087,session-00087,Instagram,camp-studio,2026-09-16,purchase,converted,ord-00087,var-short-navy-m
lead-00088,cust-0088,session-00088,Paid Social,camp-move,2026-09-06,purchase,converted,ord-00088,var-sock-black-m
lead-00089,cust-0089,session-00089,Instagram,camp-studio,2026-08-19,purchase,converted,ord-00089,var-sock-ivory-s
lead-00090,cust-0090,session-00090,Instagram,camp-studio,2026-03-29,purchase,converted,ord-00090,var-short-navy-s
lead-00091,cust-0091,session-00091,Paid Social,camp-move,2026-08-17,purchase,converted,ord-00091,var-sock-sage-s
lead-00092,cust-0092,session-00092,Instagram,camp-studio,2026-08-13,purchase,converted,ord-00092,var-sock-lilac-s
lead-00093,cust-0093,session-00093,DM,camp-private,2026-07-09,purchase,converted,ord-00093,var-legging-black-m
lead-00094,cust-0094,session-00094,Instagram,camp-studio,2026-06-22,purchase,converted,ord-00094,var-sock-sage-s
lead-00095,cust-0095,session-00095,Instagram,camp-studio,2026-07-25,purchase,converted,ord-00095,var-top-black-s
lead-00096,cust-0096,session-00096,DM,camp-private,2026-06-03,purchase,converted,ord-00096,var-sock-coral-l
lead-00097,cust-0097,session-00097,Paid Social,camp-move,2026-05-16,purchase,converted,ord-00097,var-sock-black-l
lead-00098,cust-0098,session-00098,Paid Social,camp-move,2026-07-12,purchase,converted,ord-00098,var-sock-sage-m
lead-00099,cust-0099,session-00099,Paid Social,camp-move,2026-02-07,purchase,converted,ord-00099,var-sock-lilac-s
lead-00100,cust-0100,session-00100,Instagram,camp-studio,2026-08-15,purchase,converted,ord-00100,var-sock-sage-l
lead-00101,cust-0101,session-00101,Organic,organic,2026-09-09,purchase,converted,ord-00101,var-sock-ivory-m
lead-00102,cust-0102,session-00102,Organic,organic,2026-07-07,purchase,converted,ord-00102,var-legging-navy-m
lead-00103,cust-0103,session-00103,DM,camp-private,2026-05-06,purchase,converted,ord-00103,var-sock-black-l
lead-00104,cust-0104,session-00104,Paid Social,camp-move,2026-09-07,purchase,converted,ord-00104,var-short-black-l
lead-00105,cust-0105,session-00105,Paid Social,camp-move,2026-05-23,browse,lost,,
lead-00106,cust-0106,session-00106,Paid Social,camp-move,2025-11-04,purchase,converted,ord-00106,var-top-rose-m
lead-00107,cust-0107,session-00107,Paid Social,camp-move,2026-03-27,purchase,converted,ord-00107,var-legging-black-m
lead-00108,cust-0108,session-00108,Instagram,camp-studio,2025-10-25,purchase,converted,ord-00108,var-short-coral-s
lead-00109,cust-0109,session-00109,DM,camp-private,2026-08-23,purchase,converted,ord-00109,var-sock-sage-m
lead-00110,cust-0110,session-00110,DM,camp-private,2026-04-15,purchase,converted,ord-00110,var-sock-rose-s
lead-00111,cust-0111,session-00111,Organic,organic,2026-02-20,purchase,converted,ord-00111,var-short-black-m
lead-00112,cust-0112,session-00112,Instagram,camp-studio,2025-12-09,purchase,converted,ord-00112,var-legging-navy-l
lead-00113,cust-0113,session-00113,Paid Social,camp-move,2026-04-20,purchase,converted,ord-00113,var-short-navy-s
lead-00114,cust-0114,session-00114,Paid Social,camp-move,2026-07-09,purchase,converted,ord-00114,var-sock-lilac-l
lead-00115,cust-0115,session-00115,Paid Social,camp-move,2026-04-05,purchase,converted,ord-00115,var-legging-navy-m
lead-00116,cust-0116,session-00116,Organic,organic,2026-05-26,purchase,converted,ord-00116,var-sock-ivory-s
lead-00117,cust-0117,session-00117,Instagram,camp-studio,2026-08-23,purchase,converted,ord-00117,var-sock-rose-m
lead-00118,cust-0118,session-00118,Instagram,camp-studio,2026-06-04,browse,lost,,
lead-00119,cust-0119,session-00119,DM,camp-private,2026-05-21,purchase,converted,ord-00119,var-sock-black-l
lead-00120,cust-0120,session-00120,Paid Social,camp-move,2026-08-17,purchase,converted,ord-00120,var-sock-sage-s
lead-00121,cust-0121,session-00121,DM,camp-private,2026-05-14,purchase,converted,ord-00121,var-sock-sage-l
lead-00122,cust-0122,session-00122,Organic,organic,2025-12-04,purchase,converted,ord-00122,var-sock-lilac-s
lead-00123,cust-0123,session-00123,DM,camp-private,2026-08-24,purchase,converted,ord-00123,var-sock-black-m
lead-00124,cust-0124,session-00124,Instagram,camp-studio,2026-08-17,purchase,converted,ord-00124,var-short-black-l
lead-00125,cust-0125,session-00125,DM,camp-private,2026-01-26,purchase,converted,ord-00125,var-sock-rose-s
lead-00126,cust-0126,session-00126,Organic,organic,2026-07-06,purchase,converted,ord-00126,var-sock-sage-m
lead-00127,cust-0127,session-00127,Paid Social,camp-move,2026-06-24,purchase,converted,ord-00127,var-sock-ivory-l
lead-00128,cust-0128,session-00128,Organic,organic,2026-03-29,purchase,converted,ord-00128,var-sock-ivory-l
lead-00129,cust-0129,session-00129,Instagram,camp-studio,2026-07-18,purchase,converted,ord-00129,var-top-sand-m
lead-00130,cust-0130,session-00130,DM,camp-private,2026-04-29,purchase,converted,ord-00130,var-top-black-l
lead-00131,cust-0131,session-00131,Organic,organic,2026-09-04,purchase,converted,ord-00131,var-top-black-l
lead-00132,cust-0132,session-00132,Paid Social,camp-move,2026-04-14,purchase,converted,ord-00132,var-sock-lilac-s
lead-00133,cust-0133,session-00133,Organic,organic,2026-03-26,purchase,converted,ord-00133,var-sock-coral-l
lead-00134,cust-0134,session-00134,DM,camp-private,2026-02-02,purchase,converted,ord-00134,var-legging-olive-s
lead-00135,cust-0135,session-00135,Paid Social,camp-move,2025-12-01,purchase,converted,ord-00135,var-sock-sage-m
lead-00136,cust-0136,session-00136,Paid Social,camp-move,2026-06-09,purchase,converted,ord-00136,var-short-coral-m
lead-00137,cust-0137,session-00137,Paid Social,camp-move,2026-06-01,purchase,converted,ord-00137,var-sock-coral-s
lead-00138,cust-0138,session-00138,Paid Social,camp-move,2026-05-25,purchase,converted,ord-00138,var-sock-sage-m
lead-00139,cust-0139,session-00139,DM,camp-private,2026-05-18,purchase,converted,ord-00139,var-sock-coral-m
lead-00140,cust-0140,session-00140,Instagram,camp-studio,2026-06-14,purchase,converted,ord-00140,var-sock-coral-m
lead-00141,cust-0141,session-00141,Instagram,camp-studio,2026-01-28,browse,lost,,
lead-00142,cust-0142,session-00142,DM,camp-private,2026-08-25,purchase,converted,ord-00142,var-legging-black-m
lead-00143,cust-0143,session-00143,Organic,organic,2026-01-07,purchase,converted,ord-00143,var-top-black-s
lead-00144,cust-0144,session-00144,Instagram,camp-studio,2026-09-05,purchase,converted,ord-00144,var-sock-black-m
lead-00145,cust-0145,session-00145,Organic,organic,2026-04-26,purchase,converted,ord-00145,var-sock-sage-l
lead-00146,cust-0146,session-00146,Instagram,camp-studio,2026-07-24,purchase,converted,ord-00146,var-sock-sage-s
lead-00147,cust-0147,session-00147,Instagram,camp-studio,2026-03-01,purchase,converted,ord-00147,var-sock-black-s
lead-00148,cust-0148,session-00148,Paid Social,camp-move,2026-06-07,purchase,converted,ord-00148,var-sock-coral-s
lead-00149,cust-0149,session-00149,Organic,organic,2026-04-05,purchase,converted,ord-00149,var-sock-sage-l
lead-00150,cust-0150,session-00150,DM,camp-private,2026-08-07,purchase,converted,ord-00150,var-top-black-m
lead-00151,cust-0151,session-00151,Instagram,camp-studio,2026-06-05,purchase,converted,ord-00151,var-sock-ivory-m
lead-00152,cust-0152,session-00152,Instagram,camp-studio,2026-06-19,purchase,converted,ord-00152,var-short-navy-l
lead-00153,cust-0153,session-00153,Instagram,camp-studio,2026-07-07,purchase,converted,ord-00153,var-top-sand-m
lead-00154,cust-0154,session-00154,Instagram,camp-studio,2026-07-02,purchase,converted,ord-00154,var-sock-rose-m
lead-00155,cust-0155,session-00155,Instagram,camp-studio,2026-01-24,purchase,converted,ord-00155,var-sock-sage-m
lead-00156,cust-0156,session-00156,Organic,organic,2026-09-05,purchase,converted,ord-00156,var-sock-rose-s
lead-00157,cust-0157,session-00157,Paid Social,camp-move,2025-12-19,purchase,converted,ord-00157,var-short-coral-s
lead-00158,cust-0158,session-00158,DM,camp-private,2026-09-06,purchase,converted,ord-00158,var-sock-sage-s
lead-00159,cust-0159,session-00159,Organic,organic,2026-07-05,purchase,converted,ord-00159,var-sock-coral-l
lead-00160,cust-0160,session-00160,Organic,organic,2026-02-16,purchase,converted,ord-00160,var-legging-olive-s
lead-00161,cust-0161,session-00161,Organic,organic,2026-08-16,purchase,converted,ord-00161,var-short-black-s
lead-00162,cust-0162,session-00162,Instagram,camp-studio,2026-03-15,purchase,converted,ord-00162,var-legging-black-s
lead-00163,cust-0163,session-00163,Instagram,camp-studio,2026-02-16,purchase,converted,ord-00163,var-sock-rose-m
lead-00164,cust-0164,session-00164,Organic,organic,2026-02-19,purchase,converted,ord-00164,var-sock-lilac-s
lead-00165,cust-0165,session-00165,Organic,organic,2026-05-02,purchase,converted,ord-00165,var-sock-lilac-l
lead-00166,cust-0166,session-00166,Organic,organic,2026-06-01,purchase,converted,ord-00166,var-top-black-m
lead-00167,cust-0167,session-00167,Organic,organic,2026-05-12,purchase,converted,ord-00167,var-top-sand-s
lead-00168,cust-0168,session-00168,Instagram,camp-studio,2026-05-24,purchase,converted,ord-00168,var-sock-rose-l
lead-00169,cust-0169,session-00169,Instagram,camp-studio,2026-09-11,purchase,converted,ord-00169,var-sock-coral-m
lead-00170,cust-0170,session-00170,Instagram,camp-studio,2026-09-10,purchase,converted,ord-00170,var-legging-olive-m
lead-00171,cust-0171,session-00171,Organic,organic,2026-05-21,purchase,converted,ord-00171,var-short-coral-s
lead-00172,cust-0172,session-00172,Instagram,camp-studio,2026-06-08,purchase,converted,ord-00172,var-sock-ivory-s
lead-00173,cust-0173,session-00173,Paid Social,camp-move,2025-11-15,purchase,converted,ord-00173,var-sock-sage-s
lead-00174,cust-0174,session-00174,Organic,organic,2026-08-08,purchase,converted,ord-00174,var-sock-sage-l
lead-00175,cust-0175,session-00175,Organic,organic,2026-02-21,purchase,converted,ord-00175,var-sock-ivory-m
lead-00176,cust-0176,session-00176,Paid Social,camp-move,2026-08-15,purchase,converted,ord-00176,var-sock-coral-l
lead-00177,cust-0177,session-00177,DM,camp-private,2026-06-08,purchase,converted,ord-00177,var-top-sand-l
lead-00178,cust-0178,session-00178,Paid Social,camp-move,2026-07-30,purchase,converted,ord-00178,var-sock-rose-l
lead-00179,cust-0179,session-00179,DM,camp-private,2026-04-24,purchase,converted,ord-00179,var-sock-black-l
lead-00180,cust-0180,session-00180,DM,camp-private,2026-05-08,purchase,converted,ord-00180,var-top-sand-s
lead-00181,cust-0181,session-00181,Instagram,camp-studio,2026-04-01,purchase,converted,ord-00181,var-sock-sage-m
lead-00182,cust-0182,session-00182,Organic,organic,2025-12-13,purchase,converted,ord-00182,var-sock-ivory-l
lead-00183,cust-0183,session-00183,Paid Social,camp-move,2026-08-31,purchase,converted,ord-00183,var-sock-ivory-l
lead-00184,cust-0184,session-00184,Organic,organic,2026-06-20,purchase,converted,ord-00184,var-sock-rose-m
lead-00185,cust-0185,session-00185,Instagram,camp-studio,2026-08-19,purchase,converted,ord-00185,var-legging-olive-s
lead-00186,cust-0186,session-00186,Organic,organic,2026-07-25,purchase,converted,ord-00186,var-top-black-m
lead-00187,cust-0187,session-00187,Instagram,camp-studio,2026-03-06,purchase,converted,ord-00187,var-legging-olive-m
lead-00188,cust-0188,session-00188,Paid Social,camp-move,2026-05-30,purchase,converted,ord-00188,var-sock-coral-l
lead-00189,cust-0189,session-00189,Organic,organic,2026-03-04,purchase,converted,ord-00189,var-short-coral-l
lead-00190,cust-0190,session-00190,Instagram,camp-studio,2026-03-09,purchase,converted,ord-00190,var-short-coral-s
lead-00191,cust-0191,session-00191,Organic,organic,2026-05-30,purchase,converted,ord-00191,var-sock-sage-l
lead-00192,cust-0192,session-00192,Paid Social,camp-move,2026-06-28,purchase,converted,ord-00192,var-legging-black-m
lead-00193,cust-0193,session-00193,Organic,organic,2026-01-22,purchase,converted,ord-00193,var-sock-rose-m
lead-00194,cust-0194,session-00194,Instagram,camp-studio,2025-10-21,purchase,converted,ord-00194,var-short-black-m
lead-00195,cust-0195,session-00195,Instagram,camp-studio,2026-01-23,purchase,converted,ord-00195,var-top-rose-l
lead-00196,cust-0196,session-00196,Instagram,camp-studio,2026-07-09,purchase,converted,ord-00196,var-legging-olive-l
lead-00197,cust-0197,session-00197,Organic,organic,2026-01-24,purchase,converted,ord-00197,var-short-navy-s
lead-00198,cust-0198,session-00198,Paid Social,camp-move,2026-04-04,purchase,converted,ord-00198,var-sock-lilac-m
lead-00199,cust-0199,session-00199,Organic,organic,2026-07-08,browse,lost,,
lead-00200,cust-0200,session-00200,Organic,organic,2026-09-11,purchase,converted,ord-00200,var-legging-olive-l
lead-00201,cust-0201,session-00201,Instagram,camp-studio,2026-06-21,purchase,converted,ord-00201,var-sock-ivory-m
lead-00202,cust-0202,session-00202,Organic,organic,2026-07-09,purchase,converted,ord-00202,var-short-navy-m
lead-00203,cust-0203,session-00203,Organic,organic,2026-01-18,purchase,converted,ord-00203,var-sock-rose-l
lead-00204,cust-0204,session-00204,Paid Social,camp-move,2026-08-25,purchase,converted,ord-00204,var-legging-black-l
lead-00205,cust-0205,session-00205,DM,camp-private,2026-05-23,purchase,converted,ord-00205,var-legging-navy-m
lead-00206,cust-0206,session-00206,Paid Social,camp-move,2026-06-30,purchase,converted,ord-00206,var-sock-coral-l
lead-00207,cust-0207,session-00207,Organic,organic,2026-04-08,purchase,converted,ord-00207,var-legging-olive-m
lead-00208,cust-0208,session-00208,Paid Social,camp-move,2026-09-07,purchase,converted,ord-00208,var-sock-ivory-l
lead-00209,cust-0209,session-00209,DM,camp-private,2026-06-19,purchase,converted,ord-00209,var-sock-black-s
lead-00210,cust-0210,session-00210,Paid Social,camp-move,2026-08-05,purchase,converted,ord-00210,var-sock-ivory-m
lead-00211,cust-0211,session-00211,Instagram,camp-studio,2026-09-12,purchase,converted,ord-00211,var-sock-coral-s
lead-00212,cust-0212,session-00212,Paid Social,camp-move,2026-03-07,purchase,converted,ord-00212,var-sock-rose-s
lead-00213,cust-0213,session-00213,Organic,organic,2026-06-25,purchase,converted,ord-00213,var-sock-lilac-m
lead-00214,cust-0214,session-00214,Instagram,camp-studio,2026-09-10,purchase,converted,ord-00214,var-legging-black-l
lead-00215,cust-0215,session-00215,DM,camp-private,2026-05-25,purchase,converted,ord-00215,var-top-black-l
lead-00216,cust-0216,session-00216,DM,camp-private,2026-06-23,purchase,converted,ord-00216,var-sock-sage-l
lead-00217,cust-0217,session-00217,Instagram,camp-studio,2026-04-30,purchase,converted,ord-00217,var-sock-rose-m
lead-00218,cust-0218,session-00218,Organic,organic,2026-08-31,purchase,converted,ord-00218,var-sock-ivory-s
lead-00219,cust-0219,session-00219,Instagram,camp-studio,2026-08-20,purchase,converted,ord-00219,var-sock-ivory-s
lead-00220,cust-0220,session-00220,Instagram,camp-studio,2026-05-11,purchase,converted,ord-00220,var-sock-ivory-s
lead-00221,cust-0221,session-00221,Instagram,camp-studio,2026-07-01,purchase,converted,ord-00221,var-sock-ivory-l
lead-00222,cust-0222,session-00222,Paid Social,camp-move,2026-06-13,purchase,converted,ord-00222,var-sock-black-l
lead-00223,cust-0223,session-00223,Organic,organic,2026-06-19,purchase,converted,ord-00223,var-top-black-l
lead-00224,cust-0224,session-00224,Instagram,camp-studio,2026-08-04,purchase,converted,ord-00224,var-short-black-s
lead-00225,cust-0225,session-00225,Instagram,camp-studio,2026-03-01,purchase,converted,ord-00225,var-sock-lilac-s
lead-00226,cust-0226,session-00226,DM,camp-private,2026-06-24,purchase,converted,ord-00226,var-sock-coral-s
lead-00227,cust-0227,session-00227,Organic,organic,2026-03-02,purchase,converted,ord-00227,var-sock-rose-s
lead-00228,cust-0228,session-00228,DM,camp-private,2026-06-07,purchase,converted,ord-00228,var-top-rose-s
lead-00229,cust-0229,session-00229,Paid Social,camp-move,2026-01-15,purchase,converted,ord-00229,var-top-rose-s
lead-00230,cust-0230,session-00230,Instagram,camp-studio,2026-07-20,purchase,converted,ord-00230,var-sock-black-m
lead-00231,cust-0231,session-00231,Organic,organic,2026-07-02,purchase,converted,ord-00231,var-top-sand-l
lead-00232,cust-0232,session-00232,DM,camp-private,2026-07-20,purchase,converted,ord-00232,var-sock-ivory-m
lead-00233,cust-0233,session-00233,Paid Social,camp-move,2026-07-20,purchase,converted,ord-00233,var-top-black-s
lead-00234,cust-0234,session-00234,Organic,organic,2026-04-20,browse,lost,,
lead-00235,cust-0235,session-00235,Organic,organic,2026-03-05,purchase,converted,ord-00235,var-sock-rose-l
lead-00236,cust-0236,session-00236,Instagram,camp-studio,2026-05-11,purchase,converted,ord-00236,var-sock-rose-l
lead-00237,cust-0237,session-00237,Paid Social,camp-move,2026-09-19,purchase,converted,ord-00237,var-sock-black-l
lead-00238,cust-0238,session-00238,Paid Social,camp-move,2026-08-11,browse,lost,,
lead-00239,cust-0239,session-00239,Instagram,camp-studio,2026-07-14,purchase,converted,ord-00239,var-short-navy-s
lead-00240,cust-0240,session-00240,Instagram,camp-studio,2026-04-29,purchase,converted,ord-00240,var-legging-navy-l
lead-00241,cust-0241,session-00241,Instagram,camp-studio,2026-08-20,purchase,converted,ord-00241,var-top-sand-m
lead-00242,cust-0242,session-00242,Instagram,camp-studio,2025-11-09,purchase,converted,ord-00242,var-sock-lilac-l
lead-00243,cust-0243,session-00243,Organic,organic,2026-03-16,browse,lost,,
lead-00244,cust-0244,session-00244,Instagram,camp-studio,2025-11-13,purchase,converted,ord-00244,var-short-navy-s
lead-00245,cust-0245,session-00245,DM,camp-private,2026-07-31,purchase,converted,ord-00245,var-sock-lilac-m
lead-00246,cust-0246,session-00246,Instagram,camp-studio,2026-01-21,purchase,converted,ord-00246,var-sock-lilac-m
lead-00247,cust-0247,session-00247,Instagram,camp-studio,2026-02-11,purchase,converted,ord-00247,var-short-coral-s
lead-00248,cust-0248,session-00248,Paid Social,camp-move,2026-08-30,purchase,converted,ord-00248,var-sock-rose-m
lead-00249,cust-0249,session-00249,Organic,organic,2026-05-28,purchase,converted,ord-00249,var-short-black-s
lead-00250,cust-0250,session-00250,Instagram,camp-studio,2026-01-09,purchase,converted,ord-00250,var-short-navy-m
lead-00251,cust-0251,session-00251,Instagram,camp-studio,2026-06-25,purchase,converted,ord-00251,var-sock-coral-m
lead-00252,cust-0252,session-00252,DM,camp-private,2026-08-20,purchase,converted,ord-00252,var-legging-black-m
lead-00253,cust-0253,session-00253,Instagram,camp-studio,2026-07-11,purchase,converted,ord-00253,var-short-coral-l
lead-00254,cust-0254,session-00254,Paid Social,camp-move,2026-07-14,purchase,converted,ord-00254,var-sock-ivory-m
lead-00255,cust-0255,session-00255,DM,camp-private,2026-05-22,purchase,converted,ord-00255,var-sock-coral-m
lead-00256,cust-0256,session-00256,Paid Social,camp-move,2026-06-10,purchase,converted,ord-00256,var-sock-ivory-s
lead-00257,cust-0257,session-00257,Organic,organic,2026-05-22,purchase,converted,ord-00257,var-short-coral-l
lead-00258,cust-0258,session-00258,Instagram,camp-studio,2026-04-18,purchase,converted,ord-00258,var-short-black-s
lead-00259,cust-0259,session-00259,Organic,organic,2026-06-13,browse,lost,,
lead-00260,cust-0260,session-00260,Organic,organic,2026-07-07,purchase,converted,ord-00260,var-sock-coral-s
lead-00261,cust-0261,session-00261,Instagram,camp-studio,2026-04-19,purchase,converted,ord-00261,var-sock-lilac-s
lead-00262,cust-0262,session-00262,Instagram,camp-studio,2026-08-25,browse,lost,,
lead-00263,cust-0263,session-00263,Paid Social,camp-move,2026-04-30,purchase,converted,ord-00263,var-sock-lilac-s
lead-00264,cust-0264,session-00264,Paid Social,camp-move,2026-03-22,browse,lost,,
lead-00265,cust-0265,session-00265,Organic,organic,2026-04-26,purchase,converted,ord-00265,var-sock-lilac-l
lead-00266,cust-0266,session-00266,Organic,organic,2026-04-20,purchase,converted,ord-00266,var-legging-black-m
lead-00267,cust-0267,session-00267,Instagram,camp-studio,2026-05-19,purchase,converted,ord-00267,var-sock-black-m
lead-00268,cust-0268,session-00268,Instagram,camp-studio,2025-12-20,purchase,converted,ord-00268,var-sock-ivory-s
lead-00269,cust-0269,session-00269,Instagram,camp-studio,2026-09-01,purchase,converted,ord-00269,var-top-black-l
lead-00270,cust-0270,session-00270,Instagram,camp-studio,2026-08-22,purchase,converted,ord-00270,var-sock-sage-m
lead-00271,cust-0271,session-00271,Instagram,camp-studio,2026-08-18,purchase,converted,ord-00271,var-top-rose-s
lead-00272,cust-0272,session-00272,Instagram,camp-studio,2026-04-28,purchase,converted,ord-00272,var-sock-ivory-m
lead-00273,cust-0273,session-00273,Paid Social,camp-move,2026-06-30,purchase,converted,ord-00273,var-sock-coral-m
lead-00274,cust-0274,session-00274,Instagram,camp-studio,2026-05-28,purchase,converted,ord-00274,var-sock-sage-m
lead-00275,cust-0275,session-00275,Paid Social,camp-move,2026-05-21,purchase,converted,ord-00275,var-legging-navy-s
lead-00276,cust-0276,session-00276,Paid Social,camp-move,2026-02-05,purchase,converted,ord-00276,var-legging-olive-m
lead-00277,cust-0277,session-00277,Instagram,camp-studio,2026-04-08,purchase,converted,ord-00277,var-sock-sage-m
lead-00278,cust-0278,session-00278,Instagram,camp-studio,2026-07-21,purchase,converted,ord-00278,var-sock-rose-s
lead-00279,cust-0279,session-00279,Paid Social,camp-move,2025-12-28,purchase,converted,ord-00279,var-sock-coral-s
lead-00280,cust-0280,session-00280,Instagram,camp-studio,2026-08-02,purchase,converted,ord-00280,var-top-black-m
lead-00281,cust-0281,session-00281,DM,camp-private,2026-07-19,purchase,converted,ord-00281,var-legging-black-l
lead-00282,cust-0282,session-00282,Paid Social,camp-move,2026-08-27,purchase,converted,ord-00282,var-short-coral-l
lead-00283,cust-0283,session-00283,DM,camp-private,2026-07-06,purchase,converted,ord-00283,var-sock-ivory-l
lead-00284,cust-0284,session-00284,Instagram,camp-studio,2026-09-09,purchase,converted,ord-00284,var-top-sand-s
lead-00285,cust-0285,session-00285,Instagram,camp-studio,2026-07-27,purchase,converted,ord-00285,var-legging-navy-s
lead-00286,cust-0286,session-00286,Instagram,camp-studio,2026-05-16,browse,lost,,
lead-00287,cust-0287,session-00287,Instagram,camp-studio,2026-01-27,purchase,converted,ord-00287,var-legging-black-m
lead-00288,cust-0288,session-00288,Organic,organic,2026-04-24,purchase,converted,ord-00288,var-sock-coral-l
lead-00289,cust-0289,session-00289,Organic,organic,2026-05-25,purchase,converted,ord-00289,var-sock-black-m
lead-00290,cust-0290,session-00290,Instagram,camp-studio,2026-06-30,purchase,converted,ord-00290,var-top-rose-s
lead-00291,cust-0291,session-00291,Paid Social,camp-move,2025-12-28,purchase,converted,ord-00291,var-sock-ivory-s
lead-00292,cust-0292,session-00292,Organic,organic,2026-06-30,purchase,converted,ord-00292,var-sock-coral-s
lead-00293,cust-0293,session-00293,Instagram,camp-studio,2026-08-21,purchase,converted,ord-00293,var-sock-coral-l
lead-00294,cust-0294,session-00294,Paid Social,camp-move,2026-06-25,purchase,converted,ord-00294,var-sock-rose-l
lead-00295,cust-0295,session-00295,DM,camp-private,2026-09-13,purchase,converted,ord-00295,var-sock-rose-m
lead-00296,cust-0296,session-00296,Organic,organic,2026-04-08,purchase,converted,ord-00296,var-sock-sage-s
lead-00297,cust-0297,session-00297,Paid Social,camp-move,2026-01-21,purchase,converted,ord-00297,var-short-black-m
lead-00298,cust-0298,session-00298,Instagram,camp-studio,2026-05-09,browse,lost,,
lead-00299,cust-0299,session-00299,Paid Social,camp-move,2026-09-06,browse,lost,,
lead-00300,cust-0300,session-00300,Instagram,camp-studio,2026-05-28,purchase,converted,ord-00300,var-sock-black-s
lead-00301,cust-0301,session-00301,Organic,organic,2026-06-16,purchase,converted,ord-00301,var-short-navy-s
lead-00302,cust-0302,session-00302,Organic,organic,2026-03-17,purchase,converted,ord-00302,var-sock-ivory-l
lead-00303,cust-0303,session-00303,DM,camp-private,2026-08-04,purchase,converted,ord-00303,var-top-black-m
lead-00304,cust-0304,session-00304,Instagram,camp-studio,2026-02-24,purchase,converted,ord-00304,var-legging-olive-m
lead-00305,cust-0305,session-00305,Organic,organic,2026-05-06,purchase,converted,ord-00305,var-sock-lilac-l
lead-00306,cust-0306,session-00306,DM,camp-private,2026-04-18,purchase,converted,ord-00306,var-top-rose-m
lead-00307,cust-0307,session-00307,Paid Social,camp-move,2026-09-20,purchase,converted,ord-00307,var-sock-black-s
lead-00308,cust-0308,session-00308,Organic,organic,2026-04-09,purchase,converted,ord-00308,var-sock-coral-s
lead-00309,cust-0309,session-00309,DM,camp-private,2026-05-22,purchase,converted,ord-00309,var-sock-black-l
lead-00310,cust-0310,session-00310,Instagram,camp-studio,2026-05-12,purchase,converted,ord-00310,var-short-coral-s
lead-00311,cust-0311,session-00311,Paid Social,camp-move,2026-04-19,purchase,converted,ord-00311,var-top-rose-s
lead-00312,cust-0312,session-00312,Organic,organic,2026-07-26,purchase,converted,ord-00312,var-legging-olive-l
lead-00313,cust-0313,session-00313,Paid Social,camp-move,2026-09-13,purchase,converted,ord-00313,var-top-sand-s
lead-00314,cust-0314,session-00314,Organic,organic,2026-07-03,browse,lost,,
lead-00315,cust-0315,session-00315,Instagram,camp-studio,2026-08-26,browse,lost,,
lead-00316,cust-0316,session-00316,Instagram,camp-studio,2026-08-21,purchase,converted,ord-00316,var-short-navy-m
lead-00317,cust-0317,session-00317,DM,camp-private,2026-03-04,purchase,converted,ord-00317,var-legging-olive-l
lead-00318,cust-0318,session-00318,DM,camp-private,2025-12-28,browse,lost,,
lead-00319,cust-0319,session-00319,Organic,organic,2026-05-23,purchase,converted,ord-00319,var-short-navy-l
lead-00320,cust-0320,session-00320,Instagram,camp-studio,2026-01-11,purchase,converted,ord-00320,var-sock-ivory-l
lead-00321,cust-0321,session-00321,Instagram,camp-studio,2026-08-23,purchase,converted,ord-00321,var-top-black-l
lead-00322,cust-0322,session-00322,Organic,organic,2026-07-15,purchase,converted,ord-00322,var-sock-ivory-s
lead-00323,cust-0323,session-00323,Paid Social,camp-move,2026-06-26,purchase,converted,ord-00323,var-top-black-m
lead-00324,cust-0324,session-00324,Organic,organic,2025-12-23,purchase,converted,ord-00324,var-sock-lilac-l
lead-00325,cust-0325,session-00325,Paid Social,camp-move,2026-08-12,purchase,converted,ord-00325,var-sock-rose-s
lead-00326,cust-0326,session-00326,Instagram,camp-studio,2026-09-03,purchase,converted,ord-00326,var-top-black-s
lead-00327,cust-0327,session-00327,Instagram,camp-studio,2025-10-17,purchase,converted,ord-00327,var-legging-navy-m
lead-00328,cust-0328,session-00328,Instagram,camp-studio,2026-07-18,purchase,converted,ord-00328,var-sock-ivory-m
lead-00329,cust-0329,session-00329,Organic,organic,2026-08-21,purchase,converted,ord-00329,var-short-black-m
lead-00330,cust-0330,session-00330,Organic,organic,2026-08-22,purchase,converted,ord-00330,var-sock-coral-l
lead-00331,cust-0331,session-00331,DM,camp-private,2026-06-20,purchase,converted,ord-00331,var-top-rose-m
lead-00332,cust-0332,session-00332,Organic,organic,2026-01-02,purchase,converted,ord-00332,var-sock-lilac-m
lead-00333,cust-0333,session-00333,Paid Social,camp-move,2026-06-29,purchase,converted,ord-00333,var-sock-black-l
lead-00334,cust-0334,session-00334,DM,camp-private,2026-06-09,purchase,converted,ord-00334,var-sock-sage-s
lead-00335,cust-0335,session-00335,Organic,organic,2025-11-12,purchase,converted,ord-00335,var-sock-sage-m
lead-00336,cust-0336,session-00336,Organic,organic,2025-12-26,purchase,converted,ord-00336,var-sock-ivory-l
lead-00337,cust-0337,session-00337,Instagram,camp-studio,2026-03-16,purchase,converted,ord-00337,var-sock-coral-s
lead-00338,cust-0338,session-00338,Organic,organic,2026-07-23,purchase,converted,ord-00338,var-top-rose-s
lead-00339,cust-0339,session-00339,Organic,organic,2026-09-07,purchase,converted,ord-00339,var-sock-coral-s
lead-00340,cust-0340,session-00340,Instagram,camp-studio,2026-09-02,purchase,converted,ord-00340,var-top-rose-m
lead-00341,cust-0341,session-00341,DM,camp-private,2026-09-15,purchase,converted,ord-00341,var-short-black-l
lead-00342,cust-0342,session-00342,Instagram,camp-studio,2026-04-16,purchase,converted,ord-00342,var-sock-coral-m
lead-00343,cust-0343,session-00343,Paid Social,camp-move,2026-07-12,purchase,converted,ord-00343,var-sock-coral-s
lead-00344,cust-0344,session-00344,Paid Social,camp-move,2026-07-10,purchase,converted,ord-00344,var-short-black-m
lead-00345,cust-0345,session-00345,Paid Social,camp-move,2026-06-09,purchase,converted,ord-00345,var-sock-black-m
lead-00346,cust-0346,session-00346,Paid Social,camp-move,2026-07-15,purchase,converted,ord-00346,var-sock-lilac-l
lead-00347,cust-0347,session-00347,Instagram,camp-studio,2026-08-25,purchase,converted,ord-00347,var-sock-ivory-s
lead-00348,cust-0348,session-00348,Instagram,camp-studio,2026-06-01,purchase,converted,ord-00348,var-sock-rose-s
lead-00349,cust-0349,session-00349,Instagram,camp-studio,2026-08-05,purchase,converted,ord-00349,var-sock-lilac-m
lead-00350,cust-0350,session-00350,Paid Social,camp-move,2026-05-10,purchase,converted,ord-00350,var-sock-black-m
lead-00351,cust-0351,session-00351,Paid Social,camp-move,2026-07-18,purchase,converted,ord-00351,var-sock-ivory-m
lead-00352,cust-0352,session-00352,DM,camp-private,2026-08-24,purchase,converted,ord-00352,var-short-coral-m
lead-00353,cust-0353,session-00353,Paid Social,camp-move,2026-07-17,purchase,converted,ord-00353,var-sock-coral-l
lead-00354,cust-0354,session-00354,DM,camp-private,2026-07-08,purchase,converted,ord-00354,var-legging-navy-m
lead-00355,cust-0355,session-00355,Paid Social,camp-move,2026-06-16,purchase,converted,ord-00355,var-sock-sage-l
lead-00356,cust-0356,session-00356,Instagram,camp-studio,2026-06-22,purchase,converted,ord-00356,var-sock-black-s
lead-00357,cust-0357,session-00357,Instagram,camp-studio,2026-08-31,purchase,converted,ord-00357,var-legging-navy-m
lead-00358,cust-0358,session-00358,Instagram,camp-studio,2026-02-20,purchase,converted,ord-00358,var-sock-coral-l
lead-00359,cust-0359,session-00359,Paid Social,camp-move,2026-08-30,browse,lost,,
lead-00360,cust-0360,session-00360,Instagram,camp-studio,2026-03-01,purchase,converted,ord-00360,var-sock-rose-m
lead-00361,cust-0361,session-00361,Paid Social,camp-move,2026-08-19,purchase,converted,ord-00361,var-top-black-s
lead-00362,cust-0362,session-00362,Instagram,camp-studio,2026-09-06,browse,lost,,
lead-00363,cust-0363,session-00363,Instagram,camp-studio,2026-04-12,purchase,converted,ord-00363,var-sock-ivory-m
lead-00364,cust-0364,session-00364,Instagram,camp-studio,2026-08-26,purchase,converted,ord-00364,var-sock-sage-m
lead-00365,cust-0365,session-00365,Paid Social,camp-move,2026-08-31,purchase,converted,ord-00365,var-sock-lilac-s
lead-00366,cust-0366,session-00366,Instagram,camp-studio,2026-08-18,purchase,converted,ord-00366,var-short-navy-l
lead-00367,cust-0367,session-00367,Instagram,camp-studio,2026-08-30,purchase,converted,ord-00367,var-top-black-m
lead-00368,cust-0368,session-00368,Paid Social,camp-move,2026-05-14,purchase,converted,ord-00368,var-sock-sage-l
lead-00369,cust-0369,session-00369,Instagram,camp-studio,2026-03-02,purchase,converted,ord-00369,var-top-rose-l
lead-00370,cust-0370,session-00370,Instagram,camp-studio,2025-11-14,purchase,converted,ord-00370,var-top-sand-m
lead-00371,cust-0371,session-00371,DM,camp-private,2025-10-28,purchase,converted,ord-00371,var-sock-black-l
lead-00372,cust-0372,session-00372,Paid Social,camp-move,2026-05-14,purchase,converted,ord-00372,var-sock-lilac-l
lead-00373,cust-0373,session-00373,Instagram,camp-studio,2026-08-06,purchase,converted,ord-00373,var-short-black-m
lead-00374,cust-0374,session-00374,Instagram,camp-studio,2026-07-18,purchase,converted,ord-00374,var-sock-sage-s
lead-00375,cust-0375,session-00375,Instagram,camp-studio,2026-08-26,purchase,converted,ord-00375,var-sock-coral-l
lead-00376,cust-0376,session-00376,Paid Social,camp-move,2026-07-24,purchase,converted,ord-00376,var-short-coral-l
lead-00377,cust-0377,session-00377,DM,camp-private,2026-06-24,purchase,converted,ord-00377,var-legging-black-m
lead-00378,cust-0378,session-00378,Instagram,camp-studio,2026-01-09,purchase,converted,ord-00378,var-legging-olive-m
lead-00379,cust-0379,session-00379,DM,camp-private,2026-06-08,purchase,converted,ord-00379,var-sock-sage-m
lead-00380,cust-0380,session-00380,Instagram,camp-studio,2026-03-01,purchase,converted,ord-00380,var-sock-sage-m
lead-00381,cust-0381,session-00381,DM,camp-private,2025-12-20,purchase,converted,ord-00381,var-sock-coral-l
lead-00382,cust-0382,session-00382,Instagram,camp-studio,2026-08-08,purchase,converted,ord-00382,var-short-navy-l
lead-00383,cust-0383,session-00383,Instagram,camp-studio,2026-07-21,purchase,converted,ord-00383,var-top-rose-s
lead-00384,cust-0384,session-00384,Paid Social,camp-move,2026-03-28,purchase,converted,ord-00384,var-legging-navy-m
lead-00385,cust-0385,session-00385,Paid Social,camp-move,2026-03-30,purchase,converted,ord-00385,var-short-black-m
lead-00386,cust-0386,session-00386,Instagram,camp-studio,2026-06-12,purchase,converted,ord-00386,var-sock-sage-l
lead-00387,cust-0387,session-00387,Instagram,camp-studio,2026-05-29,purchase,converted,ord-00387,var-sock-sage-l
lead-00388,cust-0388,session-00388,Instagram,camp-studio,2026-05-04,browse,lost,,
lead-00389,cust-0389,session-00389,Paid Social,camp-move,2026-06-27,purchase,converted,ord-00389,var-sock-rose-m
lead-00390,cust-0390,session-00390,Paid Social,camp-move,2026-09-17,purchase,converted,ord-00390,var-sock-ivory-l
lead-00391,cust-0391,session-00391,Instagram,camp-studio,2026-08-17,purchase,converted,ord-00391,var-legging-navy-s
lead-00392,cust-0392,session-00392,Paid Social,camp-move,2026-08-01,purchase,converted,ord-00392,var-sock-ivory-l
lead-00393,cust-0393,session-00393,DM,camp-private,2026-08-22,purchase,converted,ord-00393,var-legging-black-l
lead-00394,cust-0394,session-00394,Organic,organic,2026-06-19,purchase,converted,ord-00394,var-short-navy-l
lead-00395,cust-0395,session-00395,Instagram,camp-studio,2026-06-10,purchase,converted,ord-00395,var-sock-black-l
lead-00396,cust-0396,session-00396,DM,camp-private,2026-08-29,purchase,converted,ord-00396,var-sock-black-m
lead-00397,cust-0397,session-00397,Instagram,camp-studio,2026-07-02,purchase,converted,ord-00397,var-sock-black-s
lead-00398,cust-0398,session-00398,Paid Social,camp-move,2026-06-16,purchase,converted,ord-00398,var-sock-coral-s
lead-00399,cust-0399,session-00399,Paid Social,camp-move,2026-09-13,purchase,converted,ord-00399,var-sock-black-l
lead-00400,cust-0400,session-00400,Paid Social,camp-move,2026-06-27,purchase,converted,ord-00400,var-sock-black-s
lead-00401,cust-0353,session-00401,Paid Social,camp-move,2026-07-17,purchase,converted,ord-00401,var-sock-coral-l
lead-00402,cust-0314,session-00402,Organic,organic,2026-07-03,purchase,converted,ord-00402,var-top-rose-s
lead-00403,cust-0397,session-00403,Paid Social,camp-move,2026-09-18,purchase,converted,ord-00403,var-short-coral-l
lead-00404,cust-0359,session-00404,Instagram,camp-studio,2026-08-30,purchase,converted,ord-00404,var-short-coral-s
lead-00405,cust-0200,session-00405,Instagram,camp-studio,2026-08-13,purchase,converted,ord-00405,var-legging-black-l
lead-00406,cust-0190,session-00406,DM,camp-private,2025-11-18,purchase,converted,ord-00406,var-sock-coral-m
lead-00407,cust-0306,session-00407,Organic,organic,2026-04-04,purchase,converted,ord-00407,var-sock-rose-s
lead-00408,cust-0266,session-00408,Instagram,camp-studio,2026-04-20,purchase,converted,ord-00408,var-short-black-m
lead-00409,cust-0185,session-00409,DM,camp-private,2026-01-22,browse,lost,,
lead-00410,cust-0287,session-00410,Instagram,camp-studio,2026-07-17,browse,lost,,
lead-00411,cust-0055,session-00411,Instagram,camp-studio,2026-07-05,purchase,converted,ord-00411,var-top-rose-l
lead-00412,cust-0227,session-00412,Paid Social,camp-move,2026-04-03,purchase,converted,ord-00412,var-top-sand-l
lead-00413,cust-0301,session-00413,Paid Social,camp-move,2026-05-26,purchase,converted,ord-00413,var-short-coral-s
lead-00414,cust-0162,session-00414,Organic,organic,2026-04-21,purchase,converted,ord-00414,var-sock-sage-s
lead-00415,cust-0384,session-00415,Instagram,camp-studio,2026-03-16,purchase,converted,ord-00415,var-sock-rose-l
lead-00416,cust-0350,session-00416,Paid Social,camp-move,2025-12-28,purchase,converted,ord-00416,var-sock-rose-s
lead-00417,cust-0183,session-00417,Organic,organic,2026-06-25,purchase,converted,ord-00417,var-short-black-m
lead-00418,cust-0278,session-00418,Organic,organic,2025-12-29,purchase,converted,ord-00418,var-short-black-s
lead-00419,cust-0392,session-00419,Instagram,camp-studio,2026-08-01,purchase,converted,ord-00419,var-top-rose-s
lead-00420,cust-0358,session-00420,Paid Social,camp-move,2026-06-14,purchase,converted,ord-00420,var-sock-ivory-s
lead-00421,cust-0138,session-00421,Organic,organic,2026-05-21,purchase,converted,ord-00421,var-sock-sage-l
lead-00422,cust-0144,session-00422,Instagram,camp-studio,2026-09-05,purchase,converted,ord-00422,var-short-navy-m
lead-00423,cust-0196,session-00423,Instagram,camp-studio,2026-07-09,browse,lost,,
lead-00424,cust-0162,session-00424,Instagram,camp-studio,2026-05-29,purchase,converted,ord-00424,var-legging-black-m
lead-00425,cust-0134,session-00425,Paid Social,camp-move,2026-03-25,purchase,converted,ord-00425,var-sock-sage-l
lead-00426,cust-0146,session-00426,Instagram,camp-studio,2026-07-24,purchase,converted,ord-00426,var-sock-sage-s
lead-00427,cust-0176,session-00427,Instagram,camp-studio,2026-08-15,purchase,converted,ord-00427,var-top-sand-s
lead-00428,cust-0400,session-00428,DM,camp-private,2026-03-26,purchase,converted,ord-00428,var-sock-black-s
lead-00429,cust-0108,session-00429,Paid Social,camp-move,2025-12-16,purchase,converted,ord-00429,var-sock-lilac-s
lead-00430,cust-0043,session-00430,Instagram,camp-studio,2025-12-10,purchase,converted,ord-00430,var-sock-sage-s
lead-00431,cust-0183,session-00431,Organic,organic,2026-06-25,purchase,converted,ord-00431,var-sock-coral-l
lead-00432,cust-0234,session-00432,DM,camp-private,2026-08-11,purchase,converted,ord-00432,var-top-rose-l
lead-00433,cust-0247,session-00433,Instagram,camp-studio,2026-06-25,purchase,converted,ord-00433,var-sock-sage-s
lead-00434,cust-0274,session-00434,DM,camp-private,2026-04-16,purchase,converted,ord-00434,var-short-navy-m
lead-00435,cust-0288,session-00435,Paid Social,camp-move,2026-05-03,purchase,converted,ord-00435,var-sock-black-l
lead-00436,cust-0265,session-00436,Organic,organic,2026-08-01,purchase,converted,ord-00436,var-short-navy-m
lead-00437,cust-0327,session-00437,DM,camp-private,2026-05-13,purchase,converted,ord-00437,var-sock-black-m
lead-00438,cust-0225,session-00438,Instagram,camp-studio,2026-01-26,purchase,converted,ord-00438,var-sock-coral-s
lead-00439,cust-0075,session-00439,Instagram,camp-studio,2025-11-12,purchase,converted,ord-00439,var-legging-olive-l
lead-00440,cust-0227,session-00440,DM,camp-private,2026-01-26,purchase,converted,ord-00440,var-sock-rose-s
lead-00441,cust-0160,session-00441,Instagram,camp-studio,2026-03-06,purchase,converted,ord-00441,var-sock-ivory-s
lead-00442,cust-0153,session-00442,Paid Social,camp-move,2026-01-28,purchase,converted,ord-00442,var-sock-lilac-m
lead-00443,cust-0142,session-00443,Instagram,camp-studio,2026-08-09,purchase,converted,ord-00443,var-sock-coral-s
lead-00444,cust-0183,session-00444,Instagram,camp-studio,2026-08-18,purchase,converted,ord-00444,var-sock-coral-l
lead-00445,cust-0353,session-00445,Instagram,camp-studio,2026-07-17,purchase,converted,ord-00445,var-sock-sage-s
lead-00446,cust-0098,session-00446,Instagram,camp-studio,2026-07-09,purchase,converted,ord-00446,var-top-rose-l
lead-00447,cust-0233,session-00447,Organic,organic,2026-07-20,purchase,converted,ord-00447,var-top-black-l
lead-00448,cust-0370,session-00448,DM,camp-private,2025-10-29,purchase,converted,ord-00448,var-short-navy-s
lead-00449,cust-0050,session-00449,DM,camp-private,2026-06-16,purchase,converted,ord-00449,var-sock-ivory-s
lead-00450,cust-0320,session-00450,DM,camp-private,2026-09-16,purchase,converted,ord-00450,var-sock-rose-s
lead-00451,cust-0041,session-00451,Organic,organic,2026-05-19,purchase,converted,ord-00451,var-legging-black-m
lead-00452,cust-0021,session-00452,Organic,organic,2025-11-08,purchase,converted,ord-00452,var-sock-rose-m
lead-00453,cust-0099,session-00453,DM,camp-private,2026-06-18,purchase,converted,ord-00453,var-sock-ivory-s
lead-00454,cust-0346,session-00454,DM,camp-private,2026-07-15,purchase,converted,ord-00454,var-sock-lilac-s
lead-00455,cust-0282,session-00455,Organic,organic,2026-03-07,purchase,converted,ord-00455,var-sock-rose-m
lead-00456,cust-0193,session-00456,Organic,organic,2026-06-30,purchase,converted,ord-00456,var-sock-black-m
lead-00457,cust-0266,session-00457,Organic,organic,2026-04-20,purchase,converted,ord-00457,var-sock-sage-m
lead-00458,cust-0354,session-00458,Organic,organic,2026-07-08,purchase,converted,ord-00458,var-sock-ivory-m
lead-00459,cust-0154,session-00459,Paid Social,camp-move,2026-07-02,purchase,converted,ord-00459,var-short-navy-m
lead-00460,cust-0354,session-00460,Paid Social,camp-move,2026-09-16,purchase,converted,ord-00460,var-sock-lilac-s
lead-00461,cust-0309,session-00461,DM,camp-private,2026-02-04,purchase,converted,ord-00461,var-sock-coral-l
lead-00462,cust-0375,session-00462,Organic,organic,2026-04-11,purchase,converted,ord-00462,var-sock-lilac-m
lead-00463,cust-0076,session-00463,Instagram,camp-studio,2026-04-04,purchase,converted,ord-00463,var-sock-lilac-s
lead-00464,cust-0358,session-00464,Organic,organic,2026-01-04,purchase,converted,ord-00464,var-legging-olive-s
lead-00465,cust-0377,session-00465,Instagram,camp-studio,2026-06-24,purchase,converted,ord-00465,var-legging-black-l
lead-00466,cust-0305,session-00466,Instagram,camp-studio,2026-08-23,purchase,converted,ord-00466,var-top-sand-l
lead-00467,cust-0023,session-00467,Instagram,camp-studio,2026-01-19,purchase,converted,ord-00467,var-sock-ivory-m
lead-00468,cust-0012,session-00468,Instagram,camp-studio,2026-03-10,purchase,converted,ord-00468,var-top-rose-l
lead-00469,cust-0073,session-00469,DM,camp-private,2026-09-12,purchase,converted,ord-00469,var-sock-rose-s
lead-00470,cust-0139,session-00470,Organic,organic,2026-08-27,purchase,converted,ord-00470,var-sock-lilac-s
lead-00471,cust-0261,session-00471,Instagram,camp-studio,2026-09-20,purchase,converted,ord-00471,var-legging-black-l
lead-00472,cust-0235,session-00472,Organic,organic,2026-07-06,purchase,converted,ord-00472,var-sock-coral-s
lead-00473,cust-0010,session-00473,DM,camp-private,2026-03-18,purchase,converted,ord-00473,var-top-rose-m
lead-00474,cust-0144,session-00474,Instagram,camp-studio,2026-09-05,purchase,converted,ord-00474,var-sock-lilac-s
lead-00475,cust-0314,session-00475,DM,camp-private,2026-08-08,purchase,converted,ord-00475,var-sock-sage-m
lead-00476,cust-0106,session-00476,Instagram,camp-studio,2026-08-22,purchase,converted,ord-00476,var-sock-coral-m
lead-00477,cust-0395,session-00477,DM,camp-private,2025-12-05,purchase,converted,ord-00477,var-sock-ivory-s
lead-00478,cust-0382,session-00478,Organic,organic,2026-08-14,purchase,converted,ord-00478,var-sock-rose-l
lead-00479,cust-0184,session-00479,DM,camp-private,2026-06-20,purchase,converted,ord-00479,var-sock-lilac-s
lead-00480,cust-0084,session-00480,Instagram,camp-studio,2026-01-07,purchase,converted,ord-00480,var-legging-olive-m
lead-00481,cust-0104,session-00481,Instagram,camp-studio,2026-09-07,purchase,converted,ord-00481,var-top-rose-s
lead-00482,cust-0235,session-00482,Paid Social,camp-move,2026-01-26,purchase,converted,ord-00482,var-short-coral-l
lead-00483,cust-0381,session-00483,DM,camp-private,2026-07-11,purchase,converted,ord-00483,var-sock-black-m
lead-00484,cust-0203,session-00484,Paid Social,camp-move,2025-11-26,purchase,converted,ord-00484,var-sock-sage-s
lead-00485,cust-0073,session-00485,Organic,organic,2026-05-17,purchase,converted,ord-00485,var-short-coral-m
lead-00486,cust-0303,session-00486,Organic,organic,2026-09-21,purchase,converted,ord-00486,var-sock-ivory-l
lead-00487,cust-0269,session-00487,Paid Social,camp-move,2026-09-19,purchase,converted,ord-00487,var-sock-coral-l
lead-00488,cust-0088,session-00488,Paid Social,camp-move,2026-09-06,purchase,converted,ord-00488,var-legging-navy-l
lead-00489,cust-0061,session-00489,Organic,organic,2026-02-19,purchase,converted,ord-00489,var-sock-coral-s
lead-00490,cust-0338,session-00490,Paid Social,camp-move,2026-07-23,purchase,converted,ord-00490,var-sock-coral-l
lead-00491,cust-0017,session-00491,Paid Social,camp-move,2026-08-29,purchase,converted,ord-00491,var-sock-lilac-m
lead-00492,cust-0146,session-00492,DM,camp-private,2026-07-31,purchase,converted,ord-00492,var-sock-lilac-l
lead-00493,cust-0019,session-00493,Organic,organic,2025-11-08,purchase,converted,ord-00493,var-short-navy-l
lead-00494,cust-0242,session-00494,Instagram,camp-studio,2025-11-29,purchase,converted,ord-00494,var-sock-rose-s
lead-00495,cust-0312,session-00495,Instagram,camp-studio,2026-04-26,purchase,converted,ord-00495,var-top-rose-s
lead-00496,cust-0255,session-00496,Organic,organic,2026-06-01,purchase,converted,ord-00496,var-sock-rose-s
lead-00497,cust-0316,session-00497,Paid Social,camp-move,2026-05-29,purchase,converted,ord-00497,var-sock-sage-s
lead-00498,cust-0004,session-00498,DM,camp-private,2025-11-19,purchase,converted,ord-00498,var-sock-sage-m
lead-00499,cust-0243,session-00499,DM,camp-private,2026-03-10,purchase,converted,ord-00499,var-sock-sage-m
lead-00500,cust-0212,session-00500,Organic,organic,2026-01-08,purchase,converted,ord-00500,var-sock-sage-m
lead-00501,cust-0077,session-00501,Organic,organic,2026-02-12,purchase,converted,ord-00501,var-short-black-s
lead-00502,cust-0305,session-00502,Organic,organic,2025-12-15,purchase,converted,ord-00502,var-sock-black-m
lead-00503,cust-0255,session-00503,Paid Social,camp-move,2026-05-22,purchase,converted,ord-00503,var-sock-ivory-l
lead-00504,cust-0013,session-00504,Organic,organic,2026-05-27,purchase,converted,ord-00504,var-top-rose-m
lead-00505,cust-0074,session-00505,Organic,organic,2026-01-19,purchase,converted,ord-00505,var-sock-black-m
lead-00506,cust-0268,session-00506,Instagram,camp-studio,2025-11-20,purchase,converted,ord-00506,var-legging-black-l
lead-00507,cust-0024,session-00507,Paid Social,camp-move,2026-06-07,purchase,converted,ord-00507,var-sock-sage-s
lead-00508,cust-0164,session-00508,DM,camp-private,2026-05-05,purchase,converted,ord-00508,var-sock-coral-l
lead-00509,cust-0361,session-00509,Paid Social,camp-move,2026-02-14,purchase,converted,ord-00509,var-sock-lilac-l
lead-00510,cust-0242,session-00510,Instagram,camp-studio,2026-09-02,purchase,converted,ord-00510,var-sock-lilac-l
lead-00511,cust-0171,session-00511,DM,camp-private,2026-01-01,purchase,converted,ord-00511,var-short-navy-s
lead-00512,cust-0115,session-00512,Organic,organic,2026-03-02,purchase,converted,ord-00512,var-short-coral-s
lead-00513,cust-0244,session-00513,Instagram,camp-studio,2025-11-18,purchase,converted,ord-00513,var-sock-ivory-m
lead-00514,cust-0333,session-00514,Organic,organic,2025-10-28,purchase,converted,ord-00514,var-sock-rose-m
lead-00515,cust-0247,session-00515,Instagram,camp-studio,2026-04-06,purchase,converted,ord-00515,var-sock-sage-m
lead-00516,cust-0089,session-00516,DM,camp-private,2026-08-27,purchase,converted,ord-00516,var-legging-navy-s
lead-00517,cust-0167,session-00517,Instagram,camp-studio,2026-07-03,purchase,converted,ord-00517,var-sock-ivory-s
lead-00518,cust-0395,session-00518,Instagram,camp-studio,2026-04-04,purchase,converted,ord-00518,var-sock-ivory-m
lead-00519,cust-0232,session-00519,Instagram,camp-studio,2026-06-21,purchase,converted,ord-00519,var-top-black-m
lead-00520,cust-0177,session-00520,DM,camp-private,2026-06-08,purchase,converted,ord-00520,var-legging-black-m
lead-00521,cust-0028,session-00521,DM,camp-private,2026-01-01,purchase,converted,ord-00521,var-legging-black-s
lead-00522,cust-0208,session-00522,Paid Social,camp-move,2026-04-05,purchase,converted,ord-00522,var-sock-lilac-s
lead-00523,cust-0079,session-00523,Organic,organic,2026-08-13,purchase,converted,ord-00523,var-sock-black-s
lead-00524,cust-0329,session-00524,Organic,organic,2026-05-24,purchase,converted,ord-00524,var-short-black-m
lead-00525,cust-0218,session-00525,Organic,organic,2026-08-31,purchase,converted,ord-00525,var-short-black-s
lead-00526,cust-0280,session-00526,Paid Social,camp-move,2026-07-14,browse,lost,,
lead-00527,cust-0354,session-00527,Instagram,camp-studio,2026-07-08,purchase,converted,ord-00527,var-short-navy-s
lead-00528,cust-0041,session-00528,Organic,organic,2026-06-16,purchase,converted,ord-00528,var-short-coral-s
lead-00529,cust-0241,session-00529,DM,camp-private,2026-07-12,purchase,converted,ord-00529,var-sock-sage-s
lead-00530,cust-0027,session-00530,Organic,organic,2026-08-24,purchase,converted,ord-00530,var-sock-black-l
lead-00531,cust-0143,session-00531,Instagram,camp-studio,2026-01-29,purchase,converted,ord-00531,var-sock-ivory-l
lead-00532,cust-0359,session-00532,Paid Social,camp-move,2026-08-30,purchase,converted,ord-00532,var-sock-black-l
lead-00533,cust-0079,session-00533,Organic,organic,2026-08-13,purchase,converted,ord-00533,var-sock-ivory-l
lead-00534,cust-0060,session-00534,Instagram,camp-studio,2026-07-01,purchase,converted,ord-00534,var-top-rose-l
lead-00535,cust-0362,session-00535,Paid Social,camp-move,2026-04-09,purchase,converted,ord-00535,var-top-sand-l
lead-00536,cust-0273,session-00536,Instagram,camp-studio,2026-08-14,purchase,converted,ord-00536,var-legging-olive-l
lead-00537,cust-0051,session-00537,DM,camp-private,2026-03-17,purchase,converted,ord-00537,var-legging-olive-s
lead-00538,cust-0354,session-00538,Instagram,camp-studio,2026-07-08,purchase,converted,ord-00538,var-sock-ivory-s
lead-00539,cust-0229,session-00539,Instagram,camp-studio,2026-03-20,purchase,converted,ord-00539,var-legging-black-m
lead-00540,cust-0062,session-00540,Organic,organic,2026-08-09,purchase,converted,ord-00540,var-legging-olive-l
lead-00541,cust-0039,session-00541,Paid Social,camp-move,2026-09-14,browse,lost,,
lead-00542,cust-0400,session-00542,Instagram,camp-studio,2025-11-14,purchase,converted,ord-00542,var-sock-rose-l
lead-00543,cust-0331,session-00543,Instagram,camp-studio,2026-06-20,purchase,converted,ord-00543,var-top-sand-l
lead-00544,cust-0398,session-00544,Instagram,camp-studio,2026-05-08,purchase,converted,ord-00544,var-legging-olive-l
lead-00545,cust-0201,session-00545,Instagram,camp-studio,2026-07-13,purchase,converted,ord-00545,var-sock-lilac-s
lead-00546,cust-0275,session-00546,Instagram,camp-studio,2026-03-24,purchase,converted,ord-00546,var-legging-black-l
lead-00547,cust-0175,session-00547,Organic,organic,2026-02-21,purchase,converted,ord-00547,var-sock-coral-l
lead-00548,cust-0055,session-00548,DM,camp-private,2026-08-10,purchase,converted,ord-00548,var-sock-rose-s
lead-00549,cust-0304,session-00549,Paid Social,camp-move,2026-01-22,purchase,converted,ord-00549,var-short-navy-m
lead-00550,cust-0009,session-00550,Instagram,camp-studio,2026-02-09,purchase,converted,ord-00550,var-sock-coral-m
lead-00551,cust-0120,session-00551,Instagram,camp-studio,2026-08-17,purchase,converted,ord-00551,var-legging-black-m
lead-00552,cust-0067,session-00552,Instagram,camp-studio,2026-09-17,purchase,converted,ord-00552,var-sock-ivory-l
lead-00553,cust-0055,session-00553,Paid Social,camp-move,2026-05-15,purchase,converted,ord-00553,var-top-sand-m
lead-00554,cust-0351,session-00554,Paid Social,camp-move,2026-07-13,purchase,converted,ord-00554,var-top-black-m
lead-00555,cust-0073,session-00555,Instagram,camp-studio,2026-04-22,purchase,converted,ord-00555,var-legging-black-m
lead-00556,cust-0324,session-00556,Paid Social,camp-move,2026-08-01,purchase,converted,ord-00556,var-sock-black-l
lead-00557,cust-0396,session-00557,DM,camp-private,2026-08-29,purchase,converted,ord-00557,var-sock-ivory-l
lead-00558,cust-0306,session-00558,DM,camp-private,2026-04-04,purchase,converted,ord-00558,var-top-black-l
lead-00559,cust-0121,session-00559,Instagram,camp-studio,2026-05-14,purchase,converted,ord-00559,var-top-rose-l
lead-00560,cust-0395,session-00560,DM,camp-private,2026-08-08,purchase,converted,ord-00560,var-sock-coral-s
lead-00561,cust-0146,session-00561,Paid Social,camp-move,2026-07-24,purchase,converted,ord-00561,var-top-rose-l
lead-00562,cust-0121,session-00562,DM,camp-private,2026-05-14,purchase,converted,ord-00562,var-legging-olive-m
lead-00563,cust-0224,session-00563,Instagram,camp-studio,2025-12-05,purchase,converted,ord-00563,var-sock-rose-s
lead-00564,cust-0292,session-00564,Instagram,camp-studio,2025-10-22,purchase,converted,ord-00564,var-sock-sage-m
lead-00565,cust-0310,session-00565,Organic,organic,2026-05-12,purchase,converted,ord-00565,var-sock-rose-m
lead-00566,cust-0268,session-00566,Organic,organic,2026-05-30,purchase,converted,ord-00566,var-sock-lilac-m
lead-00567,cust-0127,session-00567,Paid Social,camp-move,2026-06-24,purchase,converted,ord-00567,var-top-sand-m
lead-00568,cust-0241,session-00568,Instagram,camp-studio,2026-06-07,purchase,converted,ord-00568,var-legging-navy-s
lead-00569,cust-0043,session-00569,Organic,organic,2026-07-04,purchase,converted,ord-00569,var-sock-sage-l
lead-00570,cust-0083,session-00570,Paid Social,camp-move,2026-09-17,purchase,converted,ord-00570,var-sock-ivory-m
lead-00571,cust-0190,session-00571,Paid Social,camp-move,2026-08-08,purchase,converted,ord-00571,var-top-rose-m
lead-00572,cust-0107,session-00572,Instagram,camp-studio,2026-09-07,purchase,converted,ord-00572,var-sock-sage-l
lead-00573,cust-0188,session-00573,DM,camp-private,2026-05-30,purchase,converted,ord-00573,var-top-rose-l
lead-00574,cust-0071,session-00574,Instagram,camp-studio,2026-03-12,purchase,converted,ord-00574,var-short-coral-m
lead-00575,cust-0390,session-00575,Instagram,camp-studio,2026-09-17,purchase,converted,ord-00575,var-sock-black-m
lead-00576,cust-0232,session-00576,Paid Social,camp-move,2026-05-28,purchase,converted,ord-00576,var-sock-coral-l
lead-00577,cust-0189,session-00577,Organic,organic,2026-09-01,purchase,converted,ord-00577,var-sock-lilac-l
lead-00578,cust-0092,session-00578,Organic,organic,2026-08-13,purchase,converted,ord-00578,var-top-rose-s
lead-00579,cust-0350,session-00579,Organic,organic,2026-06-26,purchase,converted,ord-00579,var-top-black-s
lead-00580,cust-0168,session-00580,DM,camp-private,2026-05-28,purchase,converted,ord-00580,var-sock-sage-s
lead-00581,cust-0157,session-00581,Organic,organic,2025-12-18,purchase,converted,ord-00581,var-legging-black-m
lead-00582,cust-0234,session-00582,DM,camp-private,2026-01-12,purchase,converted,ord-00582,var-sock-ivory-m
lead-00583,cust-0134,session-00583,Instagram,camp-studio,2026-03-30,purchase,converted,ord-00583,var-legging-navy-m
lead-00584,cust-0084,session-00584,Instagram,camp-studio,2026-06-22,purchase,converted,ord-00584,var-sock-ivory-m
lead-00585,cust-0362,session-00585,Paid Social,camp-move,2026-02-20,purchase,converted,ord-00585,var-top-sand-l
lead-00586,cust-0375,session-00586,Organic,organic,2026-05-25,purchase,converted,ord-00586,var-sock-rose-m
lead-00587,cust-0393,session-00587,Instagram,camp-studio,2026-08-22,purchase,converted,ord-00587,var-top-rose-m
lead-00588,cust-0163,session-00588,DM,camp-private,2026-07-27,purchase,converted,ord-00588,var-sock-ivory-m
lead-00589,cust-0190,session-00589,Paid Social,camp-move,2026-04-07,purchase,converted,ord-00589,var-sock-coral-l
lead-00590,cust-0148,session-00590,Organic,organic,2026-04-07,browse,lost,,
lead-00591,cust-0074,session-00591,Instagram,camp-studio,2026-01-19,browse,lost,,
lead-00592,cust-0328,session-00592,Paid Social,camp-move,2026-07-18,purchase,converted,ord-00592,var-top-black-s
lead-00593,cust-0379,session-00593,Instagram,camp-studio,2026-06-08,purchase,converted,ord-00593,var-sock-coral-s
lead-00594,cust-0353,session-00594,Instagram,camp-studio,2026-08-18,purchase,converted,ord-00594,var-short-black-m
lead-00595,cust-0247,session-00595,Paid Social,camp-move,2026-07-08,purchase,converted,ord-00595,var-top-black-l
lead-00596,cust-0009,session-00596,Instagram,camp-studio,2026-02-09,purchase,converted,ord-00596,var-top-black-l
lead-00597,cust-0322,session-00597,Organic,organic,2026-07-15,purchase,converted,ord-00597,var-short-navy-l
lead-00598,cust-0139,session-00598,DM,camp-private,2026-09-07,purchase,converted,ord-00598,var-sock-coral-m
lead-00599,cust-0249,session-00599,Instagram,camp-studio,2026-05-28,purchase,converted,ord-00599,var-sock-rose-m
lead-00600,cust-0360,session-00600,Paid Social,camp-move,2026-03-01,purchase,converted,ord-00600,var-sock-black-s
lead-00601,cust-0306,session-00601,Organic,organic,2026-06-16,purchase,converted,ord-00601,var-legging-olive-m
lead-00602,cust-0067,session-00602,Paid Social,camp-move,2026-09-17,purchase,converted,ord-00602,var-sock-coral-s
lead-00603,cust-0061,session-00603,Instagram,camp-studio,2026-02-19,purchase,converted,ord-00603,var-short-black-m
lead-00604,cust-0103,session-00604,DM,camp-private,2026-01-12,purchase,converted,ord-00604,var-short-black-s
lead-00605,cust-0257,session-00605,Instagram,camp-studio,2026-08-01,purchase,converted,ord-00605,var-top-rose-m
lead-00606,cust-0145,session-00606,Organic,organic,2026-04-26,purchase,converted,ord-00606,var-short-coral-m
lead-00607,cust-0302,session-00607,Paid Social,camp-move,2026-01-09,browse,lost,,
lead-00608,cust-0057,session-00608,Instagram,camp-studio,2026-06-15,purchase,converted,ord-00608,var-sock-black-m
lead-00609,cust-0060,session-00609,Instagram,camp-studio,2026-07-01,purchase,converted,ord-00609,var-legging-olive-m
lead-00610,cust-0220,session-00610,Organic,organic,2026-04-01,purchase,converted,ord-00610,var-top-black-l
lead-00611,cust-0346,session-00611,DM,camp-private,2026-07-15,purchase,converted,ord-00611,var-sock-ivory-s
lead-00612,cust-0174,session-00612,DM,camp-private,2026-08-08,browse,lost,,
lead-00613,cust-0330,session-00613,Instagram,camp-studio,2026-06-06,purchase,converted,ord-00613,var-top-rose-m
lead-00614,cust-0028,session-00614,Paid Social,camp-move,2026-01-01,purchase,converted,ord-00614,var-legging-navy-m
lead-00615,cust-0393,session-00615,Organic,organic,2026-08-22,purchase,converted,ord-00615,var-sock-sage-m
lead-00616,cust-0392,session-00616,Organic,organic,2026-08-01,purchase,converted,ord-00616,var-sock-lilac-s
lead-00617,cust-0156,session-00617,Instagram,camp-studio,2026-09-18,purchase,converted,ord-00617,var-top-rose-s
lead-00618,cust-0241,session-00618,Paid Social,camp-move,2026-05-23,purchase,converted,ord-00618,var-sock-lilac-s
lead-00619,cust-0303,session-00619,Instagram,camp-studio,2026-04-15,purchase,converted,ord-00619,var-top-sand-s
lead-00620,cust-0183,session-00620,Instagram,camp-studio,2026-06-25,purchase,converted,ord-00620,var-short-black-s
lead-00621,cust-0011,session-00621,Instagram,camp-studio,2026-06-24,purchase,converted,ord-00621,var-legging-olive-l
lead-00622,cust-0302,session-00622,Organic,organic,2026-01-09,purchase,converted,ord-00622,var-sock-coral-s
lead-00623,cust-0315,session-00623,Paid Social,camp-move,2026-08-26,purchase,converted,ord-00623,var-legging-black-l
lead-00624,cust-0136,session-00624,Instagram,camp-studio,2026-06-09,purchase,converted,ord-00624,var-short-coral-m
lead-00625,cust-0173,session-00625,Instagram,camp-studio,2026-02-08,purchase,converted,ord-00625,var-sock-black-l
lead-00626,cust-0259,session-00626,Paid Social,camp-move,2026-02-22,purchase,converted,ord-00626,var-sock-coral-m
lead-00627,cust-0096,session-00627,Paid Social,camp-move,2026-07-14,purchase,converted,ord-00627,var-legging-olive-l
lead-00628,cust-0315,session-00628,Organic,organic,2026-08-26,purchase,converted,ord-00628,var-sock-lilac-l
lead-00629,cust-0211,session-00629,Organic,organic,2026-04-26,purchase,converted,ord-00629,var-legging-olive-l
lead-00630,cust-0132,session-00630,DM,camp-private,2026-09-08,purchase,converted,ord-00630,var-sock-sage-s
lead-00631,cust-0143,session-00631,Paid Social,camp-move,2026-08-25,purchase,converted,ord-00631,var-short-navy-m
lead-00632,cust-0033,session-00632,Organic,organic,2026-04-18,purchase,converted,ord-00632,var-sock-ivory-m
lead-00633,cust-0377,session-00633,Organic,organic,2026-06-24,purchase,converted,ord-00633,var-sock-ivory-s
lead-00634,cust-0300,session-00634,Organic,organic,2026-05-28,purchase,converted,ord-00634,var-sock-ivory-s
lead-00635,cust-0141,session-00635,Paid Social,camp-move,2026-05-05,purchase,converted,ord-00635,var-sock-ivory-s
lead-00636,cust-0075,session-00636,Paid Social,camp-move,2026-03-26,purchase,converted,ord-00636,var-short-black-m
lead-00637,cust-0344,session-00637,Instagram,camp-studio,2026-07-10,purchase,converted,ord-00637,var-top-rose-l
lead-00638,cust-0199,session-00638,Organic,organic,2026-05-28,purchase,converted,ord-00638,var-short-navy-s
lead-00639,cust-0393,session-00639,Paid Social,camp-move,2026-08-22,purchase,converted,ord-00639,var-top-rose-s
lead-00640,cust-0171,session-00640,Organic,organic,2026-04-26,purchase,converted,ord-00640,var-top-rose-m
lead-00641,cust-0309,session-00641,DM,camp-private,2026-06-29,purchase,converted,ord-00641,var-legging-navy-l
lead-00642,cust-0329,session-00642,Instagram,camp-studio,2026-05-24,purchase,converted,ord-00642,var-sock-ivory-l
lead-00643,cust-0305,session-00643,Paid Social,camp-move,2026-09-08,purchase,converted,ord-00643,var-legging-navy-m
lead-00644,cust-0304,session-00644,Organic,organic,2026-03-08,purchase,converted,ord-00644,var-sock-lilac-s
lead-00645,cust-0118,session-00645,Organic,organic,2026-06-04,purchase,converted,ord-00645,var-short-black-m
lead-00646,cust-0368,session-00646,Paid Social,camp-move,2026-06-18,purchase,converted,ord-00646,var-legging-navy-s
lead-00647,cust-0098,session-00647,Instagram,camp-studio,2026-04-04,purchase,converted,ord-00647,var-sock-rose-s
lead-00648,cust-0128,session-00648,DM,camp-private,2026-03-30,purchase,converted,ord-00648,var-sock-sage-m
lead-00649,cust-0306,session-00649,Instagram,camp-studio,2026-04-04,purchase,converted,ord-00649,var-sock-sage-l
lead-00650,cust-0024,session-00650,Instagram,camp-studio,2026-06-07,purchase,converted,ord-00650,var-legging-navy-m
lead-00651,cust-0092,session-00651,Instagram,camp-studio,2026-08-13,purchase,converted,ord-00651,var-sock-sage-m
lead-00652,cust-0073,session-00652,Instagram,camp-studio,2026-02-02,purchase,converted,ord-00652,var-legging-olive-l
lead-00653,cust-0221,session-00653,Organic,organic,2026-05-04,purchase,converted,ord-00653,var-sock-ivory-l
lead-00654,cust-0252,session-00654,Paid Social,camp-move,2025-12-08,purchase,converted,ord-00654,var-sock-rose-s
lead-00655,cust-0094,session-00655,Paid Social,camp-move,2026-06-22,purchase,converted,ord-00655,var-top-rose-s
lead-00656,cust-0364,session-00656,Paid Social,camp-move,2026-07-06,purchase,converted,ord-00656,var-sock-sage-s
lead-00657,cust-0340,session-00657,Instagram,camp-studio,2026-09-02,browse,lost,,
lead-00658,cust-0169,session-00658,Instagram,camp-studio,2026-02-03,browse,lost,,
lead-00659,cust-0138,session-00659,DM,camp-private,2026-07-23,purchase,converted,ord-00659,var-top-black-m
lead-00660,cust-0292,session-00660,Instagram,camp-studio,2025-11-27,purchase,converted,ord-00660,var-sock-black-l
lead-00661,cust-0395,session-00661,Instagram,camp-studio,2026-04-14,purchase,converted,ord-00661,var-top-black-s
lead-00662,cust-0222,session-00662,Organic,organic,2026-06-13,purchase,converted,ord-00662,var-top-rose-m
lead-00663,cust-0199,session-00663,Instagram,camp-studio,2026-05-28,purchase,converted,ord-00663,var-short-black-m
lead-00664,cust-0219,session-00664,Instagram,camp-studio,2026-08-20,purchase,converted,ord-00664,var-short-coral-m
lead-00665,cust-0066,session-00665,Organic,organic,2026-09-07,purchase,converted,ord-00665,var-sock-black-m
lead-00666,cust-0024,session-00666,Instagram,camp-studio,2026-06-11,purchase,converted,ord-00666,var-short-navy-l
lead-00667,cust-0300,session-00667,Organic,organic,2026-05-28,purchase,converted,ord-00667,var-sock-lilac-s
lead-00668,cust-0233,session-00668,Paid Social,camp-move,2026-08-31,purchase,converted,ord-00668,var-short-navy-m
lead-00669,cust-0274,session-00669,Instagram,camp-studio,2026-04-16,purchase,converted,ord-00669,var-sock-lilac-s
lead-00670,cust-0309,session-00670,Instagram,camp-studio,2026-05-29,purchase,converted,ord-00670,var-short-coral-m
lead-00671,cust-0155,session-00671,Instagram,camp-studio,2025-11-05,purchase,converted,ord-00671,var-legging-olive-s
lead-00672,cust-0333,session-00672,DM,camp-private,2025-12-05,purchase,converted,ord-00672,var-legging-navy-m
lead-00673,cust-0249,session-00673,Instagram,camp-studio,2026-05-28,purchase,converted,ord-00673,var-sock-lilac-s
lead-00674,cust-0378,session-00674,DM,camp-private,2026-07-15,purchase,converted,ord-00674,var-sock-coral-m
lead-00675,cust-0032,session-00675,Instagram,camp-studio,2026-06-19,purchase,converted,ord-00675,var-top-rose-s
lead-00676,cust-0011,session-00676,Instagram,camp-studio,2026-01-14,purchase,converted,ord-00676,var-sock-sage-m
lead-00677,cust-0367,session-00677,Paid Social,camp-move,2026-08-24,purchase,converted,ord-00677,var-sock-lilac-m
lead-00678,cust-0185,session-00678,Organic,organic,2026-05-21,purchase,converted,ord-00678,var-sock-black-l
lead-00679,cust-0089,session-00679,Instagram,camp-studio,2026-08-19,purchase,converted,ord-00679,var-sock-rose-m
lead-00680,cust-0010,session-00680,Organic,organic,2026-03-24,purchase,converted,ord-00680,var-top-rose-m
lead-00681,cust-0288,session-00681,Paid Social,camp-move,2026-01-14,browse,lost,,
lead-00682,cust-0387,session-00682,Organic,organic,2025-12-11,purchase,converted,ord-00682,var-legging-navy-s
lead-00683,cust-0054,session-00683,DM,camp-private,2025-12-16,purchase,converted,ord-00683,var-sock-sage-s
lead-00684,cust-0260,session-00684,DM,camp-private,2026-06-04,purchase,converted,ord-00684,var-sock-rose-s
lead-00685,cust-0243,session-00685,Instagram,camp-studio,2026-03-15,purchase,converted,ord-00685,var-top-black-l
lead-00686,cust-0071,session-00686,Paid Social,camp-move,2026-04-29,purchase,converted,ord-00686,var-sock-sage-l
lead-00687,cust-0395,session-00687,DM,camp-private,2025-09-27,purchase,converted,ord-00687,var-sock-ivory-l
lead-00688,cust-0295,session-00688,Organic,organic,2025-10-21,browse,lost,,
lead-00689,cust-0349,session-00689,Paid Social,camp-move,2026-09-15,purchase,converted,ord-00689,var-sock-rose-l
lead-00690,cust-0076,session-00690,Paid Social,camp-move,2026-09-15,purchase,converted,ord-00690,var-short-black-m
lead-00691,cust-0177,session-00691,Paid Social,camp-move,2026-08-20,purchase,converted,ord-00691,var-sock-lilac-s
lead-00692,cust-0048,session-00692,Paid Social,camp-move,2026-06-10,purchase,converted,ord-00692,var-top-rose-l
lead-00693,cust-0259,session-00693,DM,camp-private,2025-12-28,purchase,converted,ord-00693,var-sock-ivory-s
lead-00694,cust-0003,session-00694,Instagram,camp-studio,2026-05-12,purchase,converted,ord-00694,var-sock-ivory-m
lead-00695,cust-0099,session-00695,Paid Social,camp-move,2026-03-25,purchase,converted,ord-00695,var-sock-black-m
lead-00696,cust-0244,session-00696,Paid Social,camp-move,2026-01-09,purchase,converted,ord-00696,var-sock-lilac-s
lead-00697,cust-0326,session-00697,Organic,organic,2026-04-26,purchase,converted,ord-00697,var-top-sand-m
lead-00698,cust-0066,session-00698,DM,camp-private,2026-05-28,purchase,converted,ord-00698,var-sock-black-m
lead-00699,cust-0268,session-00699,Instagram,camp-studio,2025-12-09,purchase,converted,ord-00699,var-sock-ivory-m
lead-00700,cust-0379,session-00700,Instagram,camp-studio,2026-06-08,purchase,converted,ord-00700,var-sock-sage-s
lead-00701,cust-0173,session-00701,Paid Social,camp-move,2026-04-03,purchase,converted,ord-00701,var-top-rose-m
lead-00702,cust-0231,session-00702,Paid Social,camp-move,2026-08-29,purchase,converted,ord-00702,var-short-coral-s
lead-00703,cust-0344,session-00703,DM,camp-private,2026-07-10,purchase,converted,ord-00703,var-short-black-s
lead-00704,cust-0363,session-00704,Paid Social,camp-move,2026-04-12,purchase,converted,ord-00704,var-short-black-s
lead-00705,cust-0062,session-00705,Organic,organic,2026-08-25,purchase,converted,ord-00705,var-sock-lilac-l
lead-00706,cust-0012,session-00706,Paid Social,camp-move,2026-03-15,purchase,converted,ord-00706,var-sock-ivory-s
lead-00707,cust-0209,session-00707,Instagram,camp-studio,2026-09-04,purchase,converted,ord-00707,var-top-black-s
lead-00708,cust-0062,session-00708,Instagram,camp-studio,2026-08-09,purchase,converted,ord-00708,var-sock-coral-m
lead-00709,cust-0138,session-00709,Instagram,camp-studio,2025-11-07,purchase,converted,ord-00709,var-sock-rose-m
lead-00710,cust-0301,session-00710,Instagram,camp-studio,2026-09-02,purchase,converted,ord-00710,var-sock-lilac-m
lead-00711,cust-0326,session-00711,Instagram,camp-studio,2026-06-05,browse,lost,,
lead-00712,cust-0238,session-00712,Instagram,camp-studio,2026-08-11,browse,lost,,
lead-00713,cust-0109,session-00713,Organic,organic,2026-07-18,purchase,converted,ord-00713,var-sock-sage-s
lead-00714,cust-0063,session-00714,DM,camp-private,2026-08-04,browse,lost,,
lead-00715,cust-0176,session-00715,Instagram,camp-studio,2026-08-15,purchase,converted,ord-00715,var-sock-sage-m
lead-00716,cust-0005,session-00716,Instagram,camp-studio,2026-09-01,purchase,converted,ord-00716,var-sock-black-l
lead-00717,cust-0344,session-00717,DM,camp-private,2026-07-10,purchase,converted,ord-00717,var-sock-ivory-l
lead-00718,cust-0064,session-00718,Paid Social,camp-move,2026-05-16,purchase,converted,ord-00718,var-sock-rose-l
lead-00719,cust-0368,session-00719,Instagram,camp-studio,2026-05-14,purchase,converted,ord-00719,var-sock-rose-s
lead-00720,cust-0292,session-00720,Paid Social,camp-move,2026-06-05,purchase,converted,ord-00720,var-sock-black-l
lead-00721,cust-0141,session-00721,Organic,organic,2025-12-29,purchase,converted,ord-00721,var-legging-black-s
lead-00722,cust-0333,session-00722,Organic,organic,2025-10-21,purchase,converted,ord-00722,var-top-sand-l
lead-00723,cust-0216,session-00723,Paid Social,camp-move,2026-06-21,purchase,converted,ord-00723,var-short-navy-m
lead-00724,cust-0101,session-00724,Instagram,camp-studio,2026-09-09,purchase,converted,ord-00724,var-sock-black-s
lead-00725,cust-0243,session-00725,Organic,organic,2026-03-10,purchase,converted,ord-00725,var-sock-rose-m
lead-00726,cust-0318,session-00726,Organic,organic,2026-05-04,purchase,converted,ord-00726,var-sock-black-m
lead-00727,cust-0227,session-00727,Instagram,camp-studio,2025-10-24,purchase,converted,ord-00727,var-sock-black-m
lead-00728,cust-0338,session-00728,Instagram,camp-studio,2026-08-07,purchase,converted,ord-00728,var-top-black-m
lead-00729,cust-0014,session-00729,Paid Social,camp-move,2026-09-03,purchase,converted,ord-00729,var-legging-black-l
lead-00730,cust-0182,session-00730,Paid Social,camp-move,2026-04-25,purchase,converted,ord-00730,var-legging-black-m
lead-00731,cust-0278,session-00731,Instagram,camp-studio,2025-12-29,purchase,converted,ord-00731,var-top-rose-m
lead-00732,cust-0287,session-00732,Paid Social,camp-move,2026-01-27,purchase,converted,ord-00732,var-sock-black-l
lead-00733,cust-0215,session-00733,Instagram,camp-studio,2026-03-09,purchase,converted,ord-00733,var-short-black-l
lead-00734,cust-0239,session-00734,Instagram,camp-studio,2026-08-07,purchase,converted,ord-00734,var-sock-lilac-s
lead-00735,cust-0004,session-00735,Instagram,camp-studio,2026-03-26,purchase,converted,ord-00735,var-sock-sage-l
lead-00736,cust-0135,session-00736,Instagram,camp-studio,2025-12-20,purchase,converted,ord-00736,var-sock-rose-l
lead-00737,cust-0057,session-00737,Organic,organic,2026-03-14,purchase,converted,ord-00737,var-sock-ivory-l
lead-00738,cust-0074,session-00738,Organic,organic,2026-01-19,purchase,converted,ord-00738,var-sock-lilac-m
lead-00739,cust-0024,session-00739,DM,camp-private,2026-08-03,purchase,converted,ord-00739,var-sock-rose-m
lead-00740,cust-0251,session-00740,DM,camp-private,2026-06-25,purchase,converted,ord-00740,var-legging-navy-l
lead-00741,cust-0331,session-00741,Paid Social,camp-move,2026-06-20,purchase,converted,ord-00741,var-sock-coral-s
lead-00742,cust-0299,session-00742,Instagram,camp-studio,2026-08-20,purchase,converted,ord-00742,var-sock-rose-s
lead-00743,cust-0194,session-00743,Instagram,camp-studio,2026-07-11,purchase,converted,ord-00743,var-sock-black-l
lead-00744,cust-0173,session-00744,Paid Social,camp-move,2026-04-28,purchase,converted,ord-00744,var-sock-lilac-s
lead-00745,cust-0120,session-00745,DM,camp-private,2026-08-17,purchase,converted,ord-00745,var-sock-coral-l
lead-00746,cust-0185,session-00746,Paid Social,camp-move,2025-10-11,purchase,converted,ord-00746,var-short-navy-s
lead-00747,cust-0134,session-00747,Organic,organic,2026-01-12,purchase,converted,ord-00747,var-sock-lilac-s
lead-00748,cust-0007,session-00748,DM,camp-private,2026-05-21,browse,lost,,
lead-00749,cust-0108,session-00749,Instagram,camp-studio,2026-05-22,purchase,converted,ord-00749,var-sock-black-l
lead-00750,cust-0066,session-00750,Organic,organic,2026-02-25,purchase,converted,ord-00750,var-sock-lilac-s
lead-00751,cust-0072,session-00751,Organic,organic,2026-02-17,browse,lost,,
lead-00752,cust-0196,session-00752,Organic,organic,2026-07-09,purchase,converted,ord-00752,var-sock-lilac-l
lead-00753,cust-0017,session-00753,DM,camp-private,2026-09-09,purchase,converted,ord-00753,var-top-black-s
lead-00754,cust-0266,session-00754,Instagram,camp-studio,2026-04-20,purchase,converted,ord-00754,var-sock-ivory-s
lead-00755,cust-0106,session-00755,Organic,organic,2025-11-27,purchase,converted,ord-00755,var-sock-sage-s
lead-00756,cust-0074,session-00756,Instagram,camp-studio,2026-05-08,purchase,converted,ord-00756,var-top-rose-s
lead-00757,cust-0021,session-00757,Instagram,camp-studio,2025-11-08,purchase,converted,ord-00757,var-short-coral-m
lead-00758,cust-0090,session-00758,Instagram,camp-studio,2026-04-22,purchase,converted,ord-00758,var-sock-ivory-l
lead-00759,cust-0202,session-00759,Organic,organic,2026-09-14,purchase,converted,ord-00759,var-top-black-s
lead-00760,cust-0211,session-00760,Instagram,camp-studio,2026-07-02,purchase,converted,ord-00760,var-top-sand-m
lead-00761,cust-0107,session-00761,Instagram,camp-studio,2026-06-08,purchase,converted,ord-00761,var-legging-olive-s
lead-00762,cust-0238,session-00762,Paid Social,camp-move,2026-08-11,purchase,converted,ord-00762,var-sock-coral-s
lead-00763,cust-0088,session-00763,DM,camp-private,2026-09-06,purchase,converted,ord-00763,var-sock-black-l
lead-00764,cust-0347,session-00764,Instagram,camp-studio,2026-07-23,purchase,converted,ord-00764,var-top-rose-l
lead-00765,cust-0025,session-00765,Organic,organic,2026-08-13,purchase,converted,ord-00765,var-top-sand-s
lead-00766,cust-0027,session-00766,Instagram,camp-studio,2026-07-25,purchase,converted,ord-00766,var-top-black-l
lead-00767,cust-0050,session-00767,Instagram,camp-studio,2026-08-28,purchase,converted,ord-00767,var-top-black-m
lead-00768,cust-0320,session-00768,Organic,organic,2026-01-11,purchase,converted,ord-00768,var-sock-sage-l
lead-00769,cust-0235,session-00769,Instagram,camp-studio,2026-01-12,purchase,converted,ord-00769,var-sock-black-l
lead-00770,cust-0393,session-00770,Paid Social,camp-move,2026-08-22,browse,lost,,
lead-00771,cust-0049,session-00771,Instagram,camp-studio,2026-07-26,purchase,converted,ord-00771,var-short-coral-m
lead-00772,cust-0326,session-00772,Instagram,camp-studio,2026-09-09,purchase,converted,ord-00772,var-sock-lilac-l
lead-00773,cust-0380,session-00773,Paid Social,camp-move,2026-02-04,purchase,converted,ord-00773,var-sock-ivory-s
lead-00774,cust-0071,session-00774,Paid Social,camp-move,2026-04-01,purchase,converted,ord-00774,var-sock-lilac-l
lead-00775,cust-0021,session-00775,Organic,organic,2026-06-15,purchase,converted,ord-00775,var-sock-sage-m
lead-00776,cust-0277,session-00776,Organic,organic,2026-01-27,purchase,converted,ord-00776,var-short-coral-l
lead-00777,cust-0004,session-00777,Organic,organic,2025-10-25,purchase,converted,ord-00777,var-legging-olive-s
lead-00778,cust-0041,session-00778,DM,camp-private,2026-04-28,purchase,converted,ord-00778,var-sock-rose-m
lead-00779,cust-0247,session-00779,Organic,organic,2026-02-11,purchase,converted,ord-00779,var-sock-coral-m
lead-00780,cust-0196,session-00780,Organic,organic,2026-07-09,purchase,converted,ord-00780,var-legging-navy-m
lead-00781,cust-0132,session-00781,Paid Social,camp-move,2026-04-14,purchase,converted,ord-00781,var-sock-sage-m
lead-00782,cust-0101,session-00782,Organic,organic,2026-09-09,purchase,converted,ord-00782,var-top-sand-s
lead-00783,cust-0251,session-00783,DM,camp-private,2026-06-25,purchase,converted,ord-00783,var-legging-navy-s
lead-00784,cust-0326,session-00784,Paid Social,camp-move,2026-09-09,purchase,converted,ord-00784,var-legging-olive-m
lead-00785,cust-0186,session-00785,DM,camp-private,2026-08-11,purchase,converted,ord-00785,var-sock-ivory-m
lead-00786,cust-0048,session-00786,DM,camp-private,2026-08-17,purchase,converted,ord-00786,var-sock-lilac-m
lead-00787,cust-0130,session-00787,Instagram,camp-studio,2026-09-11,browse,lost,,
lead-00788,cust-0373,session-00788,Instagram,camp-studio,2026-08-06,purchase,converted,ord-00788,var-sock-rose-s
lead-00789,cust-0158,session-00789,Organic,organic,2026-09-06,purchase,converted,ord-00789,var-sock-lilac-m
lead-00790,cust-0361,session-00790,Instagram,camp-studio,2026-01-22,purchase,converted,ord-00790,var-legging-navy-l
lead-00791,cust-0094,session-00791,Instagram,camp-studio,2026-06-22,purchase,converted,ord-00791,var-short-black-m
lead-00792,cust-0142,session-00792,Instagram,camp-studio,2026-08-09,purchase,converted,ord-00792,var-legging-black-s
lead-00793,cust-0004,session-00793,DM,camp-private,2026-08-28,browse,lost,,
lead-00794,cust-0243,session-00794,DM,camp-private,2026-03-13,purchase,converted,ord-00794,var-top-black-l
lead-00795,cust-0313,session-00795,Organic,organic,2026-09-13,purchase,converted,ord-00795,var-sock-lilac-s
lead-00796,cust-0072,session-00796,DM,camp-private,2026-02-17,purchase,converted,ord-00796,var-short-navy-l
lead-00797,cust-0339,session-00797,Instagram,camp-studio,2025-12-27,purchase,converted,ord-00797,var-sock-black-m
lead-00798,cust-0042,session-00798,Paid Social,camp-move,2026-03-19,purchase,converted,ord-00798,var-short-coral-m
lead-00799,cust-0151,session-00799,Instagram,camp-studio,2026-07-29,purchase,converted,ord-00799,var-top-black-s
lead-00800,cust-0060,session-00800,DM,camp-private,2026-07-01,purchase,converted,ord-00800,var-short-coral-m
lead-00801,cust-0132,session-00801,Paid Social,camp-move,2026-08-28,purchase,converted,ord-00801,var-sock-coral-l
lead-00802,cust-0393,session-00802,Instagram,camp-studio,2026-08-22,purchase,converted,ord-00802,var-top-sand-m
lead-00803,cust-0060,session-00803,Instagram,camp-studio,2026-07-01,purchase,converted,ord-00803,var-sock-sage-l
lead-00804,cust-0195,session-00804,DM,camp-private,2026-07-14,purchase,converted,ord-00804,var-top-black-m
lead-00805,cust-0065,session-00805,DM,camp-private,2026-07-14,purchase,converted,ord-00805,var-sock-lilac-l
lead-00806,cust-0234,session-00806,DM,camp-private,2026-01-12,purchase,converted,ord-00806,var-sock-ivory-s
lead-00807,cust-0362,session-00807,Paid Social,camp-move,2026-07-12,purchase,converted,ord-00807,var-top-sand-s
lead-00808,cust-0171,session-00808,Organic,organic,2025-12-22,purchase,converted,ord-00808,var-sock-ivory-l
lead-00809,cust-0154,session-00809,Organic,organic,2026-08-25,purchase,converted,ord-00809,var-sock-coral-s
lead-00810,cust-0201,session-00810,Paid Social,camp-move,2026-06-21,purchase,converted,ord-00810,var-sock-ivory-s
lead-00811,cust-0298,session-00811,Organic,organic,2025-12-16,purchase,converted,ord-00811,var-sock-ivory-m
lead-00812,cust-0150,session-00812,Instagram,camp-studio,2026-07-24,purchase,converted,ord-00812,var-top-black-l
lead-00813,cust-0219,session-00813,Organic,organic,2026-09-04,purchase,converted,ord-00813,var-legging-navy-l
lead-00814,cust-0077,session-00814,DM,camp-private,2026-08-09,purchase,converted,ord-00814,var-sock-ivory-l
lead-00815,cust-0399,session-00815,Organic,organic,2026-08-27,purchase,converted,ord-00815,var-top-black-l
lead-00816,cust-0261,session-00816,Instagram,camp-studio,2026-01-15,purchase,converted,ord-00816,var-short-navy-m
lead-00817,cust-0051,session-00817,Instagram,camp-studio,2026-03-17,purchase,converted,ord-00817,var-sock-black-s
lead-00818,cust-0334,session-00818,Organic,organic,2026-06-09,purchase,converted,ord-00818,var-legging-navy-l
lead-00819,cust-0106,session-00819,Instagram,camp-studio,2026-08-22,purchase,converted,ord-00819,var-sock-sage-s
lead-00820,cust-0266,session-00820,DM,camp-private,2026-04-20,purchase,converted,ord-00820,var-sock-sage-l
lead-00821,cust-0108,session-00821,Instagram,camp-studio,2026-09-09,purchase,converted,ord-00821,var-sock-sage-s
lead-00822,cust-0066,session-00822,Paid Social,camp-move,2026-08-06,purchase,converted,ord-00822,var-top-sand-s
lead-00823,cust-0105,session-00823,DM,camp-private,2026-03-07,purchase,converted,ord-00823,var-sock-coral-m
lead-00824,cust-0079,session-00824,Organic,organic,2026-08-13,purchase,converted,ord-00824,var-sock-rose-l
lead-00825,cust-0351,session-00825,Paid Social,camp-move,2026-06-29,purchase,converted,ord-00825,var-sock-rose-l
lead-00826,cust-0114,session-00826,Organic,organic,2026-07-09,purchase,converted,ord-00826,var-sock-sage-s
lead-00827,cust-0145,session-00827,Instagram,camp-studio,2026-07-01,purchase,converted,ord-00827,var-top-sand-s
lead-00828,cust-0207,session-00828,DM,camp-private,2026-05-24,purchase,converted,ord-00828,var-sock-rose-l
lead-00829,cust-0328,session-00829,DM,camp-private,2026-07-18,purchase,converted,ord-00829,var-sock-sage-l
lead-00830,cust-0142,session-00830,Paid Social,camp-move,2026-08-09,purchase,converted,ord-00830,var-sock-black-l
lead-00831,cust-0161,session-00831,DM,camp-private,2026-08-16,purchase,converted,ord-00831,var-sock-black-m
lead-00832,cust-0284,session-00832,Organic,organic,2026-06-01,purchase,converted,ord-00832,var-legging-navy-m
lead-00833,cust-0351,session-00833,Organic,organic,2026-09-03,purchase,converted,ord-00833,var-short-navy-l
lead-00834,cust-0379,session-00834,Organic,organic,2026-08-26,purchase,converted,ord-00834,var-sock-black-m
lead-00835,cust-0027,session-00835,Paid Social,camp-move,2026-07-06,purchase,converted,ord-00835,var-short-navy-l
lead-00836,cust-0136,session-00836,Instagram,camp-studio,2026-06-09,purchase,converted,ord-00836,var-sock-coral-m
lead-00837,cust-0316,session-00837,Instagram,camp-studio,2026-05-29,purchase,converted,ord-00837,var-top-sand-s
lead-00838,cust-0079,session-00838,Instagram,camp-studio,2026-08-13,purchase,converted,ord-00838,var-sock-coral-s
lead-00839,cust-0187,session-00839,Organic,organic,2026-04-29,purchase,converted,ord-00839,var-sock-lilac-l
lead-00840,cust-0364,session-00840,Instagram,camp-studio,2026-01-01,purchase,converted,ord-00840,var-legging-black-m
lead-00841,cust-0251,session-00841,Paid Social,camp-move,2026-06-30,purchase,converted,ord-00841,var-short-navy-s
lead-00842,cust-0056,session-00842,Instagram,camp-studio,2026-06-23,purchase,converted,ord-00842,var-sock-sage-m
lead-00843,cust-0378,session-00843,Paid Social,camp-move,2026-01-09,purchase,converted,ord-00843,var-sock-ivory-m
lead-00844,cust-0127,session-00844,Organic,organic,2026-08-29,purchase,converted,ord-00844,var-sock-ivory-l
lead-00845,cust-0303,session-00845,DM,camp-private,2026-08-10,purchase,converted,ord-00845,var-sock-rose-s
lead-00846,cust-0269,session-00846,DM,camp-private,2026-09-01,browse,lost,,
lead-00847,cust-0180,session-00847,Paid Social,camp-move,2026-09-21,purchase,converted,ord-00847,var-sock-black-s
lead-00848,cust-0165,session-00848,Instagram,camp-studio,2026-05-02,purchase,converted,ord-00848,var-sock-coral-s
lead-00849,cust-0058,session-00849,DM,camp-private,2026-04-03,purchase,converted,ord-00849,var-sock-sage-l
lead-00850,cust-0381,session-00850,Paid Social,camp-move,2026-07-20,purchase,converted,ord-00850,var-sock-ivory-s
lead-00851,cust-0336,session-00851,Instagram,camp-studio,2025-12-28,purchase,converted,ord-00851,var-sock-sage-m
lead-00852,cust-0130,session-00852,Organic,organic,2026-07-05,purchase,converted,ord-00852,var-top-sand-m
lead-00853,cust-0269,session-00853,Organic,organic,2026-09-01,purchase,converted,ord-00853,var-sock-black-m
lead-00854,cust-0356,session-00854,DM,camp-private,2026-03-02,purchase,converted,ord-00854,var-top-sand-s
lead-00855,cust-0082,session-00855,Instagram,camp-studio,2026-07-11,purchase,converted,ord-00855,var-top-sand-l
lead-00856,cust-0269,session-00856,Instagram,camp-studio,2026-09-01,purchase,converted,ord-00856,var-sock-black-m
lead-00857,cust-0021,session-00857,Instagram,camp-studio,2026-08-15,purchase,converted,ord-00857,var-sock-black-m
lead-00858,cust-0108,session-00858,Instagram,camp-studio,2026-06-22,purchase,converted,ord-00858,var-top-black-m
lead-00859,cust-0282,session-00859,DM,camp-private,2026-02-04,purchase,converted,ord-00859,var-sock-black-s
lead-00860,cust-0276,session-00860,Organic,organic,2026-08-24,purchase,converted,ord-00860,var-sock-lilac-s
lead-00861,cust-0321,session-00861,DM,camp-private,2026-08-12,purchase,converted,ord-00861,var-sock-lilac-s
lead-00862,cust-0246,session-00862,Paid Social,camp-move,2026-01-21,purchase,converted,ord-00862,var-sock-ivory-l
lead-00863,cust-0036,session-00863,Instagram,camp-studio,2026-02-11,purchase,converted,ord-00863,var-sock-black-s
lead-00864,cust-0330,session-00864,Instagram,camp-studio,2026-06-06,purchase,converted,ord-00864,var-short-black-m
lead-00865,cust-0174,session-00865,Instagram,camp-studio,2026-09-19,purchase,converted,ord-00865,var-sock-lilac-l
lead-00866,cust-0246,session-00866,Instagram,camp-studio,2026-01-21,purchase,converted,ord-00866,var-sock-black-m
lead-00867,cust-0053,session-00867,Organic,organic,2026-06-10,purchase,converted,ord-00867,var-sock-lilac-m
lead-00868,cust-0336,session-00868,Instagram,camp-studio,2026-02-15,purchase,converted,ord-00868,var-short-navy-l
lead-00869,cust-0185,session-00869,Organic,organic,2025-11-04,purchase,converted,ord-00869,var-sock-ivory-l
lead-00870,cust-0342,session-00870,Instagram,camp-studio,2026-09-08,purchase,converted,ord-00870,var-sock-coral-s
lead-00871,cust-0077,session-00871,Instagram,camp-studio,2026-08-23,purchase,converted,ord-00871,var-top-rose-s
lead-00872,cust-0219,session-00872,Instagram,camp-studio,2026-08-20,purchase,converted,ord-00872,var-sock-sage-m
lead-00873,cust-0171,session-00873,Organic,organic,2025-12-22,purchase,converted,ord-00873,var-sock-coral-s
lead-00874,cust-0367,session-00874,Paid Social,camp-move,2026-04-25,purchase,converted,ord-00874,var-sock-black-l
lead-00875,cust-0105,session-00875,Paid Social,camp-move,2026-03-07,purchase,converted,ord-00875,var-sock-sage-l
lead-00876,cust-0399,session-00876,Instagram,camp-studio,2026-08-27,purchase,converted,ord-00876,var-legging-black-m
lead-00877,cust-0014,session-00877,Organic,organic,2026-09-13,purchase,converted,ord-00877,var-sock-ivory-l
lead-00878,cust-0073,session-00878,Instagram,camp-studio,2025-11-01,purchase,converted,ord-00878,var-sock-ivory-m
lead-00879,cust-0228,session-00879,DM,camp-private,2026-08-18,purchase,converted,ord-00879,var-short-black-m
lead-00880,cust-0233,session-00880,DM,camp-private,2026-07-20,purchase,converted,ord-00880,var-sock-ivory-l
lead-00881,cust-0268,session-00881,Organic,organic,2026-04-03,purchase,converted,ord-00881,var-sock-lilac-s
lead-00882,cust-0240,session-00882,Instagram,camp-studio,2026-05-24,purchase,converted,ord-00882,var-sock-sage-l
lead-00883,cust-0139,session-00883,Instagram,camp-studio,2025-11-16,purchase,converted,ord-00883,var-sock-coral-l
lead-00884,cust-0104,session-00884,Organic,organic,2026-09-07,purchase,converted,ord-00884,var-sock-coral-s
lead-00885,cust-0048,session-00885,Instagram,camp-studio,2026-04-04,purchase,converted,ord-00885,var-sock-sage-m
lead-00886,cust-0397,session-00886,Instagram,camp-studio,2026-07-02,purchase,converted,ord-00886,var-legging-black-m
lead-00887,cust-0350,session-00887,Instagram,camp-studio,2026-05-17,purchase,converted,ord-00887,var-short-black-l
lead-00888,cust-0083,session-00888,Paid Social,camp-move,2026-06-05,purchase,converted,ord-00888,var-top-black-m
lead-00889,cust-0174,session-00889,Paid Social,camp-move,2026-08-08,purchase,converted,ord-00889,var-short-navy-s
lead-00890,cust-0107,session-00890,DM,camp-private,2026-07-31,browse,lost,,
lead-00891,cust-0159,session-00891,Organic,organic,2026-06-29,purchase,converted,ord-00891,var-sock-lilac-l
lead-00892,cust-0152,session-00892,Instagram,camp-studio,2026-06-19,purchase,converted,ord-00892,var-sock-lilac-l
lead-00893,cust-0072,session-00893,Organic,organic,2026-02-17,purchase,converted,ord-00893,var-sock-ivory-m
lead-00894,cust-0320,session-00894,Paid Social,camp-move,2026-03-01,purchase,converted,ord-00894,var-sock-black-m
lead-00895,cust-0030,session-00895,DM,camp-private,2026-09-16,purchase,converted,ord-00895,var-sock-ivory-l
lead-00896,cust-0038,session-00896,Paid Social,camp-move,2026-01-14,purchase,converted,ord-00896,var-sock-coral-l
lead-00897,cust-0103,session-00897,Instagram,camp-studio,2026-04-15,purchase,converted,ord-00897,var-legging-navy-s
lead-00898,cust-0164,session-00898,Instagram,camp-studio,2026-07-09,purchase,converted,ord-00898,var-short-navy-m
lead-00899,cust-0351,session-00899,Instagram,camp-studio,2026-04-26,purchase,converted,ord-00899,var-sock-black-l
lead-00900,cust-0133,session-00900,Organic,organic,2026-03-26,purchase,converted,ord-00900,var-legging-navy-l
lead-00901,cust-0083,session-00901,Paid Social,camp-move,2026-09-13,purchase,converted,ord-00901,var-top-rose-l
lead-00902,cust-0371,session-00902,Paid Social,camp-move,2026-08-29,purchase,converted,ord-00902,var-legging-navy-m
lead-00903,cust-0328,session-00903,Instagram,camp-studio,2026-07-18,purchase,converted,ord-00903,var-sock-ivory-l
lead-00904,cust-0179,session-00904,Organic,organic,2026-01-07,browse,lost,,
lead-00905,cust-0158,session-00905,Organic,organic,2026-09-06,purchase,converted,ord-00905,var-sock-lilac-m
lead-00906,cust-0278,session-00906,Paid Social,camp-move,2026-04-28,purchase,converted,ord-00906,var-sock-lilac-m
lead-00907,cust-0338,session-00907,DM,camp-private,2026-09-09,purchase,converted,ord-00907,var-legging-navy-s
lead-00908,cust-0316,session-00908,Instagram,camp-studio,2026-05-29,purchase,converted,ord-00908,var-sock-lilac-l
lead-00909,cust-0017,session-00909,Instagram,camp-studio,2026-08-29,purchase,converted,ord-00909,var-sock-ivory-s
lead-00910,cust-0064,session-00910,Organic,organic,2026-03-26,purchase,converted,ord-00910,var-short-coral-m
lead-00911,cust-0138,session-00911,Instagram,camp-studio,2026-08-25,purchase,converted,ord-00911,var-sock-rose-m
lead-00912,cust-0213,session-00912,Instagram,camp-studio,2026-06-25,purchase,converted,ord-00912,var-sock-sage-m
lead-00913,cust-0293,session-00913,Instagram,camp-studio,2026-08-21,browse,lost,,
lead-00914,cust-0373,session-00914,Paid Social,camp-move,2026-08-06,purchase,converted,ord-00914,var-sock-ivory-m
lead-00915,cust-0296,session-00915,Organic,organic,2026-04-10,purchase,converted,ord-00915,var-sock-sage-m
lead-00916,cust-0014,session-00916,Instagram,camp-studio,2026-09-03,purchase,converted,ord-00916,var-top-rose-l
lead-00917,cust-0399,session-00917,Instagram,camp-studio,2026-08-27,purchase,converted,ord-00917,var-sock-rose-m
lead-00918,cust-0141,session-00918,Organic,organic,2025-12-09,purchase,converted,ord-00918,var-legging-navy-s
lead-00919,cust-0186,session-00919,Paid Social,camp-move,2026-07-25,purchase,converted,ord-00919,var-sock-black-l
lead-00920,cust-0092,session-00920,Paid Social,camp-move,2026-08-25,purchase,converted,ord-00920,var-sock-sage-l
lead-00921,cust-0131,session-00921,Instagram,camp-studio,2026-07-17,purchase,converted,ord-00921,var-legging-olive-s
lead-00922,cust-0112,session-00922,Instagram,camp-studio,2025-10-25,purchase,converted,ord-00922,var-sock-black-l
lead-00923,cust-0224,session-00923,Organic,organic,2026-06-11,purchase,converted,ord-00923,var-sock-rose-l
lead-00924,cust-0106,session-00924,Paid Social,camp-move,2026-05-29,purchase,converted,ord-00924,var-short-black-m
lead-00925,cust-0291,session-00925,Paid Social,camp-move,2026-03-21,purchase,converted,ord-00925,var-top-rose-m
lead-00926,cust-0151,session-00926,Organic,organic,2026-07-28,purchase,converted,ord-00926,var-sock-black-s
lead-00927,cust-0166,session-00927,Organic,organic,2026-04-29,purchase,converted,ord-00927,var-sock-ivory-m
lead-00928,cust-0239,session-00928,Organic,organic,2026-07-09,purchase,converted,ord-00928,var-sock-rose-s
lead-00929,cust-0288,session-00929,DM,camp-private,2026-02-11,purchase,converted,ord-00929,var-short-black-s
lead-00930,cust-0388,session-00930,Instagram,camp-studio,2026-05-04,purchase,converted,ord-00930,var-sock-black-m
lead-00931,cust-0197,session-00931,Paid Social,camp-move,2026-01-21,purchase,converted,ord-00931,var-sock-lilac-s
lead-00932,cust-0271,session-00932,Instagram,camp-studio,2026-08-18,purchase,converted,ord-00932,var-short-coral-l
lead-00933,cust-0161,session-00933,DM,camp-private,2026-08-16,purchase,converted,ord-00933,var-legging-navy-s
lead-00934,cust-0053,session-00934,Instagram,camp-studio,2026-02-04,purchase,converted,ord-00934,var-short-coral-m
lead-00935,cust-0189,session-00935,Organic,organic,2026-06-24,purchase,converted,ord-00935,var-sock-black-m
lead-00936,cust-0156,session-00936,Instagram,camp-studio,2026-09-05,purchase,converted,ord-00936,var-sock-ivory-l
lead-00937,cust-0063,session-00937,Paid Social,camp-move,2026-08-04,purchase,converted,ord-00937,var-sock-coral-s
lead-00938,cust-0393,session-00938,DM,camp-private,2026-08-22,purchase,converted,ord-00938,var-legging-olive-s
lead-00939,cust-0254,session-00939,Instagram,camp-studio,2026-07-14,purchase,converted,ord-00939,var-sock-coral-s
lead-00940,cust-0303,session-00940,Paid Social,camp-move,2026-06-19,purchase,converted,ord-00940,var-top-rose-m
lead-00941,cust-0113,session-00941,Paid Social,camp-move,2026-03-27,purchase,converted,ord-00941,var-sock-rose-l
lead-00942,cust-0158,session-00942,DM,camp-private,2026-09-06,purchase,converted,ord-00942,var-sock-lilac-l
lead-00943,cust-0244,session-00943,Paid Social,camp-move,2026-08-26,purchase,converted,ord-00943,var-sock-lilac-m
lead-00944,cust-0258,session-00944,Paid Social,camp-move,2026-04-30,purchase,converted,ord-00944,var-sock-lilac-s
lead-00945,cust-0142,session-00945,DM,camp-private,2026-08-09,purchase,converted,ord-00945,var-legging-navy-s
lead-00946,cust-0019,session-00946,Instagram,camp-studio,2026-07-13,purchase,converted,ord-00946,var-short-coral-m
lead-00947,cust-0355,session-00947,Paid Social,camp-move,2026-06-16,purchase,converted,ord-00947,var-sock-sage-s
lead-00948,cust-0353,session-00948,Instagram,camp-studio,2026-07-17,purchase,converted,ord-00948,var-sock-lilac-l
lead-00949,cust-0136,session-00949,Instagram,camp-studio,2026-06-09,purchase,converted,ord-00949,var-sock-coral-s
lead-00950,cust-0009,session-00950,DM,camp-private,2026-07-09,purchase,converted,ord-00950,var-sock-ivory-m
lead-00951,cust-0377,session-00951,Paid Social,camp-move,2026-06-24,purchase,converted,ord-00951,var-sock-coral-s
lead-00952,cust-0007,session-00952,Instagram,camp-studio,2026-03-21,purchase,converted,ord-00952,var-short-coral-l
lead-00953,cust-0183,session-00953,Instagram,camp-studio,2026-06-25,purchase,converted,ord-00953,var-legging-olive-s
lead-00954,cust-0348,session-00954,Organic,organic,2026-03-19,purchase,converted,ord-00954,var-sock-rose-s
lead-00955,cust-0360,session-00955,Organic,organic,2026-03-16,purchase,converted,ord-00955,var-top-black-l
lead-00956,cust-0005,session-00956,Organic,organic,2026-06-04,purchase,converted,ord-00956,var-sock-coral-l
lead-00957,cust-0250,session-00957,Instagram,camp-studio,2026-02-16,purchase,converted,ord-00957,var-sock-ivory-s
lead-00958,cust-0026,session-00958,Instagram,camp-studio,2026-01-28,purchase,converted,ord-00958,var-sock-coral-l
lead-00959,cust-0366,session-00959,Instagram,camp-studio,2026-08-18,purchase,converted,ord-00959,var-top-black-s
lead-00960,cust-0182,session-00960,Organic,organic,2026-01-27,purchase,converted,ord-00960,var-legging-olive-l
lead-00961,cust-0297,session-00961,DM,camp-private,2026-01-21,purchase,converted,ord-00961,var-sock-sage-s
lead-00962,cust-0224,session-00962,Instagram,camp-studio,2025-11-22,purchase,converted,ord-00962,var-top-black-l
lead-00963,cust-0239,session-00963,Organic,organic,2026-04-25,purchase,converted,ord-00963,var-sock-ivory-m
lead-00964,cust-0125,session-00964,Paid Social,camp-move,2026-07-16,purchase,converted,ord-00964,var-legging-navy-m
lead-00965,cust-0044,session-00965,Instagram,camp-studio,2026-01-10,browse,lost,,
lead-00966,cust-0346,session-00966,DM,camp-private,2026-07-15,purchase,converted,ord-00966,var-sock-coral-s
lead-00967,cust-0346,session-00967,Organic,organic,2026-08-15,purchase,converted,ord-00967,var-short-navy-m
lead-00968,cust-0103,session-00968,Instagram,camp-studio,2026-01-12,purchase,converted,ord-00968,var-sock-ivory-s
lead-00969,cust-0259,session-00969,Paid Social,camp-move,2026-05-07,purchase,converted,ord-00969,var-sock-ivory-l
lead-00970,cust-0222,session-00970,DM,camp-private,2026-06-13,purchase,converted,ord-00970,var-top-rose-l
lead-00971,cust-0055,session-00971,Paid Social,camp-move,2026-05-17,purchase,converted,ord-00971,var-sock-lilac-s
lead-00972,cust-0182,session-00972,Paid Social,camp-move,2025-12-13,purchase,converted,ord-00972,var-top-black-l
lead-00973,cust-0263,session-00973,Instagram,camp-studio,2026-04-30,purchase,converted,ord-00973,var-legging-navy-m
lead-00974,cust-0338,session-00974,Organic,organic,2026-07-23,purchase,converted,ord-00974,var-sock-ivory-l
lead-00975,cust-0166,session-00975,Organic,organic,2026-07-20,purchase,converted,ord-00975,var-sock-ivory-l
lead-00976,cust-0396,session-00976,Instagram,camp-studio,2026-08-29,purchase,converted,ord-00976,var-sock-lilac-m
lead-00977,cust-0129,session-00977,Instagram,camp-studio,2026-07-18,purchase,converted,ord-00977,var-sock-black-s
lead-00978,cust-0358,session-00978,Paid Social,camp-move,2026-05-10,browse,lost,,
lead-00979,cust-0147,session-00979,Instagram,camp-studio,2026-01-15,purchase,converted,ord-00979,var-sock-ivory-s
lead-00980,cust-0291,session-00980,Organic,organic,2026-06-28,purchase,converted,ord-00980,var-sock-coral-s
lead-00981,cust-0225,session-00981,DM,camp-private,2026-04-28,purchase,converted,ord-00981,var-sock-coral-m
lead-00982,cust-0256,session-00982,Instagram,camp-studio,2026-01-24,purchase,converted,ord-00982,var-short-navy-l
lead-00983,cust-0295,session-00983,Organic,organic,2026-01-23,purchase,converted,ord-00983,var-sock-black-m
lead-00984,cust-0057,session-00984,Paid Social,camp-move,2026-07-17,purchase,converted,ord-00984,var-sock-sage-m
lead-00985,cust-0376,session-00985,Organic,organic,2026-03-09,purchase,converted,ord-00985,var-sock-black-l
lead-00986,cust-0360,session-00986,Instagram,camp-studio,2026-03-01,purchase,converted,ord-00986,var-legging-black-l
lead-00987,cust-0067,session-00987,DM,camp-private,2026-09-17,purchase,converted,ord-00987,var-top-sand-m
lead-00988,cust-0195,session-00988,DM,camp-private,2026-09-06,purchase,converted,ord-00988,var-short-coral-m
lead-00989,cust-0316,session-00989,Instagram,camp-studio,2026-05-29,purchase,converted,ord-00989,var-sock-black-s
lead-00990,cust-0008,session-00990,Organic,organic,2026-01-27,purchase,converted,ord-00990,var-sock-sage-m
lead-00991,cust-0126,session-00991,Instagram,camp-studio,2026-07-06,purchase,converted,ord-00991,var-sock-coral-l
lead-00992,cust-0377,session-00992,Organic,organic,2026-06-24,purchase,converted,ord-00992,var-sock-sage-l
lead-00993,cust-0335,session-00993,Paid Social,camp-move,2026-01-25,purchase,converted,ord-00993,var-short-coral-m
lead-00994,cust-0380,session-00994,Instagram,camp-studio,2026-07-02,purchase,converted,ord-00994,var-sock-lilac-l
lead-00995,cust-0139,session-00995,DM,camp-private,2026-02-11,purchase,converted,ord-00995,var-top-sand-s
lead-00996,cust-0195,session-00996,DM,camp-private,2026-01-23,purchase,converted,ord-00996,var-legging-black-s
lead-00997,cust-0015,session-00997,DM,camp-private,2026-06-28,purchase,converted,ord-00997,var-short-navy-s
lead-00998,cust-0284,session-00998,Organic,organic,2026-04-08,purchase,converted,ord-00998,var-top-rose-l
lead-00999,cust-0196,session-00999,DM,camp-private,2026-07-09,purchase,converted,ord-00999,var-sock-rose-l
lead-01000,cust-0020,session-01000,Instagram,camp-studio,2026-08-03,purchase,converted,ord-01000,var-short-black-m
lead-01001,cust-0292,session-01001,Instagram,camp-studio,2026-08-26,purchase,converted,ord-01001,var-sock-black-s
lead-01002,cust-0184,session-01002,DM,camp-private,2026-06-20,purchase,converted,ord-01002,var-legging-olive-l
lead-01003,cust-0142,session-01003,Organic,organic,2026-08-09,purchase,converted,ord-01003,var-legging-black-m
lead-01004,cust-0022,session-01004,DM,camp-private,2026-07-02,purchase,converted,ord-01004,var-sock-sage-l
lead-01005,cust-0167,session-01005,Paid Social,camp-move,2026-07-11,purchase,converted,ord-01005,var-top-black-s
lead-01006,cust-0334,session-01006,Paid Social,camp-move,2026-06-09,browse,lost,,
lead-01007,cust-0303,session-01007,Instagram,camp-studio,2026-04-15,purchase,converted,ord-01007,var-top-rose-m
lead-01008,cust-0111,session-01008,Organic,organic,2026-04-03,purchase,converted,ord-01008,var-legging-black-l
lead-01009,cust-0323,session-01009,DM,camp-private,2026-06-29,purchase,converted,ord-01009,var-sock-black-m
lead-01010,cust-0269,session-01010,Paid Social,camp-move,2026-09-01,purchase,converted,ord-01010,var-sock-sage-l
lead-01011,cust-0384,session-01011,DM,camp-private,2026-01-25,purchase,converted,ord-01011,var-sock-coral-m
lead-01012,cust-0215,session-01012,Paid Social,camp-move,2026-01-17,purchase,converted,ord-01012,var-sock-lilac-m
lead-01013,cust-0061,session-01013,Paid Social,camp-move,2026-02-19,purchase,converted,ord-01013,var-short-navy-s
lead-01014,cust-0233,session-01014,Instagram,camp-studio,2026-07-20,purchase,converted,ord-01014,var-sock-black-m
lead-01015,cust-0086,session-01015,Instagram,camp-studio,2026-02-05,purchase,converted,ord-01015,var-top-black-l
lead-01016,cust-0286,session-01016,DM,camp-private,2026-05-16,purchase,converted,ord-01016,var-short-coral-l
lead-01017,cust-0182,session-01017,Organic,organic,2026-05-09,purchase,converted,ord-01017,var-sock-ivory-m
lead-01018,cust-0004,session-01018,DM,camp-private,2026-07-22,purchase,converted,ord-01018,var-sock-ivory-l
lead-01019,cust-0144,session-01019,Instagram,camp-studio,2026-09-05,purchase,converted,ord-01019,var-short-black-s
lead-01020,cust-0219,session-01020,Instagram,camp-studio,2026-08-20,purchase,converted,ord-01020,var-sock-rose-s
lead-01021,cust-0295,session-01021,Instagram,camp-studio,2026-08-03,purchase,converted,ord-01021,var-sock-lilac-l
lead-01022,cust-0106,session-01022,Organic,organic,2026-07-01,purchase,converted,ord-01022,var-top-rose-l
lead-01023,cust-0293,session-01023,DM,camp-private,2026-08-21,purchase,converted,ord-01023,var-sock-ivory-s
lead-01024,cust-0375,session-01024,Instagram,camp-studio,2026-08-30,purchase,converted,ord-01024,var-sock-black-l
lead-01025,cust-0172,session-01025,Paid Social,camp-move,2026-06-08,purchase,converted,ord-01025,var-sock-sage-m
lead-01026,cust-0362,session-01026,Instagram,camp-studio,2026-06-15,purchase,converted,ord-01026,var-legging-black-m
lead-01027,cust-0126,session-01027,DM,camp-private,2026-07-06,purchase,converted,ord-01027,var-sock-coral-s
lead-01028,cust-0046,session-01028,Organic,organic,2026-06-13,purchase,converted,ord-01028,var-sock-coral-l
lead-01029,cust-0195,session-01029,DM,camp-private,2026-08-11,purchase,converted,ord-01029,var-top-black-s
lead-01030,cust-0343,session-01030,Paid Social,camp-move,2026-05-28,purchase,converted,ord-01030,var-sock-rose-m
lead-01031,cust-0387,session-01031,Paid Social,camp-move,2026-02-16,purchase,converted,ord-01031,var-sock-lilac-l
lead-01032,cust-0178,session-01032,Paid Social,camp-move,2026-09-13,purchase,converted,ord-01032,var-short-black-m
lead-01033,cust-0015,session-01033,Instagram,camp-studio,2026-06-28,purchase,converted,ord-01033,var-legging-olive-l
lead-01034,cust-0028,session-01034,Paid Social,camp-move,2026-02-06,purchase,converted,ord-01034,var-sock-ivory-l
lead-01035,cust-0310,session-01035,Instagram,camp-studio,2026-06-25,purchase,converted,ord-01035,var-sock-sage-m
lead-01036,cust-0284,session-01036,DM,camp-private,2025-12-24,purchase,converted,ord-01036,var-short-navy-l
lead-01037,cust-0368,session-01037,Instagram,camp-studio,2026-05-14,purchase,converted,ord-01037,var-sock-rose-m
lead-01038,cust-0249,session-01038,Instagram,camp-studio,2026-05-28,purchase,converted,ord-01038,var-legging-black-m
lead-01039,cust-0259,session-01039,Organic,organic,2026-09-17,purchase,converted,ord-01039,var-sock-ivory-m
lead-01040,cust-0201,session-01040,Organic,organic,2026-06-21,purchase,converted,ord-01040,var-sock-black-s
lead-01041,cust-0104,session-01041,Instagram,camp-studio,2026-09-07,purchase,converted,ord-01041,var-sock-black-l
lead-01042,cust-0288,session-01042,Paid Social,camp-move,2026-02-11,purchase,converted,ord-01042,var-sock-black-s
lead-01043,cust-0191,session-01043,DM,camp-private,2026-06-28,purchase,converted,ord-01043,var-sock-sage-l
lead-01044,cust-0043,session-01044,Paid Social,camp-move,2025-12-10,purchase,converted,ord-01044,var-sock-lilac-s
lead-01045,cust-0268,session-01045,Organic,organic,2026-07-09,purchase,converted,ord-01045,var-sock-sage-m
lead-01046,cust-0138,session-01046,Instagram,camp-studio,2026-09-10,purchase,converted,ord-01046,var-sock-rose-m
lead-01047,cust-0248,session-01047,Paid Social,camp-move,2026-08-30,purchase,converted,ord-01047,var-top-sand-m
lead-01048,cust-0066,session-01048,Instagram,camp-studio,2025-12-29,purchase,converted,ord-01048,var-sock-ivory-s
lead-01049,cust-0281,session-01049,Paid Social,camp-move,2026-05-09,purchase,converted,ord-01049,var-short-coral-s
lead-01050,cust-0315,session-01050,Paid Social,camp-move,2026-08-26,purchase,converted,ord-01050,var-sock-sage-l
lead-01051,cust-0242,session-01051,Instagram,camp-studio,2026-05-16,purchase,converted,ord-01051,var-top-rose-s
lead-01052,cust-0003,session-01052,DM,camp-private,2026-02-28,purchase,converted,ord-01052,var-sock-black-m
lead-01053,cust-0081,session-01053,Instagram,camp-studio,2025-12-14,purchase,converted,ord-01053,var-sock-rose-s
lead-01054,cust-0189,session-01054,Organic,organic,2026-08-07,purchase,converted,ord-01054,var-legging-olive-s
lead-01055,cust-0053,session-01055,Instagram,camp-studio,2026-02-04,purchase,converted,ord-01055,var-sock-lilac-s
lead-01056,cust-0002,session-01056,Organic,organic,2026-01-18,purchase,converted,ord-01056,var-sock-black-s
lead-01057,cust-0218,session-01057,Paid Social,camp-move,2026-08-31,purchase,converted,ord-01057,var-sock-lilac-s
lead-01058,cust-0310,session-01058,Organic,organic,2026-05-12,purchase,converted,ord-01058,var-short-navy-l
lead-01059,cust-0251,session-01059,Organic,organic,2026-09-12,purchase,converted,ord-01059,var-sock-sage-l
lead-01060,cust-0188,session-01060,Organic,organic,2026-05-30,purchase,converted,ord-01060,var-sock-rose-s
lead-01061,cust-0270,session-01061,Instagram,camp-studio,2026-08-22,purchase,converted,ord-01061,var-top-rose-m
lead-01062,cust-0018,session-01062,Instagram,camp-studio,2026-08-19,purchase,converted,ord-01062,var-legging-olive-l
lead-01063,cust-0293,session-01063,Organic,organic,2026-08-21,purchase,converted,ord-01063,var-top-rose-s
lead-01064,cust-0332,session-01064,Organic,organic,2026-06-28,purchase,converted,ord-01064,var-short-coral-m
lead-01065,cust-0068,session-01065,Paid Social,camp-move,2025-11-03,purchase,converted,ord-01065,var-legging-black-m
lead-01066,cust-0009,session-01066,Organic,organic,2026-03-11,purchase,converted,ord-01066,var-short-black-s
lead-01067,cust-0343,session-01067,Instagram,camp-studio,2025-11-22,purchase,converted,ord-01067,var-legging-black-l
lead-01068,cust-0142,session-01068,Instagram,camp-studio,2026-08-09,purchase,converted,ord-01068,var-legging-black-s
lead-01069,cust-0180,session-01069,Instagram,camp-studio,2025-12-09,purchase,converted,ord-01069,var-sock-ivory-s
lead-01070,cust-0045,session-01070,Instagram,camp-studio,2026-03-13,purchase,converted,ord-01070,var-legging-olive-s
lead-01071,cust-0042,session-01071,Instagram,camp-studio,2026-02-11,purchase,converted,ord-01071,var-short-coral-l
lead-01072,cust-0028,session-01072,DM,camp-private,2026-04-04,purchase,converted,ord-01072,var-sock-rose-s
lead-01073,cust-0179,session-01073,Paid Social,camp-move,2026-08-16,purchase,converted,ord-01073,var-sock-lilac-s
lead-01074,cust-0108,session-01074,Paid Social,camp-move,2026-09-16,purchase,converted,ord-01074,var-sock-sage-m
lead-01075,cust-0283,session-01075,Instagram,camp-studio,2026-04-26,purchase,converted,ord-01075,var-sock-black-m
lead-01076,cust-0166,session-01076,Paid Social,camp-move,2026-03-31,purchase,converted,ord-01076,var-sock-ivory-s
lead-01077,cust-0005,session-01077,Paid Social,camp-move,2025-12-12,purchase,converted,ord-01077,var-sock-ivory-l
lead-01078,cust-0295,session-01078,Paid Social,camp-move,2026-09-12,purchase,converted,ord-01078,var-sock-sage-m
lead-01079,cust-0219,session-01079,Organic,organic,2026-08-20,purchase,converted,ord-01079,var-sock-sage-s
lead-01080,cust-0067,session-01080,Instagram,camp-studio,2026-09-17,browse,lost,,
lead-01081,cust-0085,session-01081,Instagram,camp-studio,2026-08-31,purchase,converted,ord-01081,var-sock-rose-m
lead-01082,cust-0398,session-01082,Instagram,camp-studio,2026-04-01,purchase,converted,ord-01082,var-short-coral-m
lead-01083,cust-0343,session-01083,Organic,organic,2026-04-02,purchase,converted,ord-01083,var-sock-ivory-m
lead-01084,cust-0069,session-01084,Organic,organic,2026-04-14,purchase,converted,ord-01084,var-top-sand-m
lead-01085,cust-0037,session-01085,Paid Social,camp-move,2026-03-18,purchase,converted,ord-01085,var-sock-ivory-l
lead-01086,cust-0175,session-01086,Organic,organic,2026-06-05,purchase,converted,ord-01086,var-legging-navy-m
lead-01087,cust-0109,session-01087,Paid Social,camp-move,2026-03-02,purchase,converted,ord-01087,var-sock-lilac-s
lead-01088,cust-0018,session-01088,Organic,organic,2026-04-26,purchase,converted,ord-01088,var-sock-ivory-s
lead-01089,cust-0007,session-01089,Instagram,camp-studio,2025-12-13,purchase,converted,ord-01089,var-sock-lilac-s
lead-01090,cust-0400,session-01090,DM,camp-private,2026-05-22,purchase,converted,ord-01090,var-sock-ivory-l
lead-01091,cust-0197,session-01091,Instagram,camp-studio,2026-09-02,purchase,converted,ord-01091,var-short-coral-l
lead-01092,cust-0236,session-01092,Instagram,camp-studio,2026-03-28,purchase,converted,ord-01092,var-sock-sage-s
lead-01093,cust-0167,session-01093,DM,camp-private,2026-05-12,purchase,converted,ord-01093,var-sock-lilac-s
lead-01094,cust-0274,session-01094,Instagram,camp-studio,2026-04-16,purchase,converted,ord-01094,var-sock-lilac-l
lead-01095,cust-0376,session-01095,Paid Social,camp-move,2026-06-17,purchase,converted,ord-01095,var-sock-ivory-s
lead-01096,cust-0217,session-01096,Instagram,camp-studio,2026-04-15,browse,lost,,
lead-01097,cust-0316,session-01097,Paid Social,camp-move,2026-06-12,purchase,converted,ord-01097,var-sock-coral-s
lead-01098,cust-0224,session-01098,DM,camp-private,2026-02-09,purchase,converted,ord-01098,var-short-black-m
lead-01099,cust-0010,session-01099,DM,camp-private,2026-04-22,purchase,converted,ord-01099,var-top-black-m
lead-01100,cust-0010,session-01100,Instagram,camp-studio,2026-09-20,purchase,converted,ord-01100,var-short-black-m
lead-01101,cust-0326,session-01101,Instagram,camp-studio,2026-07-23,purchase,converted,ord-01101,var-sock-lilac-l
lead-01102,cust-0345,session-01102,Instagram,camp-studio,2026-04-09,purchase,converted,ord-01102,var-sock-sage-l
lead-01103,cust-0272,session-01103,Instagram,camp-studio,2026-03-30,purchase,converted,ord-01103,var-sock-ivory-m
lead-01104,cust-0320,session-01104,Paid Social,camp-move,2026-03-21,purchase,converted,ord-01104,var-sock-coral-s
lead-01105,cust-0276,session-01105,Paid Social,camp-move,2025-11-28,purchase,converted,ord-01105,var-sock-rose-s
lead-01106,cust-0282,session-01106,Instagram,camp-studio,2026-04-19,purchase,converted,ord-01106,var-sock-ivory-s
lead-01107,cust-0254,session-01107,Instagram,camp-studio,2026-07-14,purchase,converted,ord-01107,var-top-sand-s
lead-01108,cust-0350,session-01108,Paid Social,camp-move,2025-11-11,purchase,converted,ord-01108,var-sock-black-s
lead-01109,cust-0313,session-01109,Paid Social,camp-move,2026-09-13,purchase,converted,ord-01109,var-sock-rose-m
lead-01110,cust-0242,session-01110,Instagram,camp-studio,2026-09-07,purchase,converted,ord-01110,var-legging-navy-l
lead-01111,cust-0123,session-01111,Paid Social,camp-move,2026-02-04,purchase,converted,ord-01111,var-sock-black-l
lead-01112,cust-0124,session-01112,Organic,organic,2025-12-21,purchase,converted,ord-01112,var-legging-navy-l
lead-01113,cust-0036,session-01113,DM,camp-private,2026-02-11,purchase,converted,ord-01113,var-sock-coral-s
lead-01114,cust-0367,session-01114,DM,camp-private,2026-07-29,purchase,converted,ord-01114,var-legging-black-m
lead-01115,cust-0372,session-01115,Paid Social,camp-move,2026-05-14,purchase,converted,ord-01115,var-top-sand-m
lead-01116,cust-0135,session-01116,Organic,organic,2026-07-15,purchase,converted,ord-01116,var-legging-navy-m
lead-01117,cust-0038,session-01117,Organic,organic,2026-05-14,purchase,converted,ord-01117,var-sock-lilac-l
lead-01118,cust-0359,session-01118,Paid Social,camp-move,2026-08-30,purchase,converted,ord-01118,var-sock-rose-m
lead-01119,cust-0325,session-01119,Paid Social,camp-move,2026-03-01,purchase,converted,ord-01119,var-legging-navy-m
lead-01120,cust-0109,session-01120,Instagram,camp-studio,2026-07-17,purchase,converted,ord-01120,var-sock-coral-m
lead-01121,cust-0257,session-01121,Paid Social,camp-move,2026-05-22,purchase,converted,ord-01121,var-top-rose-s
lead-01122,cust-0195,session-01122,DM,camp-private,2026-01-23,purchase,converted,ord-01122,var-sock-rose-l
lead-01123,cust-0236,session-01123,Organic,organic,2026-07-10,purchase,converted,ord-01123,var-short-navy-m
lead-01124,cust-0284,session-01124,Organic,organic,2026-06-22,purchase,converted,ord-01124,var-sock-coral-m
lead-01125,cust-0379,session-01125,DM,camp-private,2026-06-08,purchase,converted,ord-01125,var-top-sand-l
lead-01126,cust-0098,session-01126,Organic,organic,2026-04-04,purchase,converted,ord-01126,var-sock-coral-s
lead-01127,cust-0038,session-01127,Paid Social,camp-move,2025-12-31,purchase,converted,ord-01127,var-sock-rose-s
lead-01128,cust-0227,session-01128,Instagram,camp-studio,2026-08-17,purchase,converted,ord-01128,var-sock-black-s
lead-01129,cust-0308,session-01129,Paid Social,camp-move,2026-04-09,purchase,converted,ord-01129,var-top-black-s
lead-01130,cust-0128,session-01130,Instagram,camp-studio,2026-03-15,purchase,converted,ord-01130,var-sock-ivory-l
lead-01131,cust-0261,session-01131,Paid Social,camp-move,2026-05-20,purchase,converted,ord-01131,var-sock-lilac-l
lead-01132,cust-0276,session-01132,Instagram,camp-studio,2025-12-24,purchase,converted,ord-01132,var-sock-sage-m
lead-01133,cust-0080,session-01133,Instagram,camp-studio,2026-03-27,purchase,converted,ord-01133,var-short-black-m
lead-01134,cust-0265,session-01134,DM,camp-private,2026-05-22,purchase,converted,ord-01134,var-sock-rose-l
lead-01135,cust-0156,session-01135,Instagram,camp-studio,2026-09-05,purchase,converted,ord-01135,var-sock-sage-s
lead-01136,cust-0391,session-01136,Instagram,camp-studio,2026-04-23,purchase,converted,ord-01136,var-sock-ivory-m
lead-01137,cust-0132,session-01137,Organic,organic,2026-04-14,purchase,converted,ord-01137,var-sock-coral-l
lead-01138,cust-0111,session-01138,Paid Social,camp-move,2026-08-04,purchase,converted,ord-01138,var-sock-sage-m
lead-01139,cust-0200,session-01139,Organic,organic,2026-09-09,purchase,converted,ord-01139,var-short-black-s
lead-01140,cust-0225,session-01140,Instagram,camp-studio,2026-02-14,purchase,converted,ord-01140,var-top-sand-m
lead-01141,cust-0339,session-01141,Paid Social,camp-move,2026-02-02,purchase,converted,ord-01141,var-sock-black-l
lead-01142,cust-0161,session-01142,Organic,organic,2026-08-16,purchase,converted,ord-01142,var-sock-lilac-l
lead-01143,cust-0383,session-01143,Instagram,camp-studio,2025-10-27,purchase,converted,ord-01143,var-short-navy-m
lead-01144,cust-0031,session-01144,Paid Social,camp-move,2026-06-28,purchase,converted,ord-01144,var-top-black-m
lead-01145,cust-0295,session-01145,DM,camp-private,2026-03-11,purchase,converted,ord-01145,var-short-navy-s
lead-01146,cust-0263,session-01146,Paid Social,camp-move,2026-04-30,purchase,converted,ord-01146,var-top-sand-m
lead-01147,cust-0379,session-01147,DM,camp-private,2026-06-08,purchase,converted,ord-01147,var-short-coral-l
lead-01148,cust-0206,session-01148,Instagram,camp-studio,2026-07-13,purchase,converted,ord-01148,var-sock-lilac-m
lead-01149,cust-0341,session-01149,Organic,organic,2026-01-20,purchase,converted,ord-01149,var-short-black-s
lead-01150,cust-0076,session-01150,Instagram,camp-studio,2026-04-04,purchase,converted,ord-01150,var-sock-black-l
lead-01151,cust-0118,session-01151,Instagram,camp-studio,2026-08-24,purchase,converted,ord-01151,var-sock-rose-s
lead-01152,cust-0226,session-01152,Organic,organic,2026-01-15,purchase,converted,ord-01152,var-legging-olive-s
lead-01153,cust-0225,session-01153,Instagram,camp-studio,2026-04-14,purchase,converted,ord-01153,var-sock-ivory-l
lead-01154,cust-0371,session-01154,Instagram,camp-studio,2026-06-13,purchase,converted,ord-01154,var-sock-sage-l
lead-01155,cust-0185,session-01155,Instagram,camp-studio,2026-05-24,purchase,converted,ord-01155,var-sock-lilac-m
lead-01156,cust-0223,session-01156,Instagram,camp-studio,2026-08-21,browse,lost,,
lead-01157,cust-0024,session-01157,Organic,organic,2026-06-07,purchase,converted,ord-01157,var-sock-coral-s
lead-01158,cust-0090,session-01158,Organic,organic,2026-06-14,purchase,converted,ord-01158,var-sock-ivory-s
lead-01159,cust-0105,session-01159,Paid Social,camp-move,2026-03-07,purchase,converted,ord-01159,var-sock-black-s
lead-01160,cust-0241,session-01160,DM,camp-private,2025-10-26,purchase,converted,ord-01160,var-sock-coral-m
lead-01161,cust-0034,session-01161,Organic,organic,2026-05-09,purchase,converted,ord-01161,var-sock-ivory-m
lead-01162,cust-0001,session-01162,Paid Social,camp-move,2026-02-28,purchase,converted,ord-01162,var-sock-coral-l
lead-01163,cust-0293,session-01163,Instagram,camp-studio,2026-08-21,purchase,converted,ord-01163,var-sock-ivory-s
lead-01164,cust-0095,session-01164,Instagram,camp-studio,2026-08-25,purchase,converted,ord-01164,var-top-rose-m
lead-01165,cust-0137,session-01165,Instagram,camp-studio,2026-06-01,purchase,converted,ord-01165,var-legging-black-m
lead-01166,cust-0198,session-01166,Instagram,camp-studio,2026-08-11,purchase,converted,ord-01166,var-short-navy-l
lead-01167,cust-0097,session-01167,Organic,organic,2026-08-09,browse,lost,,
lead-01168,cust-0173,session-01168,Organic,organic,2026-03-13,purchase,converted,ord-01168,var-sock-coral-l
lead-01169,cust-0343,session-01169,Organic,organic,2026-03-16,purchase,converted,ord-01169,var-sock-coral-l
lead-01170,cust-0235,session-01170,Instagram,camp-studio,2025-11-17,purchase,converted,ord-01170,var-sock-lilac-l
lead-01171,cust-0262,session-01171,Instagram,camp-studio,2026-08-25,purchase,converted,ord-01171,var-sock-sage-l
lead-01172,cust-0078,session-01172,Organic,organic,2026-07-07,purchase,converted,ord-01172,var-top-rose-m
lead-01173,cust-0052,session-01173,Instagram,camp-studio,2026-09-05,purchase,converted,ord-01173,var-legging-navy-m
lead-01174,cust-0313,session-01174,Organic,organic,2026-09-13,purchase,converted,ord-01174,var-top-sand-m
lead-01175,cust-0376,session-01175,DM,camp-private,2026-08-01,purchase,converted,ord-01175,var-sock-ivory-l
lead-01176,cust-0128,session-01176,Instagram,camp-studio,2026-03-20,browse,lost,,
lead-01177,cust-0345,session-01177,Organic,organic,2026-02-10,purchase,converted,ord-01177,var-sock-coral-s
lead-01178,cust-0153,session-01178,Paid Social,camp-move,2026-01-28,purchase,converted,ord-01178,var-short-coral-l
lead-01179,cust-0131,session-01179,DM,camp-private,2026-07-17,purchase,converted,ord-01179,var-short-navy-m
lead-01180,cust-0116,session-01180,Instagram,camp-studio,2026-06-16,browse,lost,,
lead-01181,cust-0341,session-01181,Organic,organic,2026-06-02,browse,lost,,
lead-01182,cust-0376,session-01182,Organic,organic,2026-02-10,purchase,converted,ord-01182,var-legging-olive-l
lead-01183,cust-0114,session-01183,Paid Social,camp-move,2026-07-21,purchase,converted,ord-01183,var-top-sand-s
lead-01184,cust-0342,session-01184,Instagram,camp-studio,2026-04-16,purchase,converted,ord-01184,var-sock-rose-m
lead-01185,cust-0364,session-01185,Paid Social,camp-move,2026-07-28,purchase,converted,ord-01185,var-top-sand-l
lead-01186,cust-0222,session-01186,Organic,organic,2026-08-30,purchase,converted,ord-01186,var-legging-navy-s
lead-01187,cust-0130,session-01187,Organic,organic,2026-04-29,purchase,converted,ord-01187,var-top-black-m
lead-01188,cust-0395,session-01188,DM,camp-private,2026-06-29,purchase,converted,ord-01188,var-legging-navy-l
lead-01189,cust-0171,session-01189,DM,camp-private,2026-03-21,purchase,converted,ord-01189,var-sock-sage-s
lead-01190,cust-0047,session-01190,Paid Social,camp-move,2026-08-15,purchase,converted,ord-01190,var-sock-coral-s
lead-01191,cust-0225,session-01191,Organic,organic,2026-03-26,browse,lost,,
lead-01192,cust-0365,session-01192,Organic,organic,2026-08-31,purchase,converted,ord-01192,var-sock-sage-m
lead-01193,cust-0069,session-01193,Instagram,camp-studio,2026-04-07,browse,lost,,
lead-01194,cust-0043,session-01194,Organic,organic,2026-03-06,purchase,converted,ord-01194,var-sock-rose-l
lead-01195,cust-0226,session-01195,Organic,organic,2026-08-19,purchase,converted,ord-01195,var-sock-coral-s
lead-01196,cust-0266,session-01196,Paid Social,camp-move,2026-07-16,purchase,converted,ord-01196,var-top-black-l
lead-01197,cust-0187,session-01197,Instagram,camp-studio,2026-03-06,purchase,converted,ord-01197,var-short-coral-m
lead-01198,cust-0275,session-01198,Instagram,camp-studio,2026-03-14,purchase,converted,ord-01198,var-sock-coral-l
lead-01199,cust-0255,session-01199,Paid Social,camp-move,2026-07-21,browse,lost,,
lead-01200,cust-0034,session-01200,Paid Social,camp-move,2026-05-09,purchase,converted,ord-01200,var-top-rose-s
lead-public-00001,cust-0001,session-public-00001,Instagram,camp-studio,2025-11-22,consider,lost,,
lead-public-00002,cust-0008,session-public-00012,Organic,organic,2026-09-13,browse,open,,
lead-public-00003,cust-0015,session-public-00023,DM,camp-private,2026-06-28,browse,open,,
lead-public-00004,cust-0022,session-public-00034,Paid Social,camp-move,2026-01-11,consider,open,,
lead-public-00005,cust-0029,session-public-00045,Instagram,camp-studio,2026-09-06,browse,lost,,
lead-public-00006,cust-0036,session-public-00056,Organic,organic,2026-02-11,browse,open,,
lead-public-00007,cust-0043,session-public-00067,DM,camp-private,2026-06-23,consider,open,,
lead-public-00008,cust-0050,session-public-00078,Paid Social,camp-move,2026-09-18,browse,open,,
lead-public-00009,cust-0057,session-public-00089,Instagram,camp-studio,2026-02-18,browse,lost,,
lead-public-00010,cust-0064,session-public-00100,Organic,organic,2026-07-27,consider,open,,
lead-public-00011,cust-0071,session-public-00111,DM,camp-private,2026-07-02,browse,open,,
lead-public-00012,cust-0078,session-public-00122,Paid Social,camp-move,2026-05-12,browse,open,,
lead-public-00013,cust-0085,session-public-00133,Instagram,camp-studio,2026-08-31,consider,lost,,
lead-public-00014,cust-0092,session-public-00144,Organic,organic,2026-08-13,browse,open,,
lead-public-00015,cust-0099,session-public-00155,DM,camp-private,2026-02-07,browse,open,,
lead-public-00016,cust-0106,session-public-00166,Paid Social,camp-move,2026-06-03,consider,open,,
lead-public-00017,cust-0113,session-public-00177,Instagram,camp-studio,2026-07-11,browse,lost,,
lead-public-00018,cust-0120,session-public-00188,Organic,organic,2026-08-17,browse,open,,
lead-public-00019,cust-0127,session-public-00199,DM,camp-private,2026-09-05,consider,open,,
lead-public-00020,cust-0134,session-public-00210,Paid Social,camp-move,2026-01-12,browse,open,,
lead-public-00021,cust-0141,session-public-00221,Instagram,camp-studio,2025-12-09,browse,lost,,
lead-public-00022,cust-0148,session-public-00232,Organic,organic,2026-04-07,consider,open,,
lead-public-00023,cust-0155,session-public-00243,DM,camp-private,2026-09-20,browse,open,,
lead-public-00024,cust-0162,session-public-00254,Paid Social,camp-move,2026-04-03,browse,open,,
lead-public-00025,cust-0169,session-public-00265,Instagram,camp-studio,2026-09-13,consider,lost,,
lead-public-00026,cust-0176,session-public-00276,Organic,organic,2026-08-15,browse,open,,
lead-public-00027,cust-0183,session-public-00287,DM,camp-private,2026-06-25,browse,open,,
lead-public-00028,cust-0190,session-public-00298,Paid Social,camp-move,2026-06-03,consider,open,,
lead-public-00029,cust-0197,session-public-00309,Instagram,camp-studio,2026-04-08,browse,lost,,
lead-public-00030,cust-0204,session-public-00320,Organic,organic,2026-08-25,browse,open,,
lead-public-00031,cust-0211,session-public-00331,DM,camp-private,2026-04-26,consider,open,,
lead-public-00032,cust-0218,session-public-00342,Paid Social,camp-move,2026-08-31,browse,open,,
lead-public-00033,cust-0225,session-public-00353,Instagram,camp-studio,2026-01-26,browse,lost,,
lead-public-00034,cust-0232,session-public-00364,Organic,organic,2026-03-03,consider,open,,
lead-public-00035,cust-0239,session-public-00375,DM,camp-private,2026-03-05,browse,open,,
lead-public-00036,cust-0246,session-public-00386,Paid Social,camp-move,2026-01-21,browse,open,,
lead-public-00037,cust-0253,session-public-00397,Instagram,camp-studio,2026-08-20,consider,lost,,
lead-public-00038,cust-0260,session-public-00408,Organic,organic,2026-09-06,browse,open,,
lead-public-00039,cust-0267,session-public-00419,DM,camp-private,2026-05-19,browse,open,,
lead-public-00040,cust-0274,session-public-00430,Paid Social,camp-move,2026-05-01,consider,open,,
lead-public-00041,cust-0281,session-public-00441,Instagram,camp-studio,2026-08-08,browse,lost,,
lead-public-00042,cust-0288,session-public-00452,Organic,organic,2026-03-27,browse,open,,
lead-public-00043,cust-0295,session-public-00463,DM,camp-private,2025-12-28,consider,open,,
lead-public-00044,cust-0302,session-public-00474,Paid Social,camp-move,2026-02-26,browse,open,,
lead-public-00045,cust-0309,session-public-00485,Instagram,camp-studio,2026-04-21,browse,lost,,
lead-public-00046,cust-0316,session-public-00496,Organic,organic,2026-05-29,consider,open,,
lead-public-00047,cust-0323,session-public-00507,DM,camp-private,2026-07-07,browse,open,,
lead-public-00048,cust-0330,session-public-00518,Paid Social,camp-move,2026-06-06,browse,open,,
lead-public-00049,cust-0337,session-public-00529,Instagram,camp-studio,2025-11-04,consider,lost,,
lead-public-00050,cust-0344,session-public-00540,Organic,organic,2026-07-10,browse,open,,
lead-public-00051,cust-0351,session-public-00551,DM,camp-private,2026-04-24,browse,open,,
lead-public-00052,cust-0358,session-public-00562,Paid Social,camp-move,2026-04-19,consider,open,,
lead-public-00053,cust-0365,session-public-00573,Instagram,camp-studio,2026-08-31,browse,lost,,
lead-public-00054,cust-0372,session-public-00584,Organic,organic,2026-05-14,browse,open,,
lead-public-00055,cust-0379,session-public-00595,DM,camp-private,2026-08-31,consider,open,,
lead-public-00056,cust-0386,session-public-00606,Paid Social,camp-move,2026-09-03,browse,open,,
lead-public-00057,cust-0393,session-public-00617,Instagram,camp-studio,2026-08-22,browse,lost,,
lead-public-00058,cust-0400,session-public-00628,Organic,organic,2026-06-11,consider,open,,
lead-public-00059,cust-0007,session-public-00639,DM,camp-private,2026-02-25,browse,open,,
lead-public-00060,cust-0014,session-public-00650,Paid Social,camp-move,2026-09-03,browse,open,,
lead-public-00061,cust-0021,session-public-00661,Instagram,camp-studio,2026-05-20,consider,lost,,
lead-public-00062,cust-0028,session-public-00672,Organic,organic,2026-06-11,browse,open,,
lead-public-00063,cust-0035,session-public-00683,DM,camp-private,2026-07-20,browse,open,,
lead-public-00064,cust-0042,session-public-00694,Paid Social,camp-move,2026-02-11,consider,open,,
lead-public-00065,cust-0049,session-public-00705,Instagram,camp-studio,2025-11-10,browse,lost,,
lead-public-00066,cust-0056,session-public-00716,Organic,organic,2026-06-23,browse,open,,
lead-public-00067,cust-0063,session-public-00727,DM,camp-private,2026-08-04,consider,open,,
lead-public-00068,cust-0070,session-public-00738,Paid Social,camp-move,2026-08-26,browse,open,,
lead-public-00069,cust-0077,session-public-00749,Instagram,camp-studio,2026-02-16,browse,lost,,
lead-public-00070,cust-0084,session-public-00760,Organic,organic,2026-02-03,consider,open,,
lead-public-00071,cust-0091,session-public-00771,DM,camp-private,2026-07-30,browse,open,,
lead-public-00072,cust-0098,session-public-00782,Paid Social,camp-move,2026-04-04,browse,open,,
lead-public-00073,cust-0105,session-public-00793,Instagram,camp-studio,2026-03-07,consider,lost,,
lead-public-00074,cust-0112,session-public-00804,Organic,organic,2026-09-02,browse,open,,
lead-public-00075,cust-0119,session-public-00815,DM,camp-private,2026-09-04,browse,open,,
lead-public-00076,cust-0126,session-public-00826,Paid Social,camp-move,2026-07-06,consider,open,,
lead-public-00077,cust-0133,session-public-00837,Instagram,camp-studio,2026-05-18,browse,lost,,
lead-public-00078,cust-0140,session-public-00848,Organic,organic,2025-11-17,browse,open,,
lead-public-00079,cust-0147,session-public-00859,DM,camp-private,2025-12-19,consider,open,,
lead-public-00080,cust-0154,session-public-00870,Paid Social,camp-move,2026-07-02,browse,open,,
lead-public-00081,cust-0161,session-public-00881,Instagram,camp-studio,2026-08-16,browse,lost,,
lead-public-00082,cust-0168,session-public-00892,Organic,organic,2025-10-26,consider,open,,
lead-public-00083,cust-0175,session-public-00903,DM,camp-private,2026-04-23,browse,open,,
lead-public-00084,cust-0182,session-public-00914,Paid Social,camp-move,2026-04-29,browse,open,,
lead-public-00085,cust-0189,session-public-00925,Instagram,camp-studio,2026-03-30,consider,lost,,
lead-public-00086,cust-0196,session-public-00936,Organic,organic,2026-09-09,browse,open,,
lead-public-00087,cust-0203,session-public-00947,DM,camp-private,2025-12-30,browse,open,,
lead-public-00088,cust-0210,session-public-00958,Paid Social,camp-move,2026-07-29,consider,open,,
lead-public-00089,cust-0217,session-public-00969,Instagram,camp-studio,2026-04-14,browse,lost,,
lead-public-00090,cust-0224,session-public-00980,Organic,organic,2026-09-21,browse,open,,
lead-public-00091,cust-0231,session-public-00991,DM,camp-private,2026-08-05,consider,open,,
lead-public-00092,cust-0238,session-public-01002,Paid Social,camp-move,2026-08-18,browse,open,,
lead-public-00093,cust-0245,session-public-01013,Instagram,camp-studio,2026-06-12,browse,lost,,
lead-public-00094,cust-0252,session-public-01024,Organic,organic,2025-11-28,consider,open,,
lead-public-00095,cust-0259,session-public-01035,DM,camp-private,2026-07-03,browse,open,,
lead-public-00096,cust-0266,session-public-01046,Paid Social,camp-move,2026-07-29,browse,open,,
lead-public-00097,cust-0273,session-public-01057,Instagram,camp-studio,2026-07-01,consider,lost,,
lead-public-00098,cust-0280,session-public-01068,Organic,organic,2026-06-23,browse,open,,
lead-public-00099,cust-0287,session-public-01079,DM,camp-private,2026-01-27,browse,open,,
lead-public-00100,cust-0294,session-public-01090,Paid Social,camp-move,2026-06-25,consider,open,,
lead-public-00101,cust-0301,session-public-01101,Instagram,camp-studio,2026-05-26,browse,lost,,
lead-public-00102,cust-0308,session-public-01112,Organic,organic,2026-04-09,browse,open,,
lead-public-00103,cust-0315,session-public-01123,DM,camp-private,2026-08-26,consider,open,,
lead-public-00104,cust-0322,session-public-01134,Paid Social,camp-move,2026-07-15,browse,open,,
lead-public-00105,cust-0329,session-public-01145,Instagram,camp-studio,2026-06-01,browse,lost,,
lead-public-00106,cust-0336,session-public-01156,Organic,organic,2026-01-06,consider,open,,
lead-public-00107,cust-0343,session-public-01167,DM,camp-private,2025-12-15,browse,open,,
lead-public-00108,cust-0350,session-public-01178,Paid Social,camp-move,2026-04-01,browse,open,,
lead-public-00109,cust-0357,session-public-01189,Instagram,camp-studio,2026-04-11,consider,lost,,
lead-public-00110,cust-0364,session-public-01200,Organic,organic,2026-04-17,browse,open,,
lead-public-00111,cust-0371,session-public-01211,DM,camp-private,2026-09-10,browse,open,,
lead-public-00112,cust-0378,session-public-01222,Paid Social,camp-move,2026-07-09,consider,open,,
lead-public-00113,cust-0385,session-public-01233,Instagram,camp-studio,2026-06-04,browse,lost,,
lead-public-00114,cust-0392,session-public-01244,Organic,organic,2026-08-01,browse,open,,
lead-public-00115,cust-0399,session-public-01255,DM,camp-private,2026-08-27,consider,open,,
lead-public-00116,cust-0006,session-public-01266,Paid Social,camp-move,2026-08-18,browse,open,,
lead-public-00117,cust-0013,session-public-01277,Instagram,camp-studio,2025-11-22,browse,lost,,
lead-public-00118,cust-0020,session-public-01288,Organic,organic,2025-12-20,consider,open,,
lead-public-00119,cust-0027,session-public-01299,DM,camp-private,2026-07-06,browse,open,,
lead-public-00120,cust-0034,session-public-01310,Paid Social,camp-move,2026-05-09,browse,open,,
lead-public-00121,cust-0041,session-public-01321,Instagram,camp-studio,2026-08-24,consider,lost,,
lead-public-00122,cust-0048,session-public-01332,Organic,organic,2026-04-04,browse,open,,
lead-public-00123,cust-0055,session-public-01343,DM,camp-private,2026-05-30,browse,open,,
lead-public-00124,cust-0062,session-public-01354,Paid Social,camp-move,2026-08-09,consider,open,,
lead-public-00125,cust-0069,session-public-01365,Instagram,camp-studio,2025-12-20,browse,lost,,
lead-public-00126,cust-0076,session-public-01376,Organic,organic,2026-06-26,browse,open,,
lead-public-00127,cust-0083,session-public-01387,DM,camp-private,2026-05-18,consider,open,,
lead-public-00128,cust-0090,session-public-01398,Paid Social,camp-move,2026-03-15,browse,open,,
lead-public-00129,cust-0097,session-public-01409,Instagram,camp-studio,2026-05-16,browse,lost,,
lead-public-00130,cust-0104,session-public-01420,Organic,organic,2026-09-07,consider,open,,
lead-public-00131,cust-0111,session-public-01431,DM,camp-private,2026-06-16,browse,open,,
lead-public-00132,cust-0118,session-public-01442,Paid Social,camp-move,2026-08-17,browse,open,,
lead-public-00133,cust-0125,session-public-01453,Instagram,camp-studio,2026-09-12,consider,lost,,
lead-public-00134,cust-0132,session-public-01464,Organic,organic,2026-04-14,browse,open,,
lead-public-00135,cust-0139,session-public-01475,DM,camp-private,2025-11-21,browse,open,,
lead-public-00136,cust-0146,session-public-01486,Paid Social,camp-move,2026-07-24,consider,open,,
lead-public-00137,cust-0153,session-public-01497,Instagram,camp-studio,2026-09-04,browse,lost,,
lead-public-00138,cust-0160,session-public-01508,Organic,organic,2026-06-24,browse,open,,
lead-public-00139,cust-0167,session-public-01519,DM,camp-private,2026-05-12,consider,open,,
lead-public-00140,cust-0174,session-public-01530,Paid Social,camp-move,2026-08-08,browse,open,,
lead-public-00141,cust-0181,session-public-01541,Instagram,camp-studio,2026-05-11,browse,lost,,
lead-public-00142,cust-0188,session-public-01552,Organic,organic,2026-06-08,consider,open,,
lead-public-00143,cust-0195,session-public-01563,DM,camp-private,2026-08-22,browse,open,,
lead-public-00144,cust-0202,session-public-01574,Paid Social,camp-move,2025-12-14,browse,open,,
lead-public-00145,cust-0209,session-public-01585,Instagram,camp-studio,2026-06-19,consider,lost,,
lead-public-00146,cust-0216,session-public-01596,Organic,organic,2026-02-28,browse,open,,
lead-public-00147,cust-0223,session-public-01607,DM,camp-private,2026-05-11,browse,open,,
lead-public-00148,cust-0230,session-public-01618,Paid Social,camp-move,2026-09-19,consider,open,,
lead-public-00149,cust-0237,session-public-01629,Instagram,camp-studio,2026-09-19,browse,lost,,
lead-public-00150,cust-0244,session-public-01640,Organic,organic,2026-04-15,browse,open,,
lead-public-00151,cust-0251,session-public-01651,DM,camp-private,2026-06-25,consider,open,,
lead-public-00152,cust-0258,session-public-01662,Paid Social,camp-move,2026-07-17,browse,open,,
lead-public-00153,cust-0265,session-public-01673,Instagram,camp-studio,2026-04-26,browse,lost,,
lead-public-00154,cust-0272,session-public-01684,Organic,organic,2026-06-20,consider,open,,
lead-public-00155,cust-0279,session-public-01695,DM,camp-private,2026-05-24,browse,open,,
lead-public-00156,cust-0286,session-public-01706,Paid Social,camp-move,2026-05-16,browse,open,,
lead-public-00157,cust-0293,session-public-01717,Instagram,camp-studio,2026-08-21,consider,lost,,
lead-public-00158,cust-0300,session-public-01728,Organic,organic,2026-05-28,browse,open,,
lead-public-00159,cust-0307,session-public-01739,DM,camp-private,2026-05-25,browse,open,,
lead-public-00160,cust-0314,session-public-01750,Paid Social,camp-move,2026-07-03,consider,open,,
lead-public-00161,cust-0321,session-public-01761,Instagram,camp-studio,2026-08-16,browse,lost,,
lead-public-00162,cust-0328,session-public-01772,Organic,organic,2026-07-28,browse,open,,
lead-public-00163,cust-0335,session-public-01783,DM,camp-private,2026-09-06,consider,open,,
lead-public-00164,cust-0342,session-public-01794,Paid Social,camp-move,2026-04-16,browse,open,,
lead-public-00165,cust-0349,session-public-01805,Instagram,camp-studio,2026-08-05,browse,lost,,
lead-public-00166,cust-0356,session-public-01816,Organic,organic,2026-03-12,consider,open,,
lead-public-00167,cust-0363,session-public-01827,DM,camp-private,2026-08-01,browse,open,,
lead-public-00168,cust-0370,session-public-01838,Paid Social,camp-move,2026-03-05,browse,open,,
lead-public-00169,cust-0377,session-public-01849,Instagram,camp-studio,2026-07-25,consider,lost,,
lead-public-00170,cust-0384,session-public-01860,Organic,organic,2026-07-09,browse,open,,
lead-public-00171,cust-0391,session-public-01871,DM,camp-private,2026-06-30,browse,open,,
lead-public-00172,cust-0398,session-public-01882,Paid Social,camp-move,2026-06-10,consider,open,,
lead-public-00173,cust-0005,session-public-01893,Instagram,camp-studio,2026-05-23,browse,lost,,
lead-public-00174,cust-0012,session-public-01904,Organic,organic,2025-12-02,browse,open,,
lead-public-00175,cust-0019,session-public-01915,DM,camp-private,2025-10-12,consider,open,,
lead-public-00176,cust-0026,session-public-01926,Paid Social,camp-move,2026-01-23,browse,open,,
lead-public-00177,cust-0033,session-public-01937,Instagram,camp-studio,2026-01-12,browse,lost,,
lead-public-00178,cust-0040,session-public-01948,Organic,organic,2026-04-26,consider,open,,
lead-public-00179,cust-0047,session-public-01959,DM,camp-private,2026-01-23,browse,open,,
lead-public-00180,cust-0054,session-public-01970,Paid Social,camp-move,2026-02-26,browse,open,,
lead-public-00181,cust-0061,session-public-01981,Instagram,camp-studio,2026-09-21,consider,lost,,
lead-public-00182,cust-0068,session-public-01992,Organic,organic,2026-09-01,browse,open,,
lead-public-00183,cust-0075,session-public-02003,DM,camp-private,2026-05-06,browse,open,,
lead-public-00184,cust-0082,session-public-02014,Paid Social,camp-move,2026-03-30,consider,open,,
lead-public-00185,cust-0089,session-public-02025,Instagram,camp-studio,2026-08-19,browse,lost,,
lead-public-00186,cust-0096,session-public-02036,Organic,organic,2025-12-14,browse,open,,
lead-public-00187,cust-0103,session-public-02047,DM,camp-private,2026-01-12,consider,open,,
lead-public-00188,cust-0110,session-public-02058,Paid Social,camp-move,2026-04-15,browse,open,,
lead-public-00189,cust-0117,session-public-02069,Instagram,camp-studio,2026-08-23,browse,lost,,
lead-public-00190,cust-0124,session-public-02080,Organic,organic,2026-06-17,consider,open,,
lead-public-00191,cust-0131,session-public-02091,DM,camp-private,2026-07-17,browse,open,,
lead-public-00192,cust-0138,session-public-02102,Paid Social,camp-move,2026-02-16,browse,open,,
lead-public-00193,cust-0145,session-public-02113,Instagram,camp-studio,2026-04-26,consider,lost,,
lead-public-00194,cust-0152,session-public-02124,Organic,organic,2026-06-22,browse,open,,
lead-public-00195,cust-0159,session-public-02135,DM,camp-private,2026-06-23,browse,open,,
lead-public-00196,cust-0166,session-public-02146,Paid Social,camp-move,2026-07-12,consider,open,,
lead-public-00197,cust-0173,session-public-02157,Instagram,camp-studio,2026-07-29,browse,lost,,
lead-public-00198,cust-0180,session-public-02168,Organic,organic,2026-04-12,browse,open,,
lead-public-00199,cust-0187,session-public-02179,DM,camp-private,2026-04-17,consider,open,,
lead-public-00200,cust-0194,session-public-02190,Paid Social,camp-move,2026-07-26,browse,open,,
lead-public-00201,cust-0201,session-public-02201,Instagram,camp-studio,2026-06-21,browse,lost,,
lead-public-00202,cust-0208,session-public-02212,Organic,organic,2026-08-20,consider,open,,
lead-public-00203,cust-0215,session-public-02223,DM,camp-private,2026-05-18,browse,open,,
lead-public-00204,cust-0222,session-public-02234,Paid Social,camp-move,2026-08-15,browse,open,,
lead-public-00205,cust-0229,session-public-02245,Instagram,camp-studio,2026-07-25,consider,lost,,
lead-public-00206,cust-0236,session-public-02256,Organic,organic,2025-12-30,browse,open,,
lead-public-00207,cust-0243,session-public-02267,DM,camp-private,2026-03-10,browse,open,,
lead-public-00208,cust-0250,session-public-02278,Paid Social,camp-move,2026-05-15,consider,open,,
lead-public-00209,cust-0257,session-public-02289,Instagram,camp-studio,2026-05-29,browse,lost,,
lead-public-00210,cust-0264,session-public-02300,Organic,organic,2026-03-22,browse,open,,
lead-public-00211,cust-0271,session-public-02311,DM,camp-private,2026-08-18,consider,open,,
lead-public-00212,cust-0278,session-public-02322,Paid Social,camp-move,2025-12-30,browse,open,,
lead-public-00213,cust-0285,session-public-02333,Instagram,camp-studio,2026-02-11,browse,lost,,
lead-public-00214,cust-0292,session-public-02344,Organic,organic,2026-08-30,consider,open,,
lead-public-00215,cust-0299,session-public-02355,DM,camp-private,2026-08-11,browse,open,,
lead-public-00216,cust-0306,session-public-02366,Paid Social,camp-move,2026-07-23,browse,open,,
lead-public-00217,cust-0313,session-public-02377,Instagram,camp-studio,2026-09-13,consider,lost,,
lead-public-00218,cust-0320,session-public-02388,Organic,organic,2026-05-17,browse,open,,
lead-public-00219,cust-0327,session-public-02399,DM,camp-private,2026-03-10,browse,open,,
lead-public-00220,cust-0334,session-public-02410,Paid Social,camp-move,2026-06-09,consider,open,,
lead-public-00221,cust-0341,session-public-02421,Instagram,camp-studio,2026-01-20,browse,lost,,
lead-public-00222,cust-0348,session-public-02432,Organic,organic,2026-07-31,browse,open,,
lead-public-00223,cust-0355,session-public-02443,DM,camp-private,2026-06-16,consider,open,,
lead-public-00224,cust-0362,session-public-02454,Paid Social,camp-move,2026-02-04,browse,open,,
lead-public-00225,cust-0369,session-public-02465,Instagram,camp-studio,2026-08-29,browse,lost,,
lead-public-00226,cust-0376,session-public-02476,Organic,organic,2025-10-29,consider,open,,
lead-public-00227,cust-0383,session-public-02487,DM,camp-private,2026-08-03,browse,open,,
lead-public-00228,cust-0390,session-public-02498,Paid Social,camp-move,2026-09-17,browse,open,,
lead-public-00229,cust-0397,session-public-02509,Instagram,camp-studio,2026-07-02,consider,lost,,
lead-public-00230,cust-0004,session-public-02520,Organic,organic,2026-09-18,browse,open,,
lead-public-00231,cust-0011,session-public-02531,DM,camp-private,2026-09-17,browse,open,,
lead-public-00232,cust-0018,session-public-02542,Paid Social,camp-move,2026-04-26,consider,open,,
lead-public-00233,cust-0025,session-public-02553,Instagram,camp-studio,2026-07-27,browse,lost,,
lead-public-00234,cust-0032,session-public-02564,Organic,organic,2026-04-24,browse,open,,
lead-public-00235,cust-0039,session-public-02575,DM,camp-private,2026-09-14,consider,open,,
lead-public-00236,cust-0046,session-public-02586,Paid Social,camp-move,2026-04-26,browse,open,,
lead-public-00237,cust-0053,session-public-02597,Instagram,camp-studio,2026-05-29,browse,lost,,
lead-public-00238,cust-0060,session-public-02608,Organic,organic,2026-07-01,consider,open,,
lead-public-00239,cust-0067,session-public-02619,DM,camp-private,2026-09-17,browse,open,,
lead-public-00240,cust-0074,session-public-02630,Paid Social,camp-move,2026-02-09,browse,open,,
lead-public-00241,cust-0081,session-public-02641,Instagram,camp-studio,2026-07-21,consider,lost,,
lead-public-00242,cust-0088,session-public-02652,Organic,organic,2026-09-06,browse,open,,
lead-public-00243,cust-0095,session-public-02663,DM,camp-private,2026-05-10,browse,open,,
lead-public-00244,cust-0102,session-public-02674,Paid Social,camp-move,2026-07-04,consider,open,,
lead-public-00245,cust-0109,session-public-02685,Instagram,camp-studio,2026-03-02,browse,lost,,
lead-public-00246,cust-0116,session-public-02696,Organic,organic,2026-01-08,browse,open,,
lead-public-00247,cust-0123,session-public-02707,DM,camp-private,2026-07-06,consider,open,,
lead-public-00248,cust-0130,session-public-02718,Paid Social,camp-move,2026-08-19,browse,open,,
lead-public-00249,cust-0137,session-public-02729,Instagram,camp-studio,2026-06-01,browse,lost,,
lead-public-00250,cust-0144,session-public-02740,Organic,organic,2026-09-11,consider,open,,
lead-public-00251,cust-0151,session-public-02751,DM,camp-private,2026-05-19,browse,open,,
lead-public-00252,cust-0158,session-public-02762,Paid Social,camp-move,2026-09-06,browse,open,,
lead-public-00253,cust-0165,session-public-02773,Instagram,camp-studio,2026-05-02,consider,lost,,
lead-public-00254,cust-0172,session-public-02784,Organic,organic,2026-06-22,browse,open,,
lead-public-00255,cust-0179,session-public-02795,DM,camp-private,2026-04-16,browse,open,,
lead-public-00256,cust-0186,session-public-02806,Paid Social,camp-move,2026-08-24,consider,open,,
lead-public-00257,cust-0193,session-public-02817,Instagram,camp-studio,2026-05-11,browse,lost,,
lead-public-00258,cust-0200,session-public-02828,Organic,organic,2025-10-27,browse,open,,
lead-public-00259,cust-0207,session-public-02839,DM,camp-private,2025-12-15,consider,open,,
lead-public-00260,cust-0214,session-public-02850,Paid Social,camp-move,2026-09-10,browse,open,,
lead-public-00261,cust-0221,session-public-02861,Instagram,camp-studio,2026-09-13,browse,lost,,
lead-public-00262,cust-0228,session-public-02872,Organic,organic,2026-06-04,consider,open,,
lead-public-00263,cust-0235,session-public-02883,DM,camp-private,2025-12-01,browse,open,,
lead-public-00264,cust-0242,session-public-02894,Paid Social,camp-move,2025-11-24,browse,open,,
lead-public-00265,cust-0249,session-public-02905,Instagram,camp-studio,2026-06-26,consider,lost,,
lead-public-00266,cust-0256,session-public-02916,Organic,organic,2026-01-24,browse,open,,
lead-public-00267,cust-0263,session-public-02927,DM,camp-private,2026-04-30,browse,open,,
lead-public-00268,cust-0270,session-public-02938,Paid Social,camp-move,2026-08-22,consider,open,,
lead-public-00269,cust-0277,session-public-02949,Instagram,camp-studio,2026-07-10,browse,lost,,
lead-public-00270,cust-0284,session-public-02960,Organic,organic,2026-06-09,browse,open,,
lead-public-00271,cust-0291,session-public-02971,DM,camp-private,2026-01-21,consider,open,,
lead-public-00272,cust-0298,session-public-02982,Paid Social,camp-move,2025-12-16,browse,open,,
lead-public-00273,cust-0305,session-public-02993,Instagram,camp-studio,2026-04-25,browse,lost,,
lead-public-00274,cust-0312,session-public-03004,Organic,organic,2026-09-10,consider,open,,
lead-public-00275,cust-0319,session-public-03015,DM,camp-private,2026-02-20,browse,open,,
lead-public-00276,cust-0326,session-public-03026,Paid Social,camp-move,2026-07-13,browse,open,,
lead-public-00277,cust-0333,session-public-03037,Instagram,camp-studio,2026-05-08,consider,lost,,
lead-public-00278,cust-0340,session-public-03048,Organic,organic,2026-09-05,browse,open,,
lead-public-00279,cust-0347,session-public-03059,DM,camp-private,2026-08-28,browse,open,,
lead-public-00280,cust-0354,session-public-03070,Paid Social,camp-move,2026-07-08,consider,open,,
lead-public-00281,cust-0361,session-public-03081,Instagram,camp-studio,2026-01-22,browse,lost,,
lead-public-00282,cust-0368,session-public-03092,Organic,organic,2026-05-14,browse,open,,
lead-public-00283,cust-0375,session-public-03103,DM,camp-private,2025-12-13,consider,open,,
lead-public-00284,cust-0382,session-public-03114,Paid Social,camp-move,2026-07-01,browse,open,,
lead-public-00285,cust-0389,session-public-03125,Instagram,camp-studio,2026-06-27,browse,lost,,
lead-public-00286,cust-0396,session-public-03136,Organic,organic,2026-08-29,consider,open,,
lead-public-00287,cust-0003,session-public-03147,DM,camp-private,2025-09-23,browse,open,,
lead-public-00288,cust-0010,session-public-03158,Paid Social,camp-move,2026-01-25,browse,open,,
lead-public-00289,cust-0017,session-public-03169,Instagram,camp-studio,2026-07-21,consider,lost,,
lead-public-00290,cust-0024,session-public-03180,Organic,organic,2026-06-07,browse,open,,
lead-public-00291,cust-0031,session-public-03191,DM,camp-private,2026-06-28,browse,open,,
lead-public-00292,cust-0038,session-public-03202,Paid Social,camp-move,2026-01-04,consider,open,,
lead-public-00293,cust-0045,session-public-03213,Instagram,camp-studio,2026-03-13,browse,lost,,
lead-public-00294,cust-0052,session-public-03224,Organic,organic,2026-08-17,browse,open,,
lead-public-00295,cust-0059,session-public-03235,DM,camp-private,2026-07-25,consider,open,,
lead-public-00296,cust-0066,session-public-03246,Paid Social,camp-move,2026-09-13,browse,open,,
lead-public-00297,cust-0073,session-public-03257,Instagram,camp-studio,2026-07-13,browse,lost,,
lead-public-00298,cust-0080,session-public-03268,Organic,organic,2026-03-27,consider,open,,
lead-public-00299,cust-0087,session-public-03279,DM,camp-private,2026-09-16,browse,open,,
lead-public-00300,cust-0094,session-public-03290,Paid Social,camp-move,2026-06-22,browse,open,,
lead-public-00301,cust-0101,session-public-03301,Instagram,camp-studio,2026-09-09,consider,lost,,
lead-public-00302,cust-0108,session-public-03312,Organic,organic,2025-12-20,browse,open,,
lead-public-00303,cust-0115,session-public-03323,DM,camp-private,2026-05-02,browse,open,,
lead-public-00304,cust-0122,session-public-03334,Paid Social,camp-move,2026-03-09,consider,open,,
lead-public-00305,cust-0129,session-public-03345,Instagram,camp-studio,2026-07-31,browse,lost,,
lead-public-00306,cust-0136,session-public-03356,Organic,organic,2026-06-09,browse,open,,
lead-public-00307,cust-0143,session-public-03367,DM,camp-private,2026-06-22,consider,open,,
lead-public-00308,cust-0150,session-public-03378,Paid Social,camp-move,2026-07-24,browse,open,,
lead-public-00309,cust-0157,session-public-03389,Instagram,camp-studio,2026-06-24,browse,lost,,
lead-public-00310,cust-0164,session-public-03400,Organic,organic,2026-02-19,consider,open,,
lead-public-00311,cust-0171,session-public-03411,DM,camp-private,2026-06-14,browse,open,,
lead-public-00312,cust-0178,session-public-03422,Paid Social,camp-move,2026-07-30,browse,open,,
lead-public-00313,cust-0185,session-public-03433,Instagram,camp-studio,2025-10-07,consider,lost,,
lead-public-00314,cust-0192,session-public-03444,Organic,organic,2026-02-26,browse,open,,
lead-public-00315,cust-0199,session-public-03455,DM,camp-private,2026-05-28,browse,open,,
lead-public-00316,cust-0206,session-public-03466,Paid Social,camp-move,2026-06-30,consider,open,,
lead-public-00317,cust-0213,session-public-03477,Instagram,camp-studio,2026-06-25,browse,lost,,
lead-public-00318,cust-0220,session-public-03488,Organic,organic,2026-05-02,browse,open,,
lead-public-00319,cust-0227,session-public-03499,DM,camp-private,2026-03-17,consider,open,,
lead-public-00320,cust-0234,session-public-03510,Paid Social,camp-move,2026-07-07,browse,open,,
lead-public-00321,cust-0241,session-public-03521,Instagram,camp-studio,2025-10-26,browse,lost,,
lead-public-00322,cust-0248,session-public-03532,Organic,organic,2026-08-30,consider,open,,
lead-public-00323,cust-0255,session-public-03543,DM,camp-private,2026-05-22,browse,open,,
lead-public-00324,cust-0262,session-public-03554,Paid Social,camp-move,2026-08-25,browse,open,,
lead-public-00325,cust-0269,session-public-03565,Instagram,camp-studio,2026-09-01,consider,lost,,
lead-public-00326,cust-0276,session-public-03576,Organic,organic,2025-11-16,browse,open,,
lead-public-00327,cust-0283,session-public-03587,DM,camp-private,2026-09-04,browse,open,,
lead-public-00328,cust-0290,session-public-03598,Paid Social,camp-move,2026-06-30,consider,open,,
lead-public-00329,cust-0297,session-public-03609,Instagram,camp-studio,2026-01-28,browse,lost,,
lead-public-00330,cust-0304,session-public-03620,Organic,organic,2026-02-17,browse,open,,
lead-public-00331,cust-0311,session-public-03631,DM,camp-private,2026-02-19,consider,open,,
lead-public-00332,cust-0318,session-public-03642,Paid Social,camp-move,2026-06-11,browse,open,,
lead-public-00333,cust-0325,session-public-03653,Instagram,camp-studio,2026-06-05,browse,lost,,
lead-public-00334,cust-0332,session-public-03664,Organic,organic,2026-09-09,consider,open,,
lead-public-00335,cust-0339,session-public-03675,DM,camp-private,2026-01-06,browse,open,,
lead-public-00336,cust-0346,session-public-03686,Paid Social,camp-move,2026-07-15,browse,open,,
lead-public-00337,cust-0353,session-public-03697,Instagram,camp-studio,2026-07-17,consider,lost,,
lead-public-00338,cust-0360,session-public-03708,Organic,organic,2026-03-01,browse,open,,
lead-public-00339,cust-0367,session-public-03719,DM,camp-private,2026-06-07,browse,open,,
lead-public-00340,cust-0374,session-public-03730,Paid Social,camp-move,2026-07-07,consider,open,,
lead-public-00341,cust-0381,session-public-03741,Instagram,camp-studio,2025-11-28,browse,lost,,
lead-public-00342,cust-0388,session-public-03752,Organic,organic,2026-06-03,browse,open,,
lead-public-00343,cust-0395,session-public-03763,DM,camp-private,2026-03-29,consider,open,,
lead-public-00344,cust-0002,session-public-03774,Paid Social,camp-move,2026-08-15,browse,open,,
lead-public-00345,cust-0009,session-public-03785,Instagram,camp-studio,2026-03-16,browse,lost,,
lead-public-00346,cust-0016,session-public-03796,Organic,organic,2026-06-07,consider,open,,
lead-public-00347,cust-0023,session-public-03807,DM,camp-private,2026-01-30,browse,open,,
lead-public-00348,cust-0030,session-public-03818,Paid Social,camp-move,2026-09-16,browse,open,,
lead-public-00349,cust-0037,session-public-03829,Instagram,camp-studio,2025-11-20,consider,lost,,
lead-public-00350,cust-0044,session-public-03840,Organic,organic,2026-04-13,browse,open,,
lead-public-00351,cust-0051,session-public-03851,DM,camp-private,2026-03-17,browse,open,,
lead-public-00352,cust-0058,session-public-03862,Paid Social,camp-move,2026-05-03,consider,open,,
lead-public-00353,cust-0065,session-public-03873,Instagram,camp-studio,2026-07-14,browse,lost,,
lead-public-00354,cust-0072,session-public-03884,Organic,organic,2026-05-09,browse,open,,
lead-public-00355,cust-0079,session-public-03895,DM,camp-private,2026-08-13,consider,open,,
lead-public-00356,cust-0086,session-public-03906,Paid Social,camp-move,2026-05-11,browse,open,,
lead-public-00357,cust-0093,session-public-03917,Instagram,camp-studio,2025-12-18,browse,lost,,
lead-public-00358,cust-0100,session-public-03928,Organic,organic,2026-08-15,consider,open,,
lead-public-00359,cust-0107,session-public-03939,DM,camp-private,2026-07-01,browse,open,,
lead-public-00360,cust-0114,session-public-03950,Paid Social,camp-move,2026-07-09,browse,open,,
lead-public-00361,cust-0121,session-public-03961,Instagram,camp-studio,2026-05-14,consider,lost,,
lead-public-00362,cust-0128,session-public-03972,Organic,organic,2026-02-03,browse,open,,
lead-public-00363,cust-0135,session-public-03983,DM,camp-private,2025-12-01,browse,open,,
lead-public-00364,cust-0142,session-public-03994,Paid Social,camp-move,2026-08-09,consider,open,,
lead-public-00365,cust-0149,session-public-04005,Instagram,camp-studio,2026-08-27,browse,lost,,
lead-public-00366,cust-0156,session-public-04016,Organic,organic,2026-09-05,browse,open,,
lead-public-00367,cust-0163,session-public-04027,DM,camp-private,2025-11-18,consider,open,,
lead-public-00368,cust-0170,session-public-04038,Paid Social,camp-move,2026-06-05,browse,open,,
lead-public-00369,cust-0177,session-public-04049,Instagram,camp-studio,2026-06-08,browse,lost,,
lead-public-00370,cust-0184,session-public-04060,Organic,organic,2026-07-11,consider,open,,
lead-public-00371,cust-0191,session-public-04071,DM,camp-private,2026-03-26,browse,open,,
lead-public-00372,cust-0198,session-public-04082,Paid Social,camp-move,2026-08-29,browse,open,,
lead-public-00373,cust-0205,session-public-04093,Instagram,camp-studio,2026-05-23,consider,lost,,
lead-public-00374,cust-0212,session-public-04104,Organic,organic,2026-06-19,browse,open,,
lead-public-00375,cust-0219,session-public-04115,DM,camp-private,2026-08-20,browse,open,,
lead-public-00376,cust-0226,session-public-04126,Paid Social,camp-move,2026-08-09,consider,open,,
lead-public-00377,cust-0233,session-public-04137,Instagram,camp-studio,2026-07-20,browse,lost,,
lead-public-00378,cust-0240,session-public-04148,Organic,organic,2026-01-17,browse,open,,
lead-public-00379,cust-0247,session-public-04159,DM,camp-private,2026-02-11,consider,open,,
lead-public-00380,cust-0254,session-public-04170,Paid Social,camp-move,2026-07-14,browse,open,,
lead-public-00381,cust-0261,session-public-04181,Instagram,camp-studio,2026-03-24,browse,lost,,
lead-public-00382,cust-0268,session-public-04192,Organic,organic,2026-01-04,consider,open,,
lead-public-00383,cust-0275,session-public-04203,DM,camp-private,2026-04-26,browse,open,,
lead-public-00384,cust-0282,session-public-04214,Paid Social,camp-move,2026-04-02,browse,open,,
lead-public-00385,cust-0289,session-public-04225,Instagram,camp-studio,2026-07-22,consider,lost,,
lead-public-00386,cust-0296,session-public-04236,Organic,organic,2025-11-09,browse,open,,
lead-public-00387,cust-0303,session-public-04247,DM,camp-private,2026-04-15,browse,open,,
lead-public-00388,cust-0310,session-public-04258,Paid Social,camp-move,2026-05-12,consider,open,,
lead-public-00389,cust-0317,session-public-04269,Instagram,camp-studio,2025-12-30,browse,lost,,
lead-public-00390,cust-0324,session-public-04280,Organic,organic,2026-05-04,browse,open,,
lead-public-00391,cust-0331,session-public-04291,DM,camp-private,2026-06-20,consider,open,,
lead-public-00392,cust-0338,session-public-04302,Paid Social,camp-move,2026-07-23,browse,open,,
lead-public-00393,cust-0345,session-public-04313,Instagram,camp-studio,2026-06-03,browse,lost,,
lead-public-00394,cust-0352,session-public-04324,Organic,organic,2026-08-24,consider,open,,
lead-public-00395,cust-0359,session-public-04335,DM,camp-private,2026-08-30,browse,open,,
lead-public-00396,cust-0366,session-public-04346,Paid Social,camp-move,2026-08-18,browse,open,,
lead-public-00397,cust-0373,session-public-04357,Instagram,camp-studio,2026-08-06,consider,lost,,
lead-public-00398,cust-0380,session-public-04368,Organic,organic,2026-04-30,browse,open,,
lead-public-00399,cust-0387,session-public-04379,DM,camp-private,2025-12-11,browse,open,,
lead-public-00400,cust-0394,session-public-04390,Paid Social,camp-move,2026-06-19,consider,open,,
lead-public-00401,cust-0001,session-public-04401,Instagram,camp-studio,2026-08-19,browse,lost,,
lead-public-00402,cust-0008,session-public-04412,Organic,organic,2026-08-23,browse,open,,
lead-public-00403,cust-0015,session-public-04423,DM,camp-private,2026-06-28,consider,open,,
lead-public-00404,cust-0022,session-public-04434,Paid Social,camp-move,2026-01-11,browse,open,,
lead-public-00405,cust-0029,session-public-04445,Instagram,camp-studio,2026-08-20,browse,lost,,
lead-public-00406,cust-0036,session-public-04456,Organic,organic,2026-06-01,consider,open,,
lead-public-00407,cust-0043,session-public-04467,DM,camp-private,2026-09-06,browse,open,,
lead-public-00408,cust-0050,session-public-04478,Paid Social,camp-move,2026-04-05,browse,open,,
lead-public-00409,cust-0057,session-public-04489,Instagram,camp-studio,2026-02-12,consider,lost,,
lead-public-00410,cust-0064,session-public-04500,Organic,organic,2026-07-22,browse,open,,
lead-public-00411,cust-0071,session-public-04511,DM,camp-private,2026-01-16,browse,open,,
lead-public-00412,cust-0078,session-public-04522,Paid Social,camp-move,2026-05-12,consider,open,,
lead-public-00413,cust-0085,session-public-04533,Instagram,camp-studio,2026-08-31,browse,lost,,
lead-public-00414,cust-0092,session-public-04544,Organic,organic,2026-08-13,browse,open,,
lead-public-00415,cust-0099,session-public-04555,DM,camp-private,2026-09-20,consider,open,,
lead-public-00416,cust-0106,session-public-04566,Paid Social,camp-move,2026-03-07,browse,open,,
lead-public-00417,cust-0113,session-public-04577,Instagram,camp-studio,2026-02-25,browse,lost,,
lead-public-00418,cust-0120,session-public-04588,Organic,organic,2026-08-17,consider,open,,
lead-public-00419,cust-0127,session-public-04599,DM,camp-private,2026-06-24,browse,open,,
lead-public-00420,cust-0134,session-public-04610,Paid Social,camp-move,2026-03-08,browse,open,,
lead-public-00421,cust-0141,session-public-04621,Instagram,camp-studio,2025-12-09,consider,lost,,
lead-public-00422,cust-0148,session-public-04632,Organic,organic,2026-08-17,browse,open,,
lead-public-00423,cust-0155,session-public-04643,DM,camp-private,2025-11-23,browse,open,,
lead-public-00424,cust-0162,session-public-04654,Paid Social,camp-move,2026-03-15,consider,open,,
lead-public-00425,cust-0169,session-public-04665,Instagram,camp-studio,2026-03-10,browse,lost,,
lead-public-00426,cust-0176,session-public-04676,Organic,organic,2026-08-15,browse,open,,
lead-public-00427,cust-0183,session-public-04687,DM,camp-private,2026-06-25,consider,open,,
lead-public-00428,cust-0190,session-public-04698,Paid Social,camp-move,2025-12-22,browse,open,,
lead-public-00429,cust-0197,session-public-04709,Instagram,camp-studio,2025-11-30,browse,lost,,
lead-public-00430,cust-0204,session-public-04720,Organic,organic,2026-08-25,consider,open,,
lead-public-00431,cust-0211,session-public-04731,DM,camp-private,2026-04-26,browse,open,,
lead-public-00432,cust-0218,session-public-04742,Paid Social,camp-move,2026-09-06,browse,open,,
lead-public-00433,cust-0225,session-public-04753,Instagram,camp-studio,2026-08-05,consider,lost,,
lead-public-00434,cust-0232,session-public-04764,Organic,organic,2026-08-17,browse,open,,
lead-public-00435,cust-0239,session-public-04775,DM,camp-private,2026-01-07,browse,open,,
lead-public-00436,cust-0246,session-public-04786,Paid Social,camp-move,2026-01-21,consider,open,,
lead-public-00437,cust-0253,session-public-04797,Instagram,camp-studio,2026-07-11,browse,lost,,
lead-public-00438,cust-0260,session-public-04808,Organic,organic,2026-05-17,browse,open,,
lead-public-00439,cust-0267,session-public-04819,DM,camp-private,2026-05-19,consider,open,,
lead-public-00440,cust-0274,session-public-04830,Paid Social,camp-move,2026-04-16,browse,open,,
lead-public-00441,cust-0281,session-public-04841,Instagram,camp-studio,2026-06-10,browse,lost,,
lead-public-00442,cust-0288,session-public-04852,Organic,organic,2025-12-24,consider,open,,
lead-public-00443,cust-0295,session-public-04863,DM,camp-private,2026-05-06,browse,open,,
lead-public-00444,cust-0302,session-public-04874,Paid Social,camp-move,2026-07-14,browse,open,,
lead-public-00445,cust-0309,session-public-04885,Instagram,camp-studio,2026-02-04,consider,lost,,
lead-public-00446,cust-0316,session-public-04896,Organic,organic,2026-05-29,browse,open,,
lead-public-00447,cust-0323,session-public-04907,DM,camp-private,2026-06-26,browse,open,,
lead-public-00448,cust-0330,session-public-04918,Paid Social,camp-move,2026-07-11,consider,open,,
lead-public-00449,cust-0337,session-public-04929,Instagram,camp-studio,2026-07-17,browse,lost,,
lead-public-00450,cust-0344,session-public-04940,Organic,organic,2026-07-10,browse,open,,
lead-public-00451,cust-0351,session-public-04951,DM,camp-private,2026-04-24,consider,open,,
lead-public-00452,cust-0358,session-public-04962,Paid Social,camp-move,2026-03-27,browse,open,,
lead-public-00453,cust-0365,session-public-04973,Instagram,camp-studio,2026-08-31,browse,lost,,
lead-public-00454,cust-0372,session-public-04984,Organic,organic,2026-09-11,consider,open,,
lead-public-00455,cust-0379,session-public-04995,DM,camp-private,2026-06-08,browse,open,,
lead-public-00456,cust-0386,session-public-05006,Paid Social,camp-move,2026-07-12,browse,open,,
lead-public-00457,cust-0393,session-public-05017,Instagram,camp-studio,2026-08-22,consider,lost,,
lead-public-00458,cust-0400,session-public-05028,Organic,organic,2026-05-24,browse,open,,
lead-public-00459,cust-0007,session-public-05039,DM,camp-private,2026-05-20,browse,open,,
lead-public-00460,cust-0014,session-public-05050,Paid Social,camp-move,2026-09-03,consider,open,,
lead-public-00461,cust-0021,session-public-05061,Instagram,camp-studio,2026-04-19,browse,lost,,
lead-public-00462,cust-0028,session-public-05072,Organic,organic,2026-04-05,browse,open,,
lead-public-00463,cust-0035,session-public-05083,DM,camp-private,2026-07-20,consider,open,,
lead-public-00464,cust-0042,session-public-05094,Paid Social,camp-move,2026-02-11,browse,open,,
lead-public-00465,cust-0049,session-public-05105,Instagram,camp-studio,2026-08-28,browse,lost,,
lead-public-00466,cust-0056,session-public-05116,Organic,organic,2026-07-04,consider,open,,
lead-public-00467,cust-0063,session-public-05127,DM,camp-private,2026-08-04,browse,open,,
lead-public-00468,cust-0070,session-public-05138,Paid Social,camp-move,2026-08-26,browse,open,,
lead-public-00469,cust-0077,session-public-05149,Instagram,camp-studio,2026-09-12,consider,lost,,
lead-public-00470,cust-0084,session-public-05160,Organic,organic,2026-04-27,browse,open,,
lead-public-00471,cust-0091,session-public-05171,DM,camp-private,2026-07-30,browse,open,,
lead-public-00472,cust-0098,session-public-05182,Paid Social,camp-move,2026-04-04,consider,open,,
lead-public-00473,cust-0105,session-public-05193,Instagram,camp-studio,2026-05-06,browse,lost,,
lead-public-00474,cust-0112,session-public-05204,Organic,organic,2026-06-20,browse,open,,
lead-public-00475,cust-0119,session-public-05215,DM,camp-private,2026-04-12,consider,open,,
lead-public-00476,cust-0126,session-public-05226,Paid Social,camp-move,2026-07-06,browse,open,,
lead-public-00477,cust-0133,session-public-05237,Instagram,camp-studio,2026-05-06,browse,lost,,
lead-public-00478,cust-0140,session-public-05248,Organic,organic,2025-11-17,consider,open,,
lead-public-00479,cust-0147,session-public-05259,DM,camp-private,2026-06-12,browse,open,,
lead-public-00480,cust-0154,session-public-05270,Paid Social,camp-move,2026-07-02,browse,open,,
lead-public-00481,cust-0161,session-public-05281,Instagram,camp-studio,2026-08-31,consider,lost,,
lead-public-00482,cust-0168,session-public-05292,Organic,organic,2026-05-17,browse,open,,
lead-public-00483,cust-0175,session-public-05303,DM,camp-private,2026-09-21,browse,open,,
lead-public-00484,cust-0182,session-public-05314,Paid Social,camp-move,2026-01-02,consider,open,,
lead-public-00485,cust-0189,session-public-05325,Instagram,camp-studio,2026-03-19,browse,lost,,
lead-public-00486,cust-0196,session-public-05336,Organic,organic,2026-07-09,browse,open,,
lead-public-00487,cust-0203,session-public-05347,DM,camp-private,2026-04-16,consider,open,,
lead-public-00488,cust-0210,session-public-05358,Paid Social,camp-move,2026-07-29,browse,open,,
lead-public-00489,cust-0217,session-public-05369,Instagram,camp-studio,2026-04-22,browse,lost,,
lead-public-00490,cust-0224,session-public-05380,Organic,organic,2026-05-08,consider,open,,
lead-public-00491,cust-0231,session-public-05391,DM,camp-private,2026-07-18,browse,open,,
lead-public-00492,cust-0238,session-public-05402,Paid Social,camp-move,2026-08-11,browse,open,,
lead-public-00493,cust-0245,session-public-05413,Instagram,camp-studio,2026-07-31,consider,lost,,
lead-public-00494,cust-0252,session-public-05424,Organic,organic,2026-06-19,browse,open,,
lead-public-00495,cust-0259,session-public-05435,DM,camp-private,2025-12-28,browse,open,,
lead-public-00496,cust-0266,session-public-05446,Paid Social,camp-move,2026-04-20,consider,open,,
lead-public-00497,cust-0273,session-public-05457,Instagram,camp-studio,2026-03-06,browse,lost,,
lead-public-00498,cust-0280,session-public-05468,Organic,organic,2026-07-10,browse,open,,
lead-public-00499,cust-0287,session-public-05479,DM,camp-private,2026-01-27,consider,open,,
lead-public-00500,cust-0294,session-public-05490,Paid Social,camp-move,2026-06-25,browse,open,,
lead-public-00501,cust-0301,session-public-05501,Instagram,camp-studio,2026-05-26,browse,lost,,
lead-public-00502,cust-0308,session-public-05512,Organic,organic,2026-06-07,consider,open,,
lead-public-00503,cust-0315,session-public-05523,DM,camp-private,2026-08-26,browse,open,,
lead-public-00504,cust-0322,session-public-05534,Paid Social,camp-move,2026-07-15,browse,open,,
lead-public-00505,cust-0329,session-public-05545,Instagram,camp-studio,2026-05-24,consider,lost,,
lead-public-00506,cust-0336,session-public-05556,Organic,organic,2026-05-22,browse,open,,
lead-public-00507,cust-0343,session-public-05567,DM,camp-private,2026-07-23,browse,open,,
lead-public-00508,cust-0350,session-public-05578,Paid Social,camp-move,2026-02-07,consider,open,,
lead-public-00509,cust-0357,session-public-05589,Instagram,camp-studio,2026-08-31,browse,lost,,
lead-public-00510,cust-0364,session-public-05600,Organic,organic,2026-02-01,browse,open,,
lead-public-00511,cust-0371,session-public-05611,DM,camp-private,2026-01-27,consider,open,,
lead-public-00512,cust-0378,session-public-05622,Paid Social,camp-move,2026-03-22,browse,open,,
lead-public-00513,cust-0385,session-public-05633,Instagram,camp-studio,2026-03-30,browse,lost,,
lead-public-00514,cust-0392,session-public-05644,Organic,organic,2026-08-01,consider,open,,
lead-public-00515,cust-0399,session-public-05655,DM,camp-private,2026-08-27,browse,open,,
lead-public-00516,cust-0006,session-public-05666,Paid Social,camp-move,2026-08-15,browse,open,,
lead-public-00517,cust-0013,session-public-05677,Instagram,camp-studio,2026-06-22,consider,lost,,
lead-public-00518,cust-0020,session-public-05688,Organic,organic,2026-04-12,browse,open,,
lead-public-00519,cust-0027,session-public-05699,DM,camp-private,2026-07-06,browse,open,,
lead-public-00520,cust-0034,session-public-05710,Paid Social,camp-move,2026-08-15,consider,open,,
lead-public-00521,cust-0041,session-public-05721,Instagram,camp-studio,2026-03-15,browse,lost,,
lead-public-00522,cust-0048,session-public-05732,Organic,organic,2026-04-04,browse,open,,
lead-public-00523,cust-0055,session-public-05743,DM,camp-private,2026-05-15,consider,open,,
lead-public-00524,cust-0062,session-public-05754,Paid Social,camp-move,2026-08-09,browse,open,,
lead-public-00525,cust-0069,session-public-05765,Instagram,camp-studio,2026-07-12,browse,lost,,
lead-public-00526,cust-0076,session-public-05776,Organic,organic,2026-04-04,consider,open,,
lead-public-00527,cust-0083,session-public-05787,DM,camp-private,2026-03-22,browse,open,,
lead-public-00528,cust-0090,session-public-05798,Paid Social,camp-move,2026-01-27,browse,open,,
lead-public-00529,cust-0097,session-public-05809,Instagram,camp-studio,2026-07-09,consider,lost,,
lead-public-00530,cust-0104,session-public-05820,Organic,organic,2026-09-07,browse,open,,
lead-public-00531,cust-0111,session-public-05831,DM,camp-private,2026-02-06,browse,open,,
lead-public-00532,cust-0118,session-public-05842,Paid Social,camp-move,2026-09-06,consider,open,,
lead-public-00533,cust-0125,session-public-05853,Instagram,camp-studio,2026-04-20,browse,lost,,
lead-public-00534,cust-0132,session-public-05864,Organic,organic,2026-04-14,browse,open,,
lead-public-00535,cust-0139,session-public-05875,DM,camp-private,2025-11-30,consider,open,,
lead-public-00536,cust-0146,session-public-05886,Paid Social,camp-move,2026-07-24,browse,open,,
lead-public-00537,cust-0153,session-public-05897,Instagram,camp-studio,2026-01-28,browse,lost,,
lead-public-00538,cust-0160,session-public-05908,Organic,organic,2026-07-11,consider,open,,
lead-public-00539,cust-0167,session-public-05919,DM,camp-private,2026-05-12,browse,open,,
lead-public-00540,cust-0174,session-public-05930,Paid Social,camp-move,2026-08-08,browse,open,,
lead-public-00541,cust-0181,session-public-05941,Instagram,camp-studio,2026-04-01,consider,lost,,
lead-public-00542,cust-0188,session-public-05952,Organic,organic,2026-05-30,browse,open,,
lead-public-00543,cust-0195,session-public-05963,DM,camp-private,2026-01-23,browse,open,,
lead-public-00544,cust-0202,session-public-05974,Paid Social,camp-move,2026-06-06,consider,open,,
lead-public-00545,cust-0209,session-public-05985,Instagram,camp-studio,2026-06-19,browse,lost,,
lead-public-00546,cust-0216,session-public-05996,Organic,organic,2026-02-28,browse,open,,
lead-public-00547,cust-0223,session-public-06007,DM,camp-private,2026-05-11,consider,open,,
lead-public-00548,cust-0230,session-public-06018,Paid Social,camp-move,2026-07-20,browse,open,,
lead-public-00549,cust-0237,session-public-06029,Instagram,camp-studio,2026-09-19,browse,lost,,
lead-public-00550,cust-0244,session-public-06040,Organic,organic,2025-11-24,consider,open,,
lead-public-00551,cust-0251,session-public-06051,DM,camp-private,2026-06-25,browse,open,,
lead-public-00552,cust-0258,session-public-06062,Paid Social,camp-move,2026-04-18,browse,open,,
lead-public-00553,cust-0265,session-public-06073,Instagram,camp-studio,2026-05-31,consider,lost,,
lead-public-00554,cust-0272,session-public-06084,Organic,organic,2026-08-18,browse,open,,
lead-public-00555,cust-0279,session-public-06095,DM,camp-private,2026-09-07,browse,open,,
lead-public-00556,cust-0286,session-public-06106,Paid Social,camp-move,2026-05-16,consider,open,,
lead-public-00557,cust-0293,session-public-06117,Instagram,camp-studio,2026-08-21,browse,lost,,
lead-public-00558,cust-0300,session-public-06128,Organic,organic,2026-05-28,browse,open,,
lead-public-00559,cust-0307,session-public-06139,DM,camp-private,2026-06-12,consider,open,,
lead-public-00560,cust-0314,session-public-06150,Paid Social,camp-move,2026-07-03,browse,open,,
lead-public-00561,cust-0321,session-public-06161,Instagram,camp-studio,2026-08-05,browse,lost,,
lead-public-00562,cust-0328,session-public-06172,Organic,organic,2026-07-18,consider,open,,
lead-public-00563,cust-0335,session-public-06183,DM,camp-private,2026-01-30,browse,open,,
lead-public-00564,cust-0342,session-public-06194,Paid Social,camp-move,2026-09-10,browse,open,,
lead-public-00565,cust-0349,session-public-06205,Instagram,camp-studio,2026-08-05,consider,lost,,
lead-public-00566,cust-0356,session-public-06216,Organic,organic,2026-04-05,browse,open,,
lead-public-00567,cust-0363,session-public-06227,DM,camp-private,2026-05-10,browse,open,,
lead-public-00568,cust-0370,session-public-06238,Paid Social,camp-move,2026-06-30,consider,open,,
lead-public-00569,cust-0377,session-public-06249,Instagram,camp-studio,2026-09-21,browse,lost,,
lead-public-00570,cust-0384,session-public-06260,Organic,organic,2026-01-25,browse,open,,
lead-public-00571,cust-0391,session-public-06271,DM,camp-private,2026-02-23,consider,open,,
lead-public-00572,cust-0398,session-public-06282,Paid Social,camp-move,2026-02-22,browse,open,,
lead-public-00573,cust-0005,session-public-06293,Instagram,camp-studio,2026-01-20,browse,lost,,
lead-public-00574,cust-0012,session-public-06304,Organic,organic,2026-05-27,consider,open,,
lead-public-00575,cust-0019,session-public-06315,DM,camp-private,2026-03-02,browse,open,,
lead-public-00576,cust-0026,session-public-06326,Paid Social,camp-move,2026-03-30,browse,open,,
lead-public-00577,cust-0033,session-public-06337,Instagram,camp-studio,2026-05-03,consider,lost,,
lead-public-00578,cust-0040,session-public-06348,Organic,organic,2026-04-26,browse,open,,
lead-public-00579,cust-0047,session-public-06359,DM,camp-private,2026-03-06,browse,open,,
lead-public-00580,cust-0054,session-public-06370,Paid Social,camp-move,2025-10-14,consider,open,,
lead-public-00581,cust-0061,session-public-06381,Instagram,camp-studio,2026-04-03,browse,lost,,
lead-public-00582,cust-0068,session-public-06392,Organic,organic,2026-06-19,browse,open,,
lead-public-00583,cust-0075,session-public-06403,DM,camp-private,2026-06-19,consider,open,,
lead-public-00584,cust-0082,session-public-06414,Paid Social,camp-move,2026-04-29,browse,open,,
lead-public-00585,cust-0089,session-public-06425,Instagram,camp-studio,2026-08-19,browse,lost,,
lead-public-00586,cust-0096,session-public-06436,Organic,organic,2026-07-14,consider,open,,
lead-public-00587,cust-0103,session-public-06447,DM,camp-private,2026-01-12,browse,open,,
lead-public-00588,cust-0110,session-public-06458,Paid Social,camp-move,2026-04-15,browse,open,,
lead-public-00589,cust-0117,session-public-06469,Instagram,camp-studio,2026-08-23,consider,lost,,
lead-public-00590,cust-0124,session-public-06480,Organic,organic,2026-04-16,browse,open,,
lead-public-00591,cust-0131,session-public-06491,DM,camp-private,2026-07-19,browse,open,,
lead-public-00592,cust-0138,session-public-06502,Paid Social,camp-move,2026-03-18,consider,open,,
lead-public-00593,cust-0145,session-public-06513,Instagram,camp-studio,2026-07-14,browse,lost,,
lead-public-00594,cust-0152,session-public-06524,Organic,organic,2026-08-11,browse,open,,
lead-public-00595,cust-0159,session-public-06535,DM,camp-private,2026-06-23,consider,open,,
lead-public-00596,cust-0166,session-public-06546,Paid Social,camp-move,2025-12-11,browse,open,,
lead-public-00597,cust-0173,session-public-06557,Instagram,camp-studio,2026-01-23,browse,lost,,
lead-public-00598,cust-0180,session-public-06568,Organic,organic,2025-12-09,consider,open,,
lead-public-00599,cust-0187,session-public-06579,DM,camp-private,2026-07-31,browse,open,,
lead-public-00600,cust-0194,session-public-06590,Paid Social,camp-move,2026-03-26,browse,open,,
lead-public-00601,cust-0201,session-public-06601,Instagram,camp-studio,2026-06-21,consider,lost,,
lead-public-00602,cust-0208,session-public-06612,Organic,organic,2026-06-07,browse,open,,
lead-public-00603,cust-0215,session-public-06623,DM,camp-private,2026-07-09,browse,open,,
lead-public-00604,cust-0222,session-public-06634,Paid Social,camp-move,2026-07-23,consider,open,,
lead-public-00605,cust-0229,session-public-06645,Instagram,camp-studio,2026-01-03,browse,lost,,
lead-public-00606,cust-0236,session-public-06656,Organic,organic,2026-03-21,browse,open,,
lead-public-00607,cust-0243,session-public-06667,DM,camp-private,2026-03-10,consider,open,,
lead-public-00608,cust-0250,session-public-06678,Paid Social,camp-move,2026-04-17,browse,open,,
lead-public-00609,cust-0257,session-public-06689,Instagram,camp-studio,2026-05-22,browse,lost,,
lead-public-00610,cust-0264,session-public-06700,Organic,organic,2026-08-10,consider,open,,
lead-public-00611,cust-0271,session-public-06711,DM,camp-private,2026-08-18,browse,open,,
lead-public-00612,cust-0278,session-public-06722,Paid Social,camp-move,2026-04-13,browse,open,,
lead-public-00613,cust-0285,session-public-06733,Instagram,camp-studio,2026-02-11,consider,lost,,
lead-public-00614,cust-0292,session-public-06744,Organic,organic,2025-11-12,browse,open,,
lead-public-00615,cust-0299,session-public-06755,DM,camp-private,2026-04-18,browse,open,,
lead-public-00616,cust-0306,session-public-06766,Paid Social,camp-move,2026-08-12,consider,open,,
lead-public-00617,cust-0313,session-public-06777,Instagram,camp-studio,2026-09-13,browse,lost,,
lead-public-00618,cust-0320,session-public-06788,Organic,organic,2026-01-11,browse,open,,
lead-public-00619,cust-0327,session-public-06799,DM,camp-private,2026-03-18,consider,open,,
lead-public-00620,cust-0334,session-public-06810,Paid Social,camp-move,2026-06-09,browse,open,,
lead-public-00621,cust-0341,session-public-06821,Instagram,camp-studio,2026-06-30,browse,lost,,
lead-public-00622,cust-0348,session-public-06832,Organic,organic,2025-10-25,consider,open,,
lead-public-00623,cust-0355,session-public-06843,DM,camp-private,2026-09-10,browse,open,,
lead-public-00624,cust-0362,session-public-06854,Paid Social,camp-move,2026-06-08,browse,open,,
lead-public-00625,cust-0369,session-public-06865,Instagram,camp-studio,2026-03-02,consider,lost,,
lead-public-00626,cust-0376,session-public-06876,Organic,organic,2026-09-08,browse,open,,
lead-public-00627,cust-0383,session-public-06887,DM,camp-private,2026-05-29,browse,open,,
lead-public-00628,cust-0390,session-public-06898,Paid Social,camp-move,2026-09-17,consider,open,,
lead-public-00629,cust-0397,session-public-06909,Instagram,camp-studio,2026-07-02,browse,lost,,
lead-public-00630,cust-0004,session-public-06920,Organic,organic,2026-09-14,browse,open,,
lead-public-00631,cust-0011,session-public-06931,DM,camp-private,2026-03-08,consider,open,,
lead-public-00632,cust-0018,session-public-06942,Paid Social,camp-move,2026-04-26,browse,open,,
lead-public-00633,cust-0025,session-public-06953,Instagram,camp-studio,2026-07-27,browse,lost,,
lead-public-00634,cust-0032,session-public-06964,Organic,organic,2026-04-24,consider,open,,
lead-public-00635,cust-0039,session-public-06975,DM,camp-private,2026-09-14,browse,open,,
lead-public-00636,cust-0046,session-public-06986,Paid Social,camp-move,2025-12-08,browse,open,,
lead-public-00637,cust-0053,session-public-06997,Instagram,camp-studio,2026-09-04,consider,lost,,
lead-public-00638,cust-0060,session-public-07008,Organic,organic,2026-07-01,browse,open,,
lead-public-00639,cust-0067,session-public-07019,DM,camp-private,2026-09-17,browse,open,,
lead-public-00640,cust-0074,session-public-07030,Paid Social,camp-move,2026-01-19,consider,open,,
lead-public-00641,cust-0081,session-public-07041,Instagram,camp-studio,2025-12-14,browse,lost,,
lead-public-00642,cust-0088,session-public-07052,Organic,organic,2026-09-06,browse,open,,
lead-public-00643,cust-0095,session-public-07063,DM,camp-private,2026-05-30,consider,open,,
lead-public-00644,cust-0102,session-public-07074,Paid Social,camp-move,2026-07-04,browse,open,,
lead-public-00645,cust-0109,session-public-07085,Instagram,camp-studio,2026-09-10,browse,lost,,
lead-public-00646,cust-0116,session-public-07096,Organic,organic,2026-01-08,consider,open,,
lead-public-00647,cust-0123,session-public-07107,DM,camp-private,2026-07-30,browse,open,,
lead-public-00648,cust-0130,session-public-07118,Paid Social,camp-move,2026-08-24,browse,open,,
lead-public-00649,cust-0137,session-public-07129,Instagram,camp-studio,2026-06-01,consider,lost,,
lead-public-00650,cust-0144,session-public-07140,Organic,organic,2026-09-05,browse,open,,
lead-public-00651,cust-0151,session-public-07151,DM,camp-private,2026-05-19,browse,open,,
lead-public-00652,cust-0158,session-public-07162,Paid Social,camp-move,2026-09-06,consider,open,,
lead-public-00653,cust-0165,session-public-07173,Instagram,camp-studio,2026-05-02,browse,lost,,
lead-public-00654,cust-0172,session-public-07184,Organic,organic,2026-06-08,browse,open,,
lead-public-00655,cust-0179,session-public-07195,DM,camp-private,2026-01-01,consider,open,,
lead-public-00656,cust-0186,session-public-07206,Paid Social,camp-move,2026-07-25,browse,open,,
lead-public-00657,cust-0193,session-public-07217,Instagram,camp-studio,2026-07-25,browse,lost,,
lead-public-00658,cust-0200,session-public-07228,Organic,organic,2025-12-12,consider,open,,
lead-public-00659,cust-0207,session-public-07239,DM,camp-private,2026-08-05,browse,open,,
lead-public-00660,cust-0214,session-public-07250,Paid Social,camp-move,2026-09-10,browse,open,,
lead-public-00661,cust-0221,session-public-07261,Instagram,camp-studio,2026-05-04,consider,lost,,
lead-public-00662,cust-0228,session-public-07272,Organic,organic,2026-03-14,browse,open,,
lead-public-00663,cust-0235,session-public-07283,DM,camp-private,2025-12-31,browse,open,,
lead-public-00664,cust-0242,session-public-07294,Paid Social,camp-move,2026-08-19,consider,open,,
lead-public-00665,cust-0249,session-public-07305,Instagram,camp-studio,2026-05-28,browse,lost,,
lead-public-00666,cust-0256,session-public-07316,Organic,organic,2026-07-03,browse,open,,
lead-public-00667,cust-0263,session-public-07327,DM,camp-private,2026-04-30,consider,open,,
lead-public-00668,cust-0270,session-public-07338,Paid Social,camp-move,2026-08-22,browse,open,,
lead-public-00669,cust-0277,session-public-07349,Instagram,camp-studio,2026-01-27,browse,lost,,
lead-public-00670,cust-0284,session-public-07360,Organic,organic,2026-03-27,consider,open,,
lead-public-00671,cust-0291,session-public-07371,DM,camp-private,2025-11-11,browse,open,,
lead-public-00672,cust-0298,session-public-07382,Paid Social,camp-move,2026-05-19,browse,open,,
lead-public-00673,cust-0305,session-public-07393,Instagram,camp-studio,2026-09-21,consider,lost,,
lead-public-00674,cust-0312,session-public-07404,Organic,organic,2026-04-26,browse,open,,
lead-public-00675,cust-0319,session-public-07415,DM,camp-private,2026-02-20,browse,open,,
lead-public-00676,cust-0326,session-public-07426,Paid Social,camp-move,2026-08-04,consider,open,,
lead-public-00677,cust-0333,session-public-07437,Instagram,camp-studio,2026-07-13,browse,lost,,
lead-public-00678,cust-0340,session-public-07448,Organic,organic,2026-09-02,browse,open,,
lead-public-00679,cust-0347,session-public-07459,DM,camp-private,2026-08-29,consider,open,,
lead-public-00680,cust-0354,session-public-07470,Paid Social,camp-move,2026-07-08,browse,open,,
lead-public-00681,cust-0361,session-public-07481,Instagram,camp-studio,2026-01-22,browse,lost,,
lead-public-00682,cust-0368,session-public-07492,Organic,organic,2026-05-14,consider,open,,
lead-public-00683,cust-0375,session-public-07503,DM,camp-private,2025-12-11,browse,open,,
lead-public-00684,cust-0382,session-public-07514,Paid Social,camp-move,2026-09-05,browse,open,,
lead-public-00685,cust-0389,session-public-07525,Instagram,camp-studio,2026-09-03,consider,lost,,
lead-public-00686,cust-0396,session-public-07536,Organic,organic,2026-08-29,browse,open,,
lead-public-00687,cust-0003,session-public-07547,DM,camp-private,2025-11-18,browse,open,,
lead-public-00688,cust-0010,session-public-07558,Paid Social,camp-move,2026-01-25,consider,open,,
lead-public-00689,cust-0017,session-public-07569,Instagram,camp-studio,2026-07-21,browse,lost,,
lead-public-00690,cust-0024,session-public-07580,Organic,organic,2026-06-07,browse,open,,
lead-public-00691,cust-0031,session-public-07591,DM,camp-private,2026-06-28,consider,open,,
lead-public-00692,cust-0038,session-public-07602,Paid Social,camp-move,2026-08-06,browse,open,,
lead-public-00693,cust-0045,session-public-07613,Instagram,camp-studio,2026-03-13,browse,lost,,
lead-public-00694,cust-0052,session-public-07624,Organic,organic,2026-09-06,consider,open,,
lead-public-00695,cust-0059,session-public-07635,DM,camp-private,2026-08-03,browse,open,,
lead-public-00696,cust-0066,session-public-07646,Paid Social,camp-move,2026-09-12,browse,open,,
lead-public-00697,cust-0073,session-public-07657,Instagram,camp-studio,2025-11-01,consider,lost,,
lead-public-00698,cust-0080,session-public-07668,Organic,organic,2026-07-29,browse,open,,
lead-public-00699,cust-0087,session-public-07679,DM,camp-private,2026-09-16,browse,open,,
lead-public-00700,cust-0094,session-public-07690,Paid Social,camp-move,2026-08-11,consider,open,,
lead-public-00701,cust-0101,session-public-07701,Instagram,camp-studio,2026-09-09,browse,lost,,
lead-public-00702,cust-0108,session-public-07712,Organic,organic,2026-09-10,browse,open,,
lead-public-00703,cust-0115,session-public-07723,DM,camp-private,2026-03-02,consider,open,,
lead-public-00704,cust-0122,session-public-07734,Paid Social,camp-move,2025-12-22,browse,open,,
lead-public-00705,cust-0129,session-public-07745,Instagram,camp-studio,2026-07-18,browse,lost,,
lead-public-00706,cust-0136,session-public-07756,Organic,organic,2026-06-09,consider,open,,
lead-public-00707,cust-0143,session-public-07767,DM,camp-private,2026-01-17,browse,open,,
lead-public-00708,cust-0150,session-public-07778,Paid Social,camp-move,2026-07-24,browse,open,,
lead-public-00709,cust-0157,session-public-07789,Instagram,camp-studio,2026-07-11,consider,lost,,
lead-public-00710,cust-0164,session-public-07800,Organic,organic,2026-03-04,browse,open,,
lead-public-00711,cust-0171,session-public-07811,DM,camp-private,2026-02-06,browse,open,,
lead-public-00712,cust-0178,session-public-07822,Paid Social,camp-move,2026-08-31,consider,open,,
lead-public-00713,cust-0185,session-public-07833,Instagram,camp-studio,2026-03-24,browse,lost,,
lead-public-00714,cust-0192,session-public-07844,Organic,organic,2026-08-29,browse,open,,
lead-public-00715,cust-0199,session-public-07855,DM,camp-private,2026-05-28,consider,open,,
lead-public-00716,cust-0206,session-public-07866,Paid Social,camp-move,2026-08-19,browse,open,,
lead-public-00717,cust-0213,session-public-07877,Instagram,camp-studio,2026-06-25,browse,lost,,
lead-public-00718,cust-0220,session-public-07888,Organic,organic,2026-04-01,consider,open,,
lead-public-00719,cust-0227,session-public-07899,DM,camp-private,2026-04-25,browse,open,,
lead-public-00720,cust-0234,session-public-07910,Paid Social,camp-move,2026-01-12,browse,open,,
lead-public-00721,cust-0241,session-public-07921,Instagram,camp-studio,2026-09-01,consider,lost,,
lead-public-00722,cust-0248,session-public-07932,Organic,organic,2026-08-30,browse,open,,
lead-public-00723,cust-0255,session-public-07943,DM,camp-private,2026-05-22,browse,open,,
lead-public-00724,cust-0262,session-public-07954,Paid Social,camp-move,2026-08-25,consider,open,,
lead-public-00725,cust-0269,session-public-07965,Instagram,camp-studio,2026-09-01,browse,lost,,
lead-public-00726,cust-0276,session-public-07976,Organic,organic,2026-01-31,browse,open,,
lead-public-00727,cust-0283,session-public-07987,DM,camp-private,2026-04-26,consider,open,,
lead-public-00728,cust-0290,session-public-07998,Paid Social,camp-move,2026-06-30,browse,open,,
lead-public-00729,cust-0297,session-public-00009,Instagram,camp-studio,2026-04-08,browse,lost,,
lead-public-00730,cust-0304,session-public-00020,Organic,organic,2025-12-21,consider,open,,
lead-public-00731,cust-0311,session-public-00031,DM,camp-private,2026-03-20,browse,open,,
lead-public-00732,cust-0318,session-public-00042,Paid Social,camp-move,2025-12-28,browse,open,,
lead-public-00733,cust-0325,session-public-00053,Instagram,camp-studio,2026-03-08,consider,lost,,
lead-public-00734,cust-0332,session-public-00064,Organic,organic,2026-08-05,browse,open,,
lead-public-00735,cust-0339,session-public-00075,DM,camp-private,2026-07-12,browse,open,,
lead-public-00736,cust-0346,session-public-00086,Paid Social,camp-move,2026-07-15,consider,open,,
lead-public-00737,cust-0353,session-public-00097,Instagram,camp-studio,2026-07-17,browse,lost,,
lead-public-00738,cust-0360,session-public-00108,Organic,organic,2026-05-09,browse,open,,
lead-public-00739,cust-0367,session-public-00119,DM,camp-private,2026-02-22,consider,open,,
lead-public-00740,cust-0374,session-public-00130,Paid Social,camp-move,2026-07-07,browse,open,,
lead-public-00741,cust-0381,session-public-00141,Instagram,camp-studio,2026-06-28,browse,lost,,
lead-public-00742,cust-0388,session-public-00152,Organic,organic,2026-05-04,consider,open,,
lead-public-00743,cust-0395,session-public-00163,DM,camp-private,2026-07-31,browse,open,,
lead-public-00744,cust-0002,session-public-00174,Paid Social,camp-move,2025-11-06,browse,open,,
lead-public-00745,cust-0009,session-public-00185,Instagram,camp-studio,2026-02-09,consider,lost,,
lead-public-00746,cust-0016,session-public-00196,Organic,organic,2025-12-22,browse,open,,
lead-public-00747,cust-0023,session-public-00207,DM,camp-private,2026-09-21,browse,open,,
lead-public-00748,cust-0030,session-public-00218,Paid Social,camp-move,2026-09-16,consider,open,,
lead-public-00749,cust-0037,session-public-00229,Instagram,camp-studio,2026-01-16,browse,lost,,
lead-public-00750,cust-0044,session-public-00240,Organic,organic,2026-04-26,browse,open,,
lead-public-00751,cust-0051,session-public-00251,DM,camp-private,2026-03-17,consider,open,,
lead-public-00752,cust-0058,session-public-00262,Paid Social,camp-move,2026-09-11,browse,open,,
lead-public-00753,cust-0065,session-public-00273,Instagram,camp-studio,2026-07-14,browse,lost,,
lead-public-00754,cust-0072,session-public-00284,Organic,organic,2026-09-12,consider,open,,
lead-public-00755,cust-0079,session-public-00295,DM,camp-private,2026-08-13,browse,open,,
lead-public-00756,cust-0086,session-public-00306,Paid Social,camp-move,2026-02-05,browse,open,,
lead-public-00757,cust-0093,session-public-00317,Instagram,camp-studio,2026-03-30,consider,lost,,
lead-public-00758,cust-0100,session-public-00328,Organic,organic,2026-08-15,browse,open,,
lead-public-00759,cust-0107,session-public-00339,DM,camp-private,2026-01-17,browse,open,,
lead-public-00760,cust-0114,session-public-00350,Paid Social,camp-move,2026-07-09,consider,open,,
lead-public-00761,cust-0121,session-public-00361,Instagram,camp-studio,2026-05-14,browse,lost,,
lead-public-00762,cust-0128,session-public-00372,Organic,organic,2026-02-03,browse,open,,
lead-public-00763,cust-0135,session-public-00383,DM,camp-private,2026-04-05,consider,open,,
lead-public-00764,cust-0142,session-public-00394,Paid Social,camp-move,2026-08-09,browse,open,,
lead-public-00765,cust-0149,session-public-00405,Instagram,camp-studio,2026-04-08,browse,lost,,
lead-public-00766,cust-0156,session-public-00416,Organic,organic,2026-09-05,consider,open,,
lead-public-00767,cust-0163,session-public-00427,DM,camp-private,2025-12-13,browse,open,,
lead-public-00768,cust-0170,session-public-00438,Paid Social,camp-move,2026-06-05,browse,open,,
lead-public-00769,cust-0177,session-public-00449,Instagram,camp-studio,2026-06-08,consider,lost,,
lead-public-00770,cust-0184,session-public-00460,Organic,organic,2026-06-20,browse,open,,
lead-public-00771,cust-0191,session-public-00471,DM,camp-private,2026-04-19,browse,open,,
lead-public-00772,cust-0198,session-public-00482,Paid Social,camp-move,2026-05-11,consider,open,,
lead-public-00773,cust-0205,session-public-00493,Instagram,camp-studio,2026-05-23,browse,lost,,
lead-public-00774,cust-0212,session-public-00504,Organic,organic,2026-01-08,browse,open,,
lead-public-00775,cust-0219,session-public-00515,DM,camp-private,2026-08-20,consider,open,,
lead-public-00776,cust-0226,session-public-00526,Paid Social,camp-move,2026-09-03,browse,open,,
lead-public-00777,cust-0233,session-public-00537,Instagram,camp-studio,2026-07-20,browse,lost,,
lead-public-00778,cust-0240,session-public-00548,Organic,organic,2026-03-14,consider,open,,
lead-public-00779,cust-0247,session-public-00559,DM,camp-private,2026-02-11,browse,open,,
lead-public-00780,cust-0254,session-public-00570,Paid Social,camp-move,2026-09-10,browse,open,,
lead-public-00781,cust-0261,session-public-00581,Instagram,camp-studio,2026-04-04,consider,lost,,
lead-public-00782,cust-0268,session-public-00592,Organic,organic,2026-05-09,browse,open,,
lead-public-00783,cust-0275,session-public-00603,DM,camp-private,2026-03-14,browse,open,,
lead-public-00784,cust-0282,session-public-00614,Paid Social,camp-move,2026-02-18,consider,open,,
lead-public-00785,cust-0289,session-public-00625,Instagram,camp-studio,2026-05-06,browse,lost,,
lead-public-00786,cust-0296,session-public-00636,Organic,organic,2026-08-20,browse,open,,
lead-public-00787,cust-0303,session-public-00647,DM,camp-private,2026-05-14,consider,open,,
lead-public-00788,cust-0310,session-public-00658,Paid Social,camp-move,2026-05-12,browse,open,,
lead-public-00789,cust-0317,session-public-00669,Instagram,camp-studio,2026-04-02,browse,lost,,
lead-public-00790,cust-0324,session-public-00680,Organic,organic,2026-07-01,consider,open,,
lead-public-00791,cust-0331,session-public-00691,DM,camp-private,2026-06-20,browse,open,,
lead-public-00792,cust-0338,session-public-00702,Paid Social,camp-move,2026-07-23,browse,open,,
lead-public-00793,cust-0345,session-public-00713,Instagram,camp-studio,2026-08-08,consider,lost,,
lead-public-00794,cust-0352,session-public-00724,Organic,organic,2026-08-24,browse,open,,
lead-public-00795,cust-0359,session-public-00735,DM,camp-private,2026-08-30,browse,open,,
lead-public-00796,cust-0366,session-public-00746,Paid Social,camp-move,2026-09-18,consider,open,,
lead-public-00797,cust-0373,session-public-00757,Instagram,camp-studio,2026-08-06,browse,lost,,
lead-public-00798,cust-0380,session-public-00768,Organic,organic,2026-02-04,browse,open,,
lead-public-00799,cust-0387,session-public-00779,DM,camp-private,2026-04-21,consider,open,,
lead-public-00800,cust-0394,session-public-00790,Paid Social,camp-move,2026-08-23,browse,open,,
lead-public-00801,cust-0001,session-public-00801,Instagram,camp-studio,2026-08-05,browse,lost,,
lead-public-00802,cust-0008,session-public-00812,Organic,organic,2026-09-14,consider,open,,
lead-public-00803,cust-0015,session-public-00823,DM,camp-private,2026-06-28,browse,open,,
lead-public-00804,cust-0022,session-public-00834,Paid Social,camp-move,2026-09-10,browse,open,,
lead-public-00805,cust-0029,session-public-00845,Instagram,camp-studio,2026-08-20,consider,lost,,
lead-public-00806,cust-0036,session-public-00856,Organic,organic,2026-02-11,browse,open,,
lead-public-00807,cust-0043,session-public-00867,DM,camp-private,2026-05-21,browse,open,,
lead-public-00808,cust-0050,session-public-00878,Paid Social,camp-move,2026-03-24,consider,open,,
lead-public-00809,cust-0057,session-public-00889,Instagram,camp-studio,2025-11-24,browse,lost,,
lead-public-00810,cust-0064,session-public-00900,Organic,organic,2026-06-14,browse,open,,
lead-public-00811,cust-0071,session-public-00911,DM,camp-private,2026-02-28,consider,open,,
lead-public-00812,cust-0078,session-public-00922,Paid Social,camp-move,2026-05-12,browse,open,,
lead-public-00813,cust-0085,session-public-00933,Instagram,camp-studio,2026-08-31,browse,lost,,
lead-public-00814,cust-0092,session-public-00944,Organic,organic,2026-08-13,consider,open,,
lead-public-00815,cust-0099,session-public-00955,DM,camp-private,2026-07-31,browse,open,,
lead-public-00816,cust-0106,session-public-00966,Paid Social,camp-move,2025-12-06,browse,open,,
lead-public-00817,cust-0113,session-public-00977,Instagram,camp-studio,2026-04-09,consider,lost,,
lead-public-00818,cust-0120,session-public-00988,Organic,organic,2026-08-17,browse,open,,
lead-public-00819,cust-0127,session-public-00999,DM,camp-private,2026-07-28,browse,open,,
lead-public-00820,cust-0134,session-public-01010,Paid Social,camp-move,2026-06-17,consider,open,,
lead-public-00821,cust-0141,session-public-01021,Instagram,camp-studio,2025-12-09,browse,lost,,
lead-public-00822,cust-0148,session-public-01032,Organic,organic,2026-05-08,browse,open,,
lead-public-00823,cust-0155,session-public-01043,DM,camp-private,2026-02-10,consider,open,,
lead-public-00824,cust-0162,session-public-01054,Paid Social,camp-move,2026-03-15,browse,open,,
lead-public-00825,cust-0169,session-public-01065,Instagram,camp-studio,2026-08-09,browse,lost,,
lead-public-00826,cust-0176,session-public-01076,Organic,organic,2026-08-15,consider,open,,
lead-public-00827,cust-0183,session-public-01087,DM,camp-private,2026-06-25,browse,open,,
lead-public-00828,cust-0190,session-public-01098,Paid Social,camp-move,2026-03-16,browse,open,,
lead-public-00829,cust-0197,session-public-01109,Instagram,camp-studio,2025-12-10,consider,lost,,
lead-public-00830,cust-0204,session-public-01120,Organic,organic,2026-08-25,browse,open,,
lead-public-00831,cust-0211,session-public-01131,DM,camp-private,2026-04-26,browse,open,,
lead-public-00832,cust-0218,session-public-01142,Paid Social,camp-move,2026-08-31,consider,open,,
lead-public-00833,cust-0225,session-public-01153,Instagram,camp-studio,2026-01-26,browse,lost,,
lead-public-00834,cust-0232,session-public-01164,Organic,organic,2026-07-16,browse,open,,
lead-public-00835,cust-0239,session-public-01175,DM,camp-private,2026-02-13,consider,open,,
lead-public-00836,cust-0246,session-public-01186,Paid Social,camp-move,2026-01-21,browse,open,,
lead-public-00837,cust-0253,session-public-01197,Instagram,camp-studio,2026-08-21,browse,lost,,
lead-public-00838,cust-0260,session-public-01208,Organic,organic,2026-01-02,consider,open,,
lead-public-00839,cust-0267,session-public-01219,DM,camp-private,2026-08-19,browse,open,,
lead-public-00840,cust-0274,session-public-01230,Paid Social,camp-move,2026-04-16,browse,open,,
lead-public-00841,cust-0281,session-public-01241,Instagram,camp-studio,2026-05-25,consider,lost,,
lead-public-00842,cust-0288,session-public-01252,Organic,organic,2026-08-05,browse,open,,
lead-public-00843,cust-0295,session-public-01263,DM,camp-private,2025-10-19,browse,open,,
lead-public-00844,cust-0302,session-public-01274,Paid Social,camp-move,2026-01-09,consider,open,,
lead-public-00845,cust-0309,session-public-01285,Instagram,camp-studio,2026-09-06,browse,lost,,
lead-public-00846,cust-0316,session-public-01296,Organic,organic,2026-07-04,browse,open,,
lead-public-00847,cust-0323,session-public-01307,DM,camp-private,2026-06-26,consider,open,,
lead-public-00848,cust-0330,session-public-01318,Paid Social,camp-move,2026-06-06,browse,open,,
lead-public-00849,cust-0337,session-public-01329,Instagram,camp-studio,2025-10-27,browse,lost,,
lead-public-00850,cust-0344,session-public-01340,Organic,organic,2026-07-10,consider,open,,
lead-public-00851,cust-0351,session-public-01351,DM,camp-private,2026-05-13,browse,open,,
lead-public-00852,cust-0358,session-public-01362,Paid Social,camp-move,2026-08-15,browse,open,,
lead-public-00853,cust-0365,session-public-01373,Instagram,camp-studio,2026-09-01,consider,lost,,
lead-public-00854,cust-0372,session-public-01384,Organic,organic,2026-05-14,browse,open,,
lead-public-00855,cust-0379,session-public-01395,DM,camp-private,2026-08-08,browse,open,,
lead-public-00856,cust-0386,session-public-01406,Paid Social,camp-move,2026-04-12,consider,open,,
lead-public-00857,cust-0393,session-public-01417,Instagram,camp-studio,2026-08-22,browse,lost,,
lead-public-00858,cust-0400,session-public-01428,Organic,organic,2026-04-01,browse,open,,
lead-public-00859,cust-0007,session-public-01439,DM,camp-private,2025-11-18,consider,open,,
lead-public-00860,cust-0014,session-public-01450,Paid Social,camp-move,2026-09-03,browse,open,,
lead-public-00861,cust-0021,session-public-01461,Instagram,camp-studio,2025-11-10,browse,lost,,
lead-public-00862,cust-0028,session-public-01472,Organic,organic,2026-01-01,consider,open,,
lead-public-00863,cust-0035,session-public-01483,DM,camp-private,2026-07-20,browse,open,,
lead-public-00864,cust-0042,session-public-01494,Paid Social,camp-move,2026-08-02,browse,open,,
lead-public-00865,cust-0049,session-public-01505,Instagram,camp-studio,2026-09-15,consider,lost,,
lead-public-00866,cust-0056,session-public-01516,Organic,organic,2026-06-23,browse,open,,
lead-public-00867,cust-0063,session-public-01527,DM,camp-private,2026-08-04,browse,open,,
lead-public-00868,cust-0070,session-public-01538,Paid Social,camp-move,2026-08-26,consider,open,,
lead-public-00869,cust-0077,session-public-01549,Instagram,camp-studio,2026-07-22,browse,lost,,
lead-public-00870,cust-0084,session-public-01560,Organic,organic,2026-07-08,browse,open,,
lead-public-00871,cust-0091,session-public-01571,DM,camp-private,2026-07-30,consider,open,,
lead-public-00872,cust-0098,session-public-01582,Paid Social,camp-move,2026-04-04,browse,open,,
lead-public-00873,cust-0105,session-public-01593,Instagram,camp-studio,2026-03-07,browse,lost,,
lead-public-00874,cust-0112,session-public-01604,Organic,organic,2025-11-20,consider,open,,
lead-public-00875,cust-0119,session-public-01615,DM,camp-private,2026-09-14,browse,open,,
lead-public-00876,cust-0126,session-public-01626,Paid Social,camp-move,2026-07-06,browse,open,,
lead-public-00877,cust-0133,session-public-01637,Instagram,camp-studio,2026-08-28,consider,lost,,
lead-public-00878,cust-0140,session-public-01648,Organic,organic,2026-07-11,browse,open,,
lead-public-00879,cust-0147,session-public-01659,DM,camp-private,2025-10-26,browse,open,,
lead-public-00880,cust-0154,session-public-01670,Paid Social,camp-move,2026-07-02,consider,open,,
lead-public-00881,cust-0161,session-public-01681,Instagram,camp-studio,2026-08-28,browse,lost,,
lead-public-00882,cust-0168,session-public-01692,Organic,organic,2025-12-27,browse,open,,
lead-public-00883,cust-0175,session-public-01703,DM,camp-private,2026-08-09,consider,open,,
lead-public-00884,cust-0182,session-public-01714,Paid Social,camp-move,2025-12-13,browse,open,,
lead-public-00885,cust-0189,session-public-01725,Instagram,camp-studio,2025-10-22,browse,lost,,
lead-public-00886,cust-0196,session-public-01736,Organic,organic,2026-07-29,consider,open,,
lead-public-00887,cust-0203,session-public-01747,DM,camp-private,2026-07-25,browse,open,,
lead-public-00888,cust-0210,session-public-01758,Paid Social,camp-move,2026-07-29,browse,open,,
lead-public-00889,cust-0217,session-public-01769,Instagram,camp-studio,2026-04-14,consider,lost,,
lead-public-00890,cust-0224,session-public-01780,Organic,organic,2026-07-20,browse,open,,
lead-public-00891,cust-0231,session-public-01791,DM,camp-private,2026-07-02,browse,open,,
lead-public-00892,cust-0238,session-public-01802,Paid Social,camp-move,2026-08-11,consider,open,,
lead-public-00893,cust-0245,session-public-01813,Instagram,camp-studio,2026-06-12,browse,lost,,
lead-public-00894,cust-0252,session-public-01824,Organic,organic,2026-08-30,browse,open,,
lead-public-00895,cust-0259,session-public-01835,DM,camp-private,2026-09-21,consider,open,,
lead-public-00896,cust-0266,session-public-01846,Paid Social,camp-move,2026-08-14,browse,open,,
lead-public-00897,cust-0273,session-public-01857,Instagram,camp-studio,2026-04-10,browse,lost,,
lead-public-00898,cust-0280,session-public-01868,Organic,organic,2026-06-23,consider,open,,
lead-public-00899,cust-0287,session-public-01879,DM,camp-private,2026-06-30,browse,open,,
lead-public-00900,cust-0294,session-public-01890,Paid Social,camp-move,2026-06-25,browse,open,,
lead-public-00901,cust-0301,session-public-01901,Instagram,camp-studio,2026-05-26,consider,lost,,
lead-public-00902,cust-0308,session-public-01912,Organic,organic,2026-09-08,browse,open,,
lead-public-00903,cust-0315,session-public-01923,DM,camp-private,2026-08-26,browse,open,,
lead-public-00904,cust-0322,session-public-01934,Paid Social,camp-move,2026-07-15,consider,open,,
lead-public-00905,cust-0329,session-public-01945,Instagram,camp-studio,2026-06-26,browse,lost,,
lead-public-00906,cust-0336,session-public-01956,Organic,organic,2026-01-26,browse,open,,
lead-public-00907,cust-0343,session-public-01967,DM,camp-private,2025-11-22,consider,open,,
lead-public-00908,cust-0350,session-public-01978,Paid Social,camp-move,2025-11-12,browse,open,,
lead-public-00909,cust-0357,session-public-01989,Instagram,camp-studio,2026-06-26,browse,lost,,
lead-public-00910,cust-0364,session-public-02000,Organic,organic,2026-06-08,consider,open,,
lead-public-00911,cust-0371,session-public-02011,DM,camp-private,2026-09-14,browse,open,,
lead-public-00912,cust-0378,session-public-02022,Paid Social,camp-move,2026-01-27,browse,open,,
lead-public-00913,cust-0385,session-public-02033,Instagram,camp-studio,2026-09-14,consider,lost,,
lead-public-00914,cust-0392,session-public-02044,Organic,organic,2026-08-01,browse,open,,
lead-public-00915,cust-0399,session-public-02055,DM,camp-private,2026-08-27,browse,open,,
lead-public-00916,cust-0006,session-public-02066,Paid Social,camp-move,2026-08-15,consider,open,,
lead-public-00917,cust-0013,session-public-02077,Instagram,camp-studio,2025-11-13,browse,lost,,
lead-public-00918,cust-0020,session-public-02088,Organic,organic,2025-12-26,browse,open,,
lead-public-00919,cust-0027,session-public-02099,DM,camp-private,2026-07-12,consider,open,,
lead-public-00920,cust-0034,session-public-02110,Paid Social,camp-move,2026-07-27,browse,open,,
lead-public-00921,cust-0041,session-public-02121,Instagram,camp-studio,2026-03-29,browse,lost,,
lead-public-00922,cust-0048,session-public-02132,Organic,organic,2026-04-04,consider,open,,
lead-public-00923,cust-0055,session-public-02143,DM,camp-private,2026-05-15,browse,open,,
lead-public-00924,cust-0062,session-public-02154,Paid Social,camp-move,2026-08-09,browse,open,,
lead-public-00925,cust-0069,session-public-02165,Instagram,camp-studio,2026-06-19,consider,lost,,
lead-public-00926,cust-0076,session-public-02176,Organic,organic,2026-04-04,browse,open,,
lead-public-00927,cust-0083,session-public-02187,DM,camp-private,2026-03-22,browse,open,,
lead-public-00928,cust-0090,session-public-02198,Paid Social,camp-move,2026-02-22,consider,open,,
lead-public-00929,cust-0097,session-public-02209,Instagram,camp-studio,2026-05-16,browse,lost,,
lead-public-00930,cust-0104,session-public-02220,Organic,organic,2026-09-07,browse,open,,
lead-public-00931,cust-0111,session-public-02231,DM,camp-private,2026-02-06,consider,open,,
lead-public-00932,cust-0118,session-public-02242,Paid Social,camp-move,2026-08-22,browse,open,,
lead-public-00933,cust-0125,session-public-02253,Instagram,camp-studio,2026-01-26,browse,lost,,
lead-public-00934,cust-0132,session-public-02264,Organic,organic,2026-07-06,consider,open,,
lead-public-00935,cust-0139,session-public-02275,DM,camp-private,2026-04-16,browse,open,,
lead-public-00936,cust-0146,session-public-02286,Paid Social,camp-move,2026-07-24,browse,open,,
lead-public-00937,cust-0153,session-public-02297,Instagram,camp-studio,2026-01-28,consider,lost,,
lead-public-00938,cust-0160,session-public-02308,Organic,organic,2026-02-05,browse,open,,
lead-public-00939,cust-0167,session-public-02319,DM,camp-private,2026-05-12,browse,open,,
lead-public-00940,cust-0174,session-public-02330,Paid Social,camp-move,2026-08-08,consider,open,,
lead-public-00941,cust-0181,session-public-02341,Instagram,camp-studio,2026-06-01,browse,lost,,
lead-public-00942,cust-0188,session-public-02352,Organic,organic,2026-07-04,browse,open,,
lead-public-00943,cust-0195,session-public-02363,DM,camp-private,2026-06-15,consider,open,,
lead-public-00944,cust-0202,session-public-02374,Paid Social,camp-move,2026-06-09,browse,open,,
lead-public-00945,cust-0209,session-public-02385,Instagram,camp-studio,2026-06-19,browse,lost,,
lead-public-00946,cust-0216,session-public-02396,Organic,organic,2026-04-14,consider,open,,
lead-public-00947,cust-0223,session-public-02407,DM,camp-private,2026-05-11,browse,open,,
lead-public-00948,cust-0230,session-public-02418,Paid Social,camp-move,2026-07-20,browse,open,,
lead-public-00949,cust-0237,session-public-02429,Instagram,camp-studio,2026-09-19,consider,lost,,
lead-public-00950,cust-0244,session-public-02440,Organic,organic,2025-11-03,browse,open,,
lead-public-00951,cust-0251,session-public-02451,DM,camp-private,2026-08-19,browse,open,,
lead-public-00952,cust-0258,session-public-02462,Paid Social,camp-move,2026-09-08,consider,open,,
lead-public-00953,cust-0265,session-public-02473,Instagram,camp-studio,2026-04-26,browse,lost,,
lead-public-00954,cust-0272,session-public-02484,Organic,organic,2026-02-05,browse,open,,
lead-public-00955,cust-0279,session-public-02495,DM,camp-private,2026-07-29,consider,open,,
lead-public-00956,cust-0286,session-public-02506,Paid Social,camp-move,2026-05-16,browse,open,,
lead-public-00957,cust-0293,session-public-02517,Instagram,camp-studio,2026-08-21,browse,lost,,
lead-public-00958,cust-0300,session-public-02528,Organic,organic,2026-05-28,consider,open,,
lead-public-00959,cust-0307,session-public-02539,DM,camp-private,2025-11-16,browse,open,,
lead-public-00960,cust-0314,session-public-02550,Paid Social,camp-move,2026-07-03,browse,open,,
lead-public-00961,cust-0321,session-public-02561,Instagram,camp-studio,2026-01-07,consider,lost,,
lead-public-00962,cust-0328,session-public-02572,Organic,organic,2026-07-18,browse,open,,
lead-public-00963,cust-0335,session-public-02583,DM,camp-private,2025-11-29,browse,open,,
lead-public-00964,cust-0342,session-public-02594,Paid Social,camp-move,2026-04-16,consider,open,,
lead-public-00965,cust-0349,session-public-02605,Instagram,camp-studio,2026-08-05,browse,lost,,
lead-public-00966,cust-0356,session-public-02616,Organic,organic,2026-08-02,browse,open,,
lead-public-00967,cust-0363,session-public-02627,DM,camp-private,2026-09-05,consider,open,,
lead-public-00968,cust-0370,session-public-02638,Paid Social,camp-move,2026-05-02,browse,open,,
lead-public-00969,cust-0377,session-public-02649,Instagram,camp-studio,2026-06-24,browse,lost,,
lead-public-00970,cust-0384,session-public-02660,Organic,organic,2026-03-02,consider,open,,
lead-public-00971,cust-0391,session-public-02671,DM,camp-private,2026-02-23,browse,open,,
lead-public-00972,cust-0398,session-public-02682,Paid Social,camp-move,2026-02-22,browse,open,,
lead-public-00973,cust-0005,session-public-02693,Instagram,camp-studio,2026-02-25,consider,lost,,
lead-public-00974,cust-0012,session-public-02704,Organic,organic,2025-12-02,browse,open,,
lead-public-00975,cust-0019,session-public-02715,DM,camp-private,2026-04-29,browse,open,,
lead-public-00976,cust-0026,session-public-02726,Paid Social,camp-move,2026-08-24,consider,open,,
lead-public-00977,cust-0033,session-public-02737,Instagram,camp-studio,2026-02-16,browse,lost,,
lead-public-00978,cust-0040,session-public-02748,Organic,organic,2026-04-26,browse,open,,
lead-public-00979,cust-0047,session-public-02759,DM,camp-private,2026-06-10,consider,open,,
lead-public-00980,cust-0054,session-public-02770,Paid Social,camp-move,2026-04-08,browse,open,,
lead-public-00981,cust-0061,session-public-02781,Instagram,camp-studio,2026-02-19,browse,lost,,
lead-public-00982,cust-0068,session-public-02792,Organic,organic,2026-05-01,consider,open,,
lead-public-00983,cust-0075,session-public-02803,DM,camp-private,2026-09-14,browse,open,,
lead-public-00984,cust-0082,session-public-02814,Paid Social,camp-move,2026-03-30,browse,open,,
lead-public-00985,cust-0089,session-public-02825,Instagram,camp-studio,2026-08-20,consider,lost,,
lead-public-00986,cust-0096,session-public-02836,Organic,organic,2026-07-06,browse,open,,
lead-public-00987,cust-0103,session-public-02847,DM,camp-private,2026-01-12,browse,open,,
lead-public-00988,cust-0110,session-public-02858,Paid Social,camp-move,2026-04-15,consider,open,,
lead-public-00989,cust-0117,session-public-02869,Instagram,camp-studio,2026-08-23,browse,lost,,
lead-public-00990,cust-0124,session-public-02880,Organic,organic,2025-12-25,browse,open,,
lead-public-00991,cust-0131,session-public-02891,DM,camp-private,2026-07-17,consider,open,,
lead-public-00992,cust-0138,session-public-02902,Paid Social,camp-move,2026-02-10,browse,open,,
lead-public-00993,cust-0145,session-public-02913,Instagram,camp-studio,2026-07-01,browse,lost,,
lead-public-00994,cust-0152,session-public-02924,Organic,organic,2026-06-19,consider,open,,
lead-public-00995,cust-0159,session-public-02935,DM,camp-private,2026-06-23,browse,open,,
lead-public-00996,cust-0166,session-public-02946,Paid Social,camp-move,2025-12-17,browse,open,,
lead-public-00997,cust-0173,session-public-02957,Instagram,camp-studio,2025-11-25,consider,lost,,
lead-public-00998,cust-0180,session-public-02968,Organic,organic,2025-12-27,browse,open,,
lead-public-00999,cust-0187,session-public-02979,DM,camp-private,2026-06-19,browse,open,,
lead-public-01000,cust-0194,session-public-02990,Paid Social,camp-move,2026-08-03,consider,open,,
lead-public-01001,cust-0201,session-public-03001,Instagram,camp-studio,2026-07-21,browse,lost,,
lead-public-01002,cust-0208,session-public-03012,Organic,organic,2026-02-04,browse,open,,
lead-public-01003,cust-0215,session-public-03023,DM,camp-private,2026-01-11,consider,open,,
lead-public-01004,cust-0222,session-public-03034,Paid Social,camp-move,2026-06-13,browse,open,,
lead-public-01005,cust-0229,session-public-03045,Instagram,camp-studio,2026-04-03,browse,lost,,
lead-public-01006,cust-0236,session-public-03056,Organic,organic,2026-04-09,consider,open,,
lead-public-01007,cust-0243,session-public-03067,DM,camp-private,2026-03-10,browse,open,,
lead-public-01008,cust-0250,session-public-03078,Paid Social,camp-move,2026-04-21,browse,open,,
lead-public-01009,cust-0257,session-public-03089,Instagram,camp-studio,2026-05-22,consider,lost,,
lead-public-01010,cust-0264,session-public-03100,Organic,organic,2026-05-24,browse,open,,
lead-public-01011,cust-0271,session-public-03111,DM,camp-private,2026-08-18,browse,open,,
lead-public-01012,cust-0278,session-public-03122,Paid Social,camp-move,2026-01-30,consider,open,,
lead-public-01013,cust-0285,session-public-03133,Instagram,camp-studio,2026-02-11,browse,lost,,
lead-public-01014,cust-0292,session-public-03144,Organic,organic,2026-08-09,browse,open,,
lead-public-01015,cust-0299,session-public-03155,DM,camp-private,2026-04-18,consider,open,,
lead-public-01016,cust-0306,session-public-03166,Paid Social,camp-move,2026-07-19,browse,open,,
lead-public-01017,cust-0313,session-public-03177,Instagram,camp-studio,2026-09-13,browse,lost,,
lead-public-01018,cust-0320,session-public-03188,Organic,organic,2026-03-11,consider,open,,
lead-public-01019,cust-0327,session-public-03199,DM,camp-private,2026-01-18,browse,open,,
lead-public-01020,cust-0334,session-public-03210,Paid Social,camp-move,2026-06-09,browse,open,,
lead-public-01021,cust-0341,session-public-03221,Instagram,camp-studio,2026-04-19,consider,lost,,
lead-public-01022,cust-0348,session-public-03232,Organic,organic,2025-11-21,browse,open,,
lead-public-01023,cust-0355,session-public-03243,DM,camp-private,2026-06-26,browse,open,,
lead-public-01024,cust-0362,session-public-03254,Paid Social,camp-move,2026-06-06,consider,open,,
lead-public-01025,cust-0369,session-public-03265,Instagram,camp-studio,2026-07-03,browse,lost,,
lead-public-01026,cust-0376,session-public-03276,Organic,organic,2025-12-19,browse,open,,
lead-public-01027,cust-0383,session-public-03287,DM,camp-private,2025-10-27,consider,open,,
lead-public-01028,cust-0390,session-public-03298,Paid Social,camp-move,2026-09-17,browse,open,,
lead-public-01029,cust-0397,session-public-03309,Instagram,camp-studio,2026-07-02,browse,lost,,
lead-public-01030,cust-0004,session-public-03320,Organic,organic,2025-12-09,consider,open,,
lead-public-01031,cust-0011,session-public-03331,DM,camp-private,2026-06-20,browse,open,,
lead-public-01032,cust-0018,session-public-03342,Paid Social,camp-move,2026-05-09,browse,open,,
lead-public-01033,cust-0025,session-public-03353,Instagram,camp-studio,2026-07-27,consider,lost,,
lead-public-01034,cust-0032,session-public-03364,Organic,organic,2026-04-24,browse,open,,
lead-public-01035,cust-0039,session-public-03375,DM,camp-private,2026-09-14,browse,open,,
lead-public-01036,cust-0046,session-public-03386,Paid Social,camp-move,2026-06-27,consider,open,,
lead-public-01037,cust-0053,session-public-03397,Instagram,camp-studio,2026-02-04,browse,lost,,
lead-public-01038,cust-0060,session-public-03408,Organic,organic,2026-09-14,browse,open,,
lead-public-01039,cust-0067,session-public-03419,DM,camp-private,2026-09-17,consider,open,,
lead-public-01040,cust-0074,session-public-03430,Paid Social,camp-move,2026-08-28,browse,open,,
lead-public-01041,cust-0081,session-public-03441,Instagram,camp-studio,2026-09-09,browse,lost,,
lead-public-01042,cust-0088,session-public-03452,Organic,organic,2026-09-06,consider,open,,
lead-public-01043,cust-0095,session-public-03463,DM,camp-private,2026-02-02,browse,open,,
lead-public-01044,cust-0102,session-public-03474,Paid Social,camp-move,2026-07-04,browse,open,,
lead-public-01045,cust-0109,session-public-03485,Instagram,camp-studio,2026-05-20,consider,lost,,
lead-public-01046,cust-0116,session-public-03496,Organic,organic,2026-02-02,browse,open,,
lead-public-01047,cust-0123,session-public-03507,DM,camp-private,2026-02-04,browse,open,,
lead-public-01048,cust-0130,session-public-03518,Paid Social,camp-move,2026-04-29,consider,open,,
lead-public-01049,cust-0137,session-public-03529,Instagram,camp-studio,2026-06-01,browse,lost,,
lead-public-01050,cust-0144,session-public-03540,Organic,organic,2026-09-05,browse,open,,
lead-public-01051,cust-0151,session-public-03551,DM,camp-private,2026-05-19,consider,open,,
lead-public-01052,cust-0158,session-public-03562,Paid Social,camp-move,2026-09-06,browse,open,,
lead-public-01053,cust-0165,session-public-03573,Instagram,camp-studio,2026-05-02,browse,lost,,
lead-public-01054,cust-0172,session-public-03584,Organic,organic,2026-09-13,consider,open,,
lead-public-01055,cust-0179,session-public-03595,DM,camp-private,2026-02-26,browse,open,,
lead-public-01056,cust-0186,session-public-03606,Paid Social,camp-move,2026-07-25,browse,open,,
lead-public-01057,cust-0193,session-public-03617,Instagram,camp-studio,2026-01-22,consider,lost,,
lead-public-01058,cust-0200,session-public-03628,Organic,organic,2026-06-27,browse,open,,
lead-public-01059,cust-0207,session-public-03639,DM,camp-private,2026-04-20,browse,open,,
lead-public-01060,cust-0214,session-public-03650,Paid Social,camp-move,2026-09-10,consider,open,,
lead-public-01061,cust-0221,session-public-03661,Instagram,camp-studio,2026-09-13,browse,lost,,
lead-public-01062,cust-0228,session-public-03672,Organic,organic,2026-03-14,browse,open,,
lead-public-01063,cust-0235,session-public-03683,DM,camp-private,2025-11-23,consider,open,,
lead-public-01064,cust-0242,session-public-03694,Paid Social,camp-move,2026-05-18,browse,open,,
lead-public-01065,cust-0249,session-public-03705,Instagram,camp-studio,2026-05-28,browse,lost,,
lead-public-01066,cust-0256,session-public-03716,Organic,organic,2026-01-24,consider,open,,
lead-public-01067,cust-0263,session-public-03727,DM,camp-private,2026-07-01,browse,open,,
lead-public-01068,cust-0270,session-public-03738,Paid Social,camp-move,2026-08-22,browse,open,,
lead-public-01069,cust-0277,session-public-03749,Instagram,camp-studio,2026-05-21,consider,lost,,
lead-public-01070,cust-0284,session-public-03760,Organic,organic,2026-09-05,browse,open,,
lead-public-01071,cust-0291,session-public-03771,DM,camp-private,2025-11-11,browse,open,,
lead-public-01072,cust-0298,session-public-03782,Paid Social,camp-move,2026-04-13,consider,open,,
lead-public-01073,cust-0305,session-public-03793,Instagram,camp-studio,2026-01-10,browse,lost,,
lead-public-01074,cust-0312,session-public-03804,Organic,organic,2026-04-26,browse,open,,
lead-public-01075,cust-0319,session-public-03815,DM,camp-private,2026-02-20,consider,open,,
lead-public-01076,cust-0326,session-public-03826,Paid Social,camp-move,2026-06-14,browse,open,,
lead-public-01077,cust-0333,session-public-03837,Instagram,camp-studio,2026-01-04,browse,lost,,
lead-public-01078,cust-0340,session-public-03848,Organic,organic,2026-09-02,consider,open,,
lead-public-01079,cust-0347,session-public-03859,DM,camp-private,2026-07-23,browse,open,,
lead-public-01080,cust-0354,session-public-03870,Paid Social,camp-move,2026-08-17,browse,open,,
lead-public-01081,cust-0361,session-public-03881,Instagram,camp-studio,2026-07-02,consider,lost,,
lead-public-01082,cust-0368,session-public-03892,Organic,organic,2026-06-19,browse,open,,
lead-public-01083,cust-0375,session-public-03903,DM,camp-private,2025-11-13,browse,open,,
lead-public-01084,cust-0382,session-public-03914,Paid Social,camp-move,2026-07-08,consider,open,,
lead-public-01085,cust-0389,session-public-03925,Instagram,camp-studio,2026-07-17,browse,lost,,
lead-public-01086,cust-0396,session-public-03936,Organic,organic,2026-08-29,browse,open,,
lead-public-01087,cust-0003,session-public-03947,DM,camp-private,2026-06-16,consider,open,,
lead-public-01088,cust-0010,session-public-03958,Paid Social,camp-move,2026-03-10,browse,open,,
lead-public-01089,cust-0017,session-public-03969,Instagram,camp-studio,2026-07-21,browse,lost,,
lead-public-01090,cust-0024,session-public-03980,Organic,organic,2026-06-07,consider,open,,
lead-public-01091,cust-0031,session-public-03991,DM,camp-private,2026-06-28,browse,open,,
lead-public-01092,cust-0038,session-public-04002,Paid Social,camp-move,2026-01-12,browse,open,,
lead-public-01093,cust-0045,session-public-04013,Instagram,camp-studio,2026-07-06,consider,lost,,
lead-public-01094,cust-0052,session-public-04024,Organic,organic,2026-07-31,browse,open,,
lead-public-01095,cust-0059,session-public-04035,DM,camp-private,2025-12-06,browse,open,,
lead-public-01096,cust-0066,session-public-04046,Paid Social,camp-move,2026-08-10,consider,open,,
lead-public-01097,cust-0073,session-public-04057,Instagram,camp-studio,2025-12-28,browse,lost,,
lead-public-01098,cust-0080,session-public-04068,Organic,organic,2026-03-27,browse,open,,
lead-public-01099,cust-0087,session-public-04079,DM,camp-private,2026-09-16,consider,open,,
lead-public-01100,cust-0094,session-public-04090,Paid Social,camp-move,2026-06-22,browse,open,,
lead-public-01101,cust-0101,session-public-04101,Instagram,camp-studio,2026-09-09,browse,lost,,
lead-public-01102,cust-0108,session-public-04112,Organic,organic,2026-07-29,consider,open,,
lead-public-01103,cust-0115,session-public-04123,DM,camp-private,2026-05-06,browse,open,,
lead-public-01104,cust-0122,session-public-04134,Paid Social,camp-move,2025-12-04,browse,open,,
lead-public-01105,cust-0129,session-public-04145,Instagram,camp-studio,2026-07-18,consider,lost,,
lead-public-01106,cust-0136,session-public-04156,Organic,organic,2026-08-08,browse,open,,
lead-public-01107,cust-0143,session-public-04167,DM,camp-private,2026-04-13,browse,open,,
lead-public-01108,cust-0150,session-public-04178,Paid Social,camp-move,2026-07-24,consider,open,,
lead-public-01109,cust-0157,session-public-04189,Instagram,camp-studio,2025-11-19,browse,lost,,
lead-public-01110,cust-0164,session-public-04200,Organic,organic,2026-04-04,browse,open,,
lead-public-01111,cust-0171,session-public-04211,DM,camp-private,2026-06-28,consider,open,,
lead-public-01112,cust-0178,session-public-04222,Paid Social,camp-move,2026-07-30,browse,open,,
lead-public-01113,cust-0185,session-public-04233,Instagram,camp-studio,2026-02-19,browse,lost,,
lead-public-01114,cust-0192,session-public-04244,Organic,organic,2026-09-06,consider,open,,
lead-public-01115,cust-0199,session-public-04255,DM,camp-private,2026-06-11,browse,open,,
lead-public-01116,cust-0206,session-public-04266,Paid Social,camp-move,2026-06-30,browse,open,,
lead-public-01117,cust-0213,session-public-04277,Instagram,camp-studio,2026-06-25,consider,lost,,
lead-public-01118,cust-0220,session-public-04288,Organic,organic,2026-04-01,browse,open,,
lead-public-01119,cust-0227,session-public-04299,DM,camp-private,2026-06-01,browse,open,,
lead-public-01120,cust-0234,session-public-04310,Paid Social,camp-move,2026-09-15,consider,open,,
lead-public-01121,cust-0241,session-public-04321,Instagram,camp-studio,2026-04-02,browse,lost,,
lead-public-01122,cust-0248,session-public-04332,Organic,organic,2026-09-02,browse,open,,
lead-public-01123,cust-0255,session-public-04343,DM,camp-private,2026-05-22,consider,open,,
lead-public-01124,cust-0262,session-public-04354,Paid Social,camp-move,2026-08-25,browse,open,,
lead-public-01125,cust-0269,session-public-04365,Instagram,camp-studio,2026-09-06,browse,lost,,
lead-public-01126,cust-0276,session-public-04376,Organic,organic,2025-11-25,consider,open,,
lead-public-01127,cust-0283,session-public-04387,DM,camp-private,2026-09-11,browse,open,,
lead-public-01128,cust-0290,session-public-04398,Paid Social,camp-move,2026-07-02,browse,open,,
lead-public-01129,cust-0297,session-public-04409,Instagram,camp-studio,2026-05-14,consider,lost,,
lead-public-01130,cust-0304,session-public-04420,Organic,organic,2026-05-09,browse,open,,
lead-public-01131,cust-0311,session-public-04431,DM,camp-private,2026-04-04,browse,open,,
lead-public-01132,cust-0318,session-public-04442,Paid Social,camp-move,2026-04-06,consider,open,,
lead-public-01133,cust-0325,session-public-04453,Instagram,camp-studio,2026-06-13,browse,lost,,
lead-public-01134,cust-0332,session-public-04464,Organic,organic,2026-04-14,browse,open,,
lead-public-01135,cust-0339,session-public-04475,DM,camp-private,2026-08-27,consider,open,,
lead-public-01136,cust-0346,session-public-04486,Paid Social,camp-move,2026-09-01,browse,open,,
lead-public-01137,cust-0353,session-public-04497,Instagram,camp-studio,2026-07-17,browse,lost,,
lead-public-01138,cust-0360,session-public-04508,Organic,organic,2026-08-14,consider,open,,
lead-public-01139,cust-0367,session-public-04519,DM,camp-private,2026-06-28,browse,open,,
lead-public-01140,cust-0374,session-public-04530,Paid Social,camp-move,2026-07-07,browse,open,,
lead-public-01141,cust-0381,session-public-04541,Instagram,camp-studio,2026-07-20,consider,lost,,
lead-public-01142,cust-0388,session-public-04552,Organic,organic,2026-06-07,browse,open,,
lead-public-01143,cust-0395,session-public-04563,DM,camp-private,2026-02-03,browse,open,,
lead-public-01144,cust-0002,session-public-04574,Paid Social,camp-move,2026-01-14,consider,open,,
lead-public-01145,cust-0009,session-public-04585,Instagram,camp-studio,2026-02-09,browse,lost,,
lead-public-01146,cust-0016,session-public-04596,Organic,organic,2026-01-20,browse,open,,
lead-public-01147,cust-0023,session-public-04607,DM,camp-private,2026-05-12,consider,open,,
lead-public-01148,cust-0030,session-public-04618,Paid Social,camp-move,2026-09-16,browse,open,,
lead-public-01149,cust-0037,session-public-04629,Instagram,camp-studio,2026-02-05,browse,lost,,
lead-public-01150,cust-0044,session-public-04640,Organic,organic,2026-04-06,consider,open,,
lead-public-01151,cust-0051,session-public-04651,DM,camp-private,2026-03-17,browse,open,,
lead-public-01152,cust-0058,session-public-04662,Paid Social,camp-move,2026-04-15,browse,open,,
lead-public-01153,cust-0065,session-public-04673,Instagram,camp-studio,2026-07-14,consider,lost,,
lead-public-01154,cust-0072,session-public-04684,Organic,organic,2026-06-10,browse,open,,
lead-public-01155,cust-0079,session-public-04695,DM,camp-private,2026-09-21,browse,open,,
lead-public-01156,cust-0086,session-public-04706,Paid Social,camp-move,2026-04-29,consider,open,,
lead-public-01157,cust-0093,session-public-04717,Instagram,camp-studio,2026-01-17,browse,lost,,
lead-public-01158,cust-0100,session-public-04728,Organic,organic,2026-08-15,browse,open,,
lead-public-01159,cust-0107,session-public-04739,DM,camp-private,2026-04-27,consider,open,,
lead-public-01160,cust-0114,session-public-04750,Paid Social,camp-move,2026-07-09,browse,open,,
lead-public-01161,cust-0121,session-public-04761,Instagram,camp-studio,2026-08-14,browse,lost,,
lead-public-01162,cust-0128,session-public-04772,Organic,organic,2026-02-03,consider,open,,
lead-public-01163,cust-0135,session-public-04783,DM,camp-private,2025-12-01,browse,open,,
lead-public-01164,cust-0142,session-public-04794,Paid Social,camp-move,2026-08-09,browse,open,,
lead-public-01165,cust-0149,session-public-04805,Instagram,camp-studio,2026-04-05,consider,lost,,
lead-public-01166,cust-0156,session-public-04816,Organic,organic,2026-09-18,browse,open,,
lead-public-01167,cust-0163,session-public-04827,DM,camp-private,2026-03-26,browse,open,,
lead-public-01168,cust-0170,session-public-04838,Paid Social,camp-move,2026-06-05,consider,open,,
lead-public-01169,cust-0177,session-public-04849,Instagram,camp-studio,2026-06-08,browse,lost,,
lead-public-01170,cust-0184,session-public-04860,Organic,organic,2026-09-08,browse,open,,
lead-public-01171,cust-0191,session-public-04871,DM,camp-private,2026-03-26,consider,open,,
lead-public-01172,cust-0198,session-public-04882,Paid Social,camp-move,2026-03-08,browse,open,,
lead-public-01173,cust-0205,session-public-04893,Instagram,camp-studio,2026-05-23,browse,lost,,
lead-public-01174,cust-0212,session-public-04904,Organic,organic,2026-02-26,consider,open,,
lead-public-01175,cust-0219,session-public-04915,DM,camp-private,2026-08-20,browse,open,,
lead-public-01176,cust-0226,session-public-04926,Paid Social,camp-move,2026-01-15,browse,open,,
lead-public-01177,cust-0233,session-public-04937,Instagram,camp-studio,2026-07-20,consider,lost,,
lead-public-01178,cust-0240,session-public-04948,Organic,organic,2026-05-31,browse,open,,
lead-public-01179,cust-0247,session-public-04959,DM,camp-private,2026-09-02,browse,open,,
lead-public-01180,cust-0254,session-public-04970,Paid Social,camp-move,2026-07-14,consider,open,,
lead-public-01181,cust-0261,session-public-04981,Instagram,camp-studio,2026-03-19,browse,lost,,
lead-public-01182,cust-0268,session-public-04992,Organic,organic,2026-08-14,browse,open,,
lead-public-01183,cust-0275,session-public-05003,DM,camp-private,2026-08-18,consider,open,,
lead-public-01184,cust-0282,session-public-05014,Paid Social,camp-move,2026-07-11,browse,open,,
lead-public-01185,cust-0289,session-public-05025,Instagram,camp-studio,2026-05-06,browse,lost,,
lead-public-01186,cust-0296,session-public-05036,Organic,organic,2025-11-08,consider,open,,
lead-public-01187,cust-0303,session-public-05047,DM,camp-private,2026-04-15,browse,open,,
lead-public-01188,cust-0310,session-public-05058,Paid Social,camp-move,2026-09-08,browse,open,,
lead-public-01189,cust-0317,session-public-05069,Instagram,camp-studio,2025-12-10,consider,lost,,
lead-public-01190,cust-0324,session-public-05080,Organic,organic,2025-10-23,browse,open,,
lead-public-01191,cust-0331,session-public-05091,DM,camp-private,2026-06-20,browse,open,,
lead-public-01192,cust-0338,session-public-05102,Paid Social,camp-move,2026-07-23,consider,open,,
lead-public-01193,cust-0345,session-public-05113,Instagram,camp-studio,2026-01-26,browse,lost,,
lead-public-01194,cust-0352,session-public-05124,Organic,organic,2026-08-24,browse,open,,
lead-public-01195,cust-0359,session-public-05135,DM,camp-private,2026-08-30,consider,open,,
lead-public-01196,cust-0366,session-public-05146,Paid Social,camp-move,2026-08-18,browse,open,,
lead-public-01197,cust-0373,session-public-05157,Instagram,camp-studio,2026-08-06,browse,lost,,
lead-public-01198,cust-0380,session-public-05168,Organic,organic,2026-02-04,consider,open,,
lead-public-01199,cust-0387,session-public-05179,DM,camp-private,2025-12-11,browse,open,,
lead-public-01200,cust-0394,session-public-05190,Paid Social,camp-move,2026-07-25,browse,open,,
lead-public-01201,cust-0001,session-public-05201,Instagram,camp-studio,2025-11-27,consider,lost,,
lead-public-01202,cust-0008,session-public-05212,Organic,organic,2026-08-11,browse,open,,
lead-public-01203,cust-0015,session-public-05223,DM,camp-private,2026-06-28,browse,open,,
lead-public-01204,cust-0022,session-public-05234,Paid Social,camp-move,2026-08-06,consider,open,,
lead-public-01205,cust-0029,session-public-05245,Instagram,camp-studio,2026-08-20,browse,lost,,
lead-public-01206,cust-0036,session-public-05256,Organic,organic,2026-07-03,browse,open,,
lead-public-01207,cust-0043,session-public-05267,DM,camp-private,2025-12-10,consider,open,,
lead-public-01208,cust-0050,session-public-05278,Paid Social,camp-move,2026-03-24,browse,open,,
lead-public-01209,cust-0057,session-public-05289,Instagram,camp-studio,2026-03-16,browse,lost,,
lead-public-01210,cust-0064,session-public-05300,Organic,organic,2026-03-26,consider,open,,
lead-public-01211,cust-0071,session-public-05311,DM,camp-private,2026-02-10,browse,open,,
lead-public-01212,cust-0078,session-public-05322,Paid Social,camp-move,2026-07-08,browse,open,,
lead-public-01213,cust-0085,session-public-05333,Instagram,camp-studio,2026-08-31,consider,lost,,
lead-public-01214,cust-0092,session-public-05344,Organic,organic,2026-08-31,browse,open,,
lead-public-01215,cust-0099,session-public-05355,DM,camp-private,2026-02-07,browse,open,,
lead-public-01216,cust-0106,session-public-05366,Paid Social,camp-move,2025-10-21,consider,open,,
lead-public-01217,cust-0113,session-public-05377,Instagram,camp-studio,2026-01-08,browse,lost,,
lead-public-01218,cust-0120,session-public-05388,Organic,organic,2026-08-17,browse,open,,
lead-public-01219,cust-0127,session-public-05399,DM,camp-private,2026-08-11,consider,open,,
lead-public-01220,cust-0134,session-public-05410,Paid Social,camp-move,2026-01-12,browse,open,,
lead-public-01221,cust-0141,session-public-05421,Instagram,camp-studio,2026-06-03,browse,lost,,
lead-public-01222,cust-0148,session-public-05432,Organic,organic,2026-07-21,consider,open,,
lead-public-01223,cust-0155,session-public-05443,DM,camp-private,2026-04-05,browse,open,,
lead-public-01224,cust-0162,session-public-05454,Paid Social,camp-move,2026-03-15,browse,open,,
lead-public-01225,cust-0169,session-public-05465,Instagram,camp-studio,2026-07-23,consider,lost,,
lead-public-01226,cust-0176,session-public-05476,Organic,organic,2026-08-15,browse,open,,
lead-public-01227,cust-0183,session-public-05487,DM,camp-private,2026-06-25,browse,open,,
lead-public-01228,cust-0190,session-public-05498,Paid Social,camp-move,2026-08-26,consider,open,,
lead-public-01229,cust-0197,session-public-05509,Instagram,camp-studio,2026-07-11,browse,lost,,
lead-public-01230,cust-0204,session-public-05520,Organic,organic,2026-08-25,browse,open,,
lead-public-01231,cust-0211,session-public-05531,DM,camp-private,2026-04-26,consider,open,,
lead-public-01232,cust-0218,session-public-05542,Paid Social,camp-move,2026-08-31,browse,open,,
lead-public-01233,cust-0225,session-public-05553,Instagram,camp-studio,2026-06-25,browse,lost,,
lead-public-01234,cust-0232,session-public-05564,Organic,organic,2026-07-07,consider,open,,
lead-public-01235,cust-0239,session-public-05575,DM,camp-private,2026-06-04,browse,open,,
lead-public-01236,cust-0246,session-public-05586,Paid Social,camp-move,2026-05-17,browse,open,,
lead-public-01237,cust-0253,session-public-05597,Instagram,camp-studio,2026-07-11,consider,lost,,
lead-public-01238,cust-0260,session-public-05608,Organic,organic,2026-06-02,browse,open,,
lead-public-01239,cust-0267,session-public-05619,DM,camp-private,2026-05-19,browse,open,,
lead-public-01240,cust-0274,session-public-05630,Paid Social,camp-move,2026-04-16,consider,open,,
lead-public-01241,cust-0281,session-public-05641,Instagram,camp-studio,2026-05-09,browse,lost,,
lead-public-01242,cust-0288,session-public-05652,Organic,organic,2025-12-08,browse,open,,
lead-public-01243,cust-0295,session-public-05663,DM,camp-private,2026-03-23,consider,open,,
lead-public-01244,cust-0302,session-public-05674,Paid Social,camp-move,2026-07-12,browse,open,,
lead-public-01245,cust-0309,session-public-05685,Instagram,camp-studio,2026-05-03,browse,lost,,
lead-public-01246,cust-0316,session-public-05696,Organic,organic,2026-05-29,consider,open,,
lead-public-01247,cust-0323,session-public-05707,DM,camp-private,2026-06-26,browse,open,,
lead-public-01248,cust-0330,session-public-05718,Paid Social,camp-move,2026-06-06,browse,open,,
lead-public-01249,cust-0337,session-public-05729,Instagram,camp-studio,2026-04-15,consider,lost,,
lead-public-01250,cust-0344,session-public-05740,Organic,organic,2026-07-10,browse,open,,
lead-public-01251,cust-0351,session-public-05751,DM,camp-private,2026-04-24,browse,open,,
lead-public-01252,cust-0358,session-public-05762,Paid Social,camp-move,2026-02-01,consider,open,,
lead-public-01253,cust-0365,session-public-05773,Instagram,camp-studio,2026-08-31,browse,lost,,
lead-public-01254,cust-0372,session-public-05784,Organic,organic,2026-05-14,browse,open,,
lead-public-01255,cust-0379,session-public-05795,DM,camp-private,2026-08-27,consider,open,,
lead-public-01256,cust-0386,session-public-05806,Paid Social,camp-move,2026-02-28,browse,open,,
lead-public-01257,cust-0393,session-public-05817,Instagram,camp-studio,2026-08-22,browse,lost,,
lead-public-01258,cust-0400,session-public-05828,Organic,organic,2026-09-08,consider,open,,
lead-public-01259,cust-0007,session-public-05839,DM,camp-private,2026-05-22,browse,open,,
lead-public-01260,cust-0014,session-public-05850,Paid Social,camp-move,2026-09-03,browse,open,,
lead-public-01261,cust-0021,session-public-05861,Instagram,camp-studio,2026-03-08,consider,lost,,
lead-public-01262,cust-0028,session-public-05872,Organic,organic,2026-08-21,browse,open,,
lead-public-01263,cust-0035,session-public-05883,DM,camp-private,2026-07-20,browse,open,,
lead-public-01264,cust-0042,session-public-05894,Paid Social,camp-move,2026-03-08,consider,open,,
lead-public-01265,cust-0049,session-public-05905,Instagram,camp-studio,2026-03-15,browse,lost,,
lead-public-01266,cust-0056,session-public-05916,Organic,organic,2026-06-23,browse,open,,
lead-public-01267,cust-0063,session-public-05927,DM,camp-private,2026-08-04,consider,open,,
lead-public-01268,cust-0070,session-public-05938,Paid Social,camp-move,2026-08-26,browse,open,,
lead-public-01269,cust-0077,session-public-05949,Instagram,camp-studio,2026-02-11,browse,lost,,
lead-public-01270,cust-0084,session-public-05960,Organic,organic,2026-01-07,consider,open,,
lead-public-01271,cust-0091,session-public-05971,DM,camp-private,2026-07-30,browse,open,,
lead-public-01272,cust-0098,session-public-05982,Paid Social,camp-move,2026-06-23,browse,open,,
lead-public-01273,cust-0105,session-public-05993,Instagram,camp-studio,2026-03-07,consider,lost,,
lead-public-01274,cust-0112,session-public-06004,Organic,organic,2025-11-30,browse,open,,
lead-public-01275,cust-0119,session-public-06015,DM,camp-private,2026-04-12,browse,open,,
lead-public-01276,cust-0126,session-public-06026,Paid Social,camp-move,2026-07-06,consider,open,,
lead-public-01277,cust-0133,session-public-06037,Instagram,camp-studio,2026-03-26,browse,lost,,
lead-public-01278,cust-0140,session-public-06048,Organic,organic,2026-03-26,browse,open,,
lead-public-01279,cust-0147,session-public-06059,DM,camp-private,2026-08-21,consider,open,,
lead-public-01280,cust-0154,session-public-06070,Paid Social,camp-move,2026-07-02,browse,open,,
lead-public-01281,cust-0161,session-public-06081,Instagram,camp-studio,2026-08-16,browse,lost,,
lead-public-01282,cust-0168,session-public-06092,Organic,organic,2026-07-03,consider,open,,
lead-public-01283,cust-0175,session-public-06103,DM,camp-private,2026-02-21,browse,open,,
lead-public-01284,cust-0182,session-public-06114,Paid Social,camp-move,2026-04-07,browse,open,,
lead-public-01285,cust-0189,session-public-06125,Instagram,camp-studio,2026-01-17,consider,lost,,
lead-public-01286,cust-0196,session-public-06136,Organic,organic,2026-07-09,browse,open,,
lead-public-01287,cust-0203,session-public-06147,DM,camp-private,2026-08-31,browse,open,,
lead-public-01288,cust-0210,session-public-06158,Paid Social,camp-move,2026-07-29,consider,open,,
lead-public-01289,cust-0217,session-public-06169,Instagram,camp-studio,2026-09-08,browse,lost,,
lead-public-01290,cust-0224,session-public-06180,Organic,organic,2026-06-06,browse,open,,
lead-public-01291,cust-0231,session-public-06191,DM,camp-private,2026-07-02,consider,open,,
lead-public-01292,cust-0238,session-public-06202,Paid Social,camp-move,2026-08-11,browse,open,,
lead-public-01293,cust-0245,session-public-06213,Instagram,camp-studio,2026-06-12,browse,lost,,
lead-public-01294,cust-0252,session-public-06224,Organic,organic,2026-08-20,consider,open,,
lead-public-01295,cust-0259,session-public-06235,DM,camp-private,2025-12-28,browse,open,,
lead-public-01296,cust-0266,session-public-06246,Paid Social,camp-move,2026-06-13,browse,open,,
lead-public-01297,cust-0273,session-public-06257,Instagram,camp-studio,2025-11-20,consider,lost,,
lead-public-01298,cust-0280,session-public-06268,Organic,organic,2026-06-23,browse,open,,
lead-public-01299,cust-0287,session-public-06279,DM,camp-private,2026-09-03,browse,open,,
lead-public-01300,cust-0294,session-public-06290,Paid Social,camp-move,2026-06-25,consider,open,,
lead-public-01301,cust-0301,session-public-06301,Instagram,camp-studio,2026-07-20,browse,lost,,
lead-public-01302,cust-0308,session-public-06312,Organic,organic,2026-04-09,browse,open,,
lead-public-01303,cust-0315,session-public-06323,DM,camp-private,2026-08-26,consider,open,,
lead-public-01304,cust-0322,session-public-06334,Paid Social,camp-move,2026-07-15,browse,open,,
lead-public-01305,cust-0329,session-public-06345,Instagram,camp-studio,2026-05-24,browse,lost,,
lead-public-01306,cust-0336,session-public-06356,Organic,organic,2025-12-26,consider,open,,
lead-public-01307,cust-0343,session-public-06367,DM,camp-private,2025-11-22,browse,open,,
lead-public-01308,cust-0350,session-public-06378,Paid Social,camp-move,2026-02-19,browse,open,,
lead-public-01309,cust-0357,session-public-06389,Instagram,camp-studio,2026-07-29,consider,lost,,
lead-public-01310,cust-0364,session-public-06400,Organic,organic,2026-07-08,browse,open,,
lead-public-01311,cust-0371,session-public-06411,DM,camp-private,2025-10-07,browse,open,,
lead-public-01312,cust-0378,session-public-06422,Paid Social,camp-move,2026-01-09,consider,open,,
lead-public-01313,cust-0385,session-public-06433,Instagram,camp-studio,2026-05-12,browse,lost,,
lead-public-01314,cust-0392,session-public-06444,Organic,organic,2026-08-01,browse,open,,
lead-public-01315,cust-0399,session-public-06455,DM,camp-private,2026-08-27,consider,open,,
lead-public-01316,cust-0006,session-public-06466,Paid Social,camp-move,2026-08-15,browse,open,,
lead-public-01317,cust-0013,session-public-06477,Instagram,camp-studio,2026-07-30,browse,lost,,
lead-public-01318,cust-0020,session-public-06488,Organic,organic,2026-05-24,consider,open,,
lead-public-01319,cust-0027,session-public-06499,DM,camp-private,2026-07-06,browse,open,,
lead-public-01320,cust-0034,session-public-06510,Paid Social,camp-move,2026-06-07,browse,open,,
lead-public-01321,cust-0041,session-public-06521,Instagram,camp-studio,2026-03-15,consider,lost,,
lead-public-01322,cust-0048,session-public-06532,Organic,organic,2026-05-15,browse,open,,
lead-public-01323,cust-0055,session-public-06543,DM,camp-private,2026-05-15,browse,open,,
lead-public-01324,cust-0062,session-public-06554,Paid Social,camp-move,2026-09-09,consider,open,,
lead-public-01325,cust-0069,session-public-06565,Instagram,camp-studio,2025-10-15,browse,lost,,
lead-public-01326,cust-0076,session-public-06576,Organic,organic,2026-07-13,browse,open,,
lead-public-01327,cust-0083,session-public-06587,DM,camp-private,2026-04-28,consider,open,,
lead-public-01328,cust-0090,session-public-06598,Paid Social,camp-move,2025-10-28,browse,open,,
lead-public-01329,cust-0097,session-public-06609,Instagram,camp-studio,2026-09-15,browse,lost,,
lead-public-01330,cust-0104,session-public-06620,Organic,organic,2026-09-07,consider,open,,
lead-public-01331,cust-0111,session-public-06631,DM,camp-private,2026-04-21,browse,open,,
lead-public-01332,cust-0118,session-public-06642,Paid Social,camp-move,2026-06-12,browse,open,,
lead-public-01333,cust-0125,session-public-06653,Instagram,camp-studio,2026-03-11,consider,lost,,
lead-public-01334,cust-0132,session-public-06664,Organic,organic,2026-04-14,browse,open,,
lead-public-01335,cust-0139,session-public-06675,DM,camp-private,2026-04-25,browse,open,,
lead-public-01336,cust-0146,session-public-06686,Paid Social,camp-move,2026-07-24,consider,open,,
lead-public-01337,cust-0153,session-public-06697,Instagram,camp-studio,2026-03-03,browse,lost,,
lead-public-01338,cust-0160,session-public-06708,Organic,organic,2026-02-05,browse,open,,
lead-public-01339,cust-0167,session-public-06719,DM,camp-private,2026-05-12,consider,open,,
lead-public-01340,cust-0174,session-public-06730,Paid Social,camp-move,2026-08-08,browse,open,,
lead-public-01341,cust-0181,session-public-06741,Instagram,camp-studio,2026-07-26,browse,lost,,
lead-public-01342,cust-0188,session-public-06752,Organic,organic,2026-09-08,consider,open,,
lead-public-01343,cust-0195,session-public-06763,DM,camp-private,2026-09-16,browse,open,,
lead-public-01344,cust-0202,session-public-06774,Paid Social,camp-move,2026-09-14,browse,open,,
lead-public-01345,cust-0209,session-public-06785,Instagram,camp-studio,2026-07-08,consider,lost,,
lead-public-01346,cust-0216,session-public-06796,Organic,organic,2026-03-13,browse,open,,
lead-public-01347,cust-0223,session-public-06807,DM,camp-private,2026-08-04,browse,open,,
lead-public-01348,cust-0230,session-public-06818,Paid Social,camp-move,2026-07-20,consider,open,,
lead-public-01349,cust-0237,session-public-06829,Instagram,camp-studio,2026-09-19,browse,lost,,
lead-public-01350,cust-0244,session-public-06840,Organic,organic,2026-02-24,browse,open,,
lead-public-01351,cust-0251,session-public-06851,DM,camp-private,2026-06-25,consider,open,,
lead-public-01352,cust-0258,session-public-06862,Paid Social,camp-move,2026-08-08,browse,open,,
lead-public-01353,cust-0265,session-public-06873,Instagram,camp-studio,2026-04-26,browse,lost,,
lead-public-01354,cust-0272,session-public-06884,Organic,organic,2025-11-11,consider,open,,
lead-public-01355,cust-0279,session-public-06895,DM,camp-private,2026-04-29,browse,open,,
lead-public-01356,cust-0286,session-public-06906,Paid Social,camp-move,2026-05-16,browse,open,,
lead-public-01357,cust-0293,session-public-06917,Instagram,camp-studio,2026-08-21,consider,lost,,
lead-public-01358,cust-0300,session-public-06928,Organic,organic,2026-05-28,browse,open,,
lead-public-01359,cust-0307,session-public-06939,DM,camp-private,2026-06-01,browse,open,,
lead-public-01360,cust-0314,session-public-06950,Paid Social,camp-move,2026-07-03,consider,open,,
lead-public-01361,cust-0321,session-public-06961,Instagram,camp-studio,2026-01-12,browse,lost,,
lead-public-01362,cust-0328,session-public-06972,Organic,organic,2026-07-18,browse,open,,
lead-public-01363,cust-0335,session-public-06983,DM,camp-private,2026-01-29,consider,open,,
lead-public-01364,cust-0342,session-public-06994,Paid Social,camp-move,2026-08-03,browse,open,,
lead-public-01365,cust-0349,session-public-07005,Instagram,camp-studio,2026-08-05,browse,lost,,
lead-public-01366,cust-0356,session-public-07016,Organic,organic,2026-03-02,consider,open,,
lead-public-01367,cust-0363,session-public-07027,DM,camp-private,2026-04-12,browse,open,,
lead-public-01368,cust-0370,session-public-07038,Paid Social,camp-move,2025-10-29,browse,open,,
lead-public-01369,cust-0377,session-public-07049,Instagram,camp-studio,2026-06-24,consider,lost,,
lead-public-01370,cust-0384,session-public-07060,Organic,organic,2026-01-25,browse,open,,
lead-public-01371,cust-0391,session-public-07071,DM,camp-private,2026-02-23,browse,open,,
lead-public-01372,cust-0398,session-public-07082,Paid Social,camp-move,2026-03-01,consider,open,,
lead-public-01373,cust-0005,session-public-07093,Instagram,camp-studio,2026-06-13,browse,lost,,
lead-public-01374,cust-0012,session-public-07104,Organic,organic,2025-12-02,browse,open,,
lead-public-01375,cust-0019,session-public-07115,DM,camp-private,2026-03-10,consider,open,,
lead-public-01376,cust-0026,session-public-07126,Paid Social,camp-move,2025-10-19,browse,open,,
lead-public-01377,cust-0033,session-public-07137,Instagram,camp-studio,2026-08-27,browse,lost,,
lead-public-01378,cust-0040,session-public-07148,Organic,organic,2026-04-26,consider,open,,
lead-public-01379,cust-0047,session-public-07159,DM,camp-private,2025-11-08,browse,open,,
lead-public-01380,cust-0054,session-public-07170,Paid Social,camp-move,2026-09-13,browse,open,,
lead-public-01381,cust-0061,session-public-07181,Instagram,camp-studio,2026-02-19,consider,lost,,
lead-public-01382,cust-0068,session-public-07192,Organic,organic,2026-01-29,browse,open,,
lead-public-01383,cust-0075,session-public-07203,DM,camp-private,2026-05-15,browse,open,,
lead-public-01384,cust-0082,session-public-07214,Paid Social,camp-move,2026-03-30,consider,open,,
lead-public-01385,cust-0089,session-public-07225,Instagram,camp-studio,2026-08-19,browse,lost,,
lead-public-01386,cust-0096,session-public-07236,Organic,organic,2026-06-26,browse,open,,
lead-public-01387,cust-0103,session-public-07247,DM,camp-private,2026-01-12,consider,open,,
lead-public-01388,cust-0110,session-public-07258,Paid Social,camp-move,2026-04-15,browse,open,,
lead-public-01389,cust-0117,session-public-07269,Instagram,camp-studio,2026-08-23,browse,lost,,
lead-public-01390,cust-0124,session-public-07280,Organic,organic,2026-05-05,consider,open,,
lead-public-01391,cust-0131,session-public-07291,DM,camp-private,2026-07-17,browse,open,,
lead-public-01392,cust-0138,session-public-07302,Paid Social,camp-move,2026-04-07,browse,open,,
lead-public-01393,cust-0145,session-public-07313,Instagram,camp-studio,2026-04-26,consider,lost,,
lead-public-01394,cust-0152,session-public-07324,Organic,organic,2026-06-19,browse,open,,
lead-public-01395,cust-0159,session-public-07335,DM,camp-private,2026-06-23,browse,open,,
lead-public-01396,cust-0166,session-public-07346,Paid Social,camp-move,2026-04-04,consider,open,,
lead-public-01397,cust-0173,session-public-07357,Instagram,camp-studio,2026-03-28,browse,lost,,
lead-public-01398,cust-0180,session-public-07368,Organic,organic,2026-09-10,browse,open,,
lead-public-01399,cust-0187,session-public-07379,DM,camp-private,2026-04-01,consider,open,,
lead-public-01400,cust-0194,session-public-07390,Paid Social,camp-move,2026-05-12,browse,open,,
lead-public-01401,cust-0201,session-public-07401,Instagram,camp-studio,2026-06-21,browse,lost,,
lead-public-01402,cust-0208,session-public-07412,Organic,organic,2026-02-04,consider,open,,
lead-public-01403,cust-0215,session-public-07423,DM,camp-private,2026-01-02,browse,open,,
lead-public-01404,cust-0222,session-public-07434,Paid Social,camp-move,2026-06-13,browse,open,,
lead-public-01405,cust-0229,session-public-07445,Instagram,camp-studio,2025-10-02,consider,lost,,
lead-public-01406,cust-0236,session-public-07456,Organic,organic,2025-11-23,browse,open,,
lead-public-01407,cust-0243,session-public-07467,DM,camp-private,2026-04-22,browse,open,,
lead-public-01408,cust-0250,session-public-07478,Paid Social,camp-move,2026-08-24,consider,open,,
lead-public-01409,cust-0257,session-public-07489,Instagram,camp-studio,2026-06-02,browse,lost,,
lead-public-01410,cust-0264,session-public-07500,Organic,organic,2026-07-04,browse,open,,
lead-public-01411,cust-0271,session-public-07511,DM,camp-private,2026-08-18,consider,open,,
lead-public-01412,cust-0278,session-public-07522,Paid Social,camp-move,2026-08-17,browse,open,,
lead-public-01413,cust-0285,session-public-07533,Instagram,camp-studio,2026-05-07,browse,lost,,
lead-public-01414,cust-0292,session-public-07544,Organic,organic,2025-12-30,consider,open,,
lead-public-01415,cust-0299,session-public-07555,DM,camp-private,2026-04-18,browse,open,,
lead-public-01416,cust-0306,session-public-07566,Paid Social,camp-move,2026-04-04,browse,open,,
lead-public-01417,cust-0313,session-public-07577,Instagram,camp-studio,2026-09-13,consider,lost,,
lead-public-01418,cust-0320,session-public-07588,Organic,organic,2026-01-11,browse,open,,
lead-public-01419,cust-0327,session-public-07599,DM,camp-private,2025-11-23,browse,open,,
lead-public-01420,cust-0334,session-public-07610,Paid Social,camp-move,2026-06-09,consider,open,,
lead-public-01421,cust-0341,session-public-07621,Instagram,camp-studio,2026-08-03,browse,lost,,
lead-public-01422,cust-0348,session-public-07632,Organic,organic,2026-05-06,browse,open,,
lead-public-01423,cust-0355,session-public-07643,DM,camp-private,2026-06-16,consider,open,,
lead-public-01424,cust-0362,session-public-07654,Paid Social,camp-move,2026-02-04,browse,open,,
lead-public-01425,cust-0369,session-public-07665,Instagram,camp-studio,2026-06-10,browse,lost,,
lead-public-01426,cust-0376,session-public-07676,Organic,organic,2025-11-11,consider,open,,
lead-public-01427,cust-0383,session-public-07687,DM,camp-private,2026-07-04,browse,open,,
lead-public-01428,cust-0390,session-public-07698,Paid Social,camp-move,2026-09-19,browse,open,,
lead-public-01429,cust-0397,session-public-07709,Instagram,camp-studio,2026-07-02,consider,lost,,
lead-public-01430,cust-0004,session-public-07720,Organic,organic,2025-11-15,browse,open,,
lead-public-01431,cust-0011,session-public-07731,DM,camp-private,2026-09-07,browse,open,,
lead-public-01432,cust-0018,session-public-07742,Paid Social,camp-move,2026-04-26,consider,open,,
lead-public-01433,cust-0025,session-public-07753,Instagram,camp-studio,2026-07-27,browse,lost,,
lead-public-01434,cust-0032,session-public-07764,Organic,organic,2026-05-28,browse,open,,
lead-public-01435,cust-0039,session-public-07775,DM,camp-private,2026-09-14,consider,open,,
lead-public-01436,cust-0046,session-public-07786,Paid Social,camp-move,2026-08-27,browse,open,,
lead-public-01437,cust-0053,session-public-07797,Instagram,camp-studio,2026-05-23,browse,lost,,
lead-public-01438,cust-0060,session-public-07808,Organic,organic,2026-07-01,consider,open,,
lead-public-01439,cust-0067,session-public-07819,DM,camp-private,2026-09-17,browse,open,,
lead-public-01440,cust-0074,session-public-07830,Paid Social,camp-move,2026-05-10,browse,open,,
lead-public-01441,cust-0081,session-public-07841,Instagram,camp-studio,2025-12-17,consider,lost,,
lead-public-01442,cust-0088,session-public-07852,Organic,organic,2026-09-06,browse,open,,
lead-public-01443,cust-0095,session-public-07863,DM,camp-private,2026-05-16,browse,open,,
lead-public-01444,cust-0102,session-public-07874,Paid Social,camp-move,2026-07-04,consider,open,,
lead-public-01445,cust-0109,session-public-07885,Instagram,camp-studio,2026-08-21,browse,lost,,
lead-public-01446,cust-0116,session-public-07896,Organic,organic,2026-05-23,browse,open,,
lead-public-01447,cust-0123,session-public-07907,DM,camp-private,2026-09-14,consider,open,,
lead-public-01448,cust-0130,session-public-07918,Paid Social,camp-move,2026-04-29,browse,open,,
lead-public-01449,cust-0137,session-public-07929,Instagram,camp-studio,2026-06-01,browse,lost,,
lead-public-01450,cust-0144,session-public-07940,Organic,organic,2026-09-05,consider,open,,
lead-public-01451,cust-0151,session-public-07951,DM,camp-private,2026-05-19,browse,open,,
lead-public-01452,cust-0158,session-public-07962,Paid Social,camp-move,2026-09-06,browse,open,,
lead-public-01453,cust-0165,session-public-07973,Instagram,camp-studio,2026-05-02,consider,lost,,
lead-public-01454,cust-0172,session-public-07984,Organic,organic,2026-09-14,browse,open,,
lead-public-01455,cust-0179,session-public-07995,DM,camp-private,2026-01-01,browse,open,,
lead-public-01456,cust-0186,session-public-00006,Paid Social,camp-move,2026-07-25,consider,open,,
lead-public-01457,cust-0193,session-public-00017,Instagram,camp-studio,2026-01-22,browse,lost,,
lead-public-01458,cust-0200,session-public-00028,Organic,organic,2026-04-15,browse,open,,
lead-public-01459,cust-0207,session-public-00039,DM,camp-private,2026-01-31,consider,open,,
lead-public-01460,cust-0214,session-public-00050,Paid Social,camp-move,2026-09-10,browse,open,,
lead-public-01461,cust-0221,session-public-00061,Instagram,camp-studio,2026-05-04,browse,lost,,
lead-public-01462,cust-0228,session-public-00072,Organic,organic,2026-03-14,consider,open,,
lead-public-01463,cust-0235,session-public-00083,DM,camp-private,2025-10-07,browse,open,,
lead-public-01464,cust-0242,session-public-00094,Paid Social,camp-move,2026-07-21,browse,open,,
lead-public-01465,cust-0249,session-public-00105,Instagram,camp-studio,2026-08-25,consider,lost,,
lead-public-01466,cust-0256,session-public-00116,Organic,organic,2026-01-24,browse,open,,
lead-public-01467,cust-0263,session-public-00127,DM,camp-private,2026-07-21,browse,open,,
lead-public-01468,cust-0270,session-public-00138,Paid Social,camp-move,2026-08-22,consider,open,,
lead-public-01469,cust-0277,session-public-00149,Instagram,camp-studio,2026-02-18,browse,lost,,
lead-public-01470,cust-0284,session-public-00160,Organic,organic,2026-03-05,browse,open,,
lead-public-01471,cust-0291,session-public-00171,DM,camp-private,2026-06-19,consider,open,,
lead-public-01472,cust-0298,session-public-00182,Paid Social,camp-move,2025-12-16,browse,open,,
lead-public-01473,cust-0305,session-public-00193,Instagram,camp-studio,2026-05-02,browse,lost,,
lead-public-01474,cust-0312,session-public-00204,Organic,organic,2026-05-14,consider,open,,
lead-public-01475,cust-0319,session-public-00215,DM,camp-private,2026-08-01,browse,open,,
lead-public-01476,cust-0326,session-public-00226,Paid Social,camp-move,2026-03-10,browse,open,,
lead-public-01477,cust-0333,session-public-00237,Instagram,camp-studio,2026-08-06,consider,lost,,
lead-public-01478,cust-0340,session-public-00248,Organic,organic,2026-09-02,browse,open,,
lead-public-01479,cust-0347,session-public-00259,DM,camp-private,2026-07-26,browse,open,,
lead-public-01480,cust-0354,session-public-00270,Paid Social,camp-move,2026-07-08,consider,open,,
lead-public-01481,cust-0361,session-public-00281,Instagram,camp-studio,2026-01-22,browse,lost,,
lead-public-01482,cust-0368,session-public-00292,Organic,organic,2026-05-14,browse,open,,
lead-public-01483,cust-0375,session-public-00303,DM,camp-private,2026-05-20,consider,open,,
lead-public-01484,cust-0382,session-public-00314,Paid Social,camp-move,2026-03-19,browse,open,,
lead-public-01485,cust-0389,session-public-00325,Instagram,camp-studio,2026-06-27,browse,lost,,
lead-public-01486,cust-0396,session-public-00336,Organic,organic,2026-08-29,consider,open,,
lead-public-01487,cust-0003,session-public-00347,DM,camp-private,2025-12-25,browse,open,,
lead-public-01488,cust-0010,session-public-00358,Paid Social,camp-move,2026-06-19,browse,open,,
lead-public-01489,cust-0017,session-public-00369,Instagram,camp-studio,2026-07-21,consider,lost,,
lead-public-01490,cust-0024,session-public-00380,Organic,organic,2026-09-07,browse,open,,
lead-public-01491,cust-0031,session-public-00391,DM,camp-private,2026-08-09,browse,open,,
lead-public-01492,cust-0038,session-public-00402,Paid Social,camp-move,2026-02-13,consider,open,,
lead-public-01493,cust-0045,session-public-00413,Instagram,camp-studio,2026-08-13,browse,lost,,
lead-public-01494,cust-0052,session-public-00424,Organic,organic,2026-07-28,browse,open,,
lead-public-01495,cust-0059,session-public-00435,DM,camp-private,2026-04-20,consider,open,,
lead-public-01496,cust-0066,session-public-00446,Paid Social,camp-move,2026-04-23,browse,open,,
lead-public-01497,cust-0073,session-public-00457,Instagram,camp-studio,2025-11-29,browse,lost,,
lead-public-01498,cust-0080,session-public-00468,Organic,organic,2026-03-27,consider,open,,
lead-public-01499,cust-0087,session-public-00479,DM,camp-private,2026-09-16,browse,open,,
lead-public-01500,cust-0094,session-public-00490,Paid Social,camp-move,2026-07-01,browse,open,,
lead-public-01501,cust-0101,session-public-00501,Instagram,camp-studio,2026-09-09,consider,lost,,
lead-public-01502,cust-0108,session-public-00512,Organic,organic,2026-01-01,browse,open,,
lead-public-01503,cust-0115,session-public-00523,DM,camp-private,2026-06-20,browse,open,,
lead-public-01504,cust-0122,session-public-00534,Paid Social,camp-move,2025-12-04,consider,open,,
lead-public-01505,cust-0129,session-public-00545,Instagram,camp-studio,2026-07-18,browse,lost,,
lead-public-01506,cust-0136,session-public-00556,Organic,organic,2026-06-09,browse,open,,
lead-public-01507,cust-0143,session-public-00567,DM,camp-private,2026-05-20,consider,open,,
lead-public-01508,cust-0150,session-public-00578,Paid Social,camp-move,2026-07-24,browse,open,,
lead-public-01509,cust-0157,session-public-00589,Instagram,camp-studio,2026-07-18,browse,lost,,
lead-public-01510,cust-0164,session-public-00600,Organic,organic,2026-03-30,consider,open,,
lead-public-01511,cust-0171,session-public-00611,DM,camp-private,2025-12-31,browse,open,,
lead-public-01512,cust-0178,session-public-00622,Paid Social,camp-move,2026-07-30,browse,open,,
lead-public-01513,cust-0185,session-public-00633,Instagram,camp-studio,2026-03-04,consider,lost,,
lead-public-01514,cust-0192,session-public-00644,Organic,organic,2026-02-26,browse,open,,
lead-public-01515,cust-0199,session-public-00655,DM,camp-private,2026-05-28,browse,open,,
lead-public-01516,cust-0206,session-public-00666,Paid Social,camp-move,2026-09-01,consider,open,,
lead-public-01517,cust-0213,session-public-00677,Instagram,camp-studio,2026-06-25,browse,lost,,
lead-public-01518,cust-0220,session-public-00688,Organic,organic,2026-04-01,browse,open,,
lead-public-01519,cust-0227,session-public-00699,DM,camp-private,2026-04-01,consider,open,,
lead-public-01520,cust-0234,session-public-00710,Paid Social,camp-move,2026-01-12,browse,open,,
lead-public-01521,cust-0241,session-public-00721,Instagram,camp-studio,2025-10-26,browse,lost,,
lead-public-01522,cust-0248,session-public-00732,Organic,organic,2026-08-30,consider,open,,
lead-public-01523,cust-0255,session-public-00743,DM,camp-private,2026-09-19,browse,open,,
lead-public-01524,cust-0262,session-public-00754,Paid Social,camp-move,2026-08-25,browse,open,,
lead-public-01525,cust-0269,session-public-00765,Instagram,camp-studio,2026-09-15,consider,lost,,
lead-public-01526,cust-0276,session-public-00776,Organic,organic,2026-07-22,browse,open,,
lead-public-01527,cust-0283,session-public-00787,DM,camp-private,2026-04-26,browse,open,,
lead-public-01528,cust-0290,session-public-00798,Paid Social,camp-move,2026-06-30,consider,open,,
lead-public-01529,cust-0297,session-public-00809,Instagram,camp-studio,2026-03-04,browse,lost,,
lead-public-01530,cust-0304,session-public-00820,Organic,organic,2026-05-10,browse,open,,
lead-public-01531,cust-0311,session-public-00831,DM,camp-private,2026-07-19,consider,open,,
lead-public-01532,cust-0318,session-public-00842,Paid Social,camp-move,2026-05-17,browse,open,,
lead-public-01533,cust-0325,session-public-00853,Instagram,camp-studio,2026-03-01,browse,lost,,
lead-public-01534,cust-0332,session-public-00864,Organic,organic,2025-12-11,consider,open,,
lead-public-01535,cust-0339,session-public-00875,DM,camp-private,2025-12-12,browse,open,,
lead-public-01536,cust-0346,session-public-00886,Paid Social,camp-move,2026-07-15,browse,open,,
lead-public-01537,cust-0353,session-public-00897,Instagram,camp-studio,2026-07-17,consider,lost,,
lead-public-01538,cust-0360,session-public-00908,Organic,organic,2026-03-01,browse,open,,
lead-public-01539,cust-0367,session-public-00919,DM,camp-private,2026-06-20,browse,open,,
lead-public-01540,cust-0374,session-public-00930,Paid Social,camp-move,2026-07-07,consider,open,,
lead-public-01541,cust-0381,session-public-00941,Instagram,camp-studio,2026-02-12,browse,lost,,
lead-public-01542,cust-0388,session-public-00952,Organic,organic,2026-05-04,browse,open,,
lead-public-01543,cust-0395,session-public-00963,DM,camp-private,2026-06-10,consider,open,,
lead-public-01544,cust-0002,session-public-00974,Paid Social,camp-move,2026-02-05,browse,open,,
lead-public-01545,cust-0009,session-public-00985,Instagram,camp-studio,2026-02-09,browse,lost,,
lead-public-01546,cust-0016,session-public-00996,Organic,organic,2026-03-04,consider,open,,
lead-public-01547,cust-0023,session-public-01007,DM,camp-private,2026-02-20,browse,open,,
lead-public-01548,cust-0030,session-public-01018,Paid Social,camp-move,2026-09-16,browse,open,,
lead-public-01549,cust-0037,session-public-01029,Instagram,camp-studio,2026-03-29,consider,lost,,
lead-public-01550,cust-0044,session-public-01040,Organic,organic,2026-01-10,browse,open,,
lead-public-01551,cust-0051,session-public-01051,DM,camp-private,2026-03-17,browse,open,,
lead-public-01552,cust-0058,session-public-01062,Paid Social,camp-move,2026-04-03,consider,open,,
lead-public-01553,cust-0065,session-public-01073,Instagram,camp-studio,2026-07-14,browse,lost,,
lead-public-01554,cust-0072,session-public-01084,Organic,organic,2026-02-17,browse,open,,
lead-public-01555,cust-0079,session-public-01095,DM,camp-private,2026-08-13,consider,open,,
lead-public-01556,cust-0086,session-public-01106,Paid Social,camp-move,2026-08-16,browse,open,,
lead-public-01557,cust-0093,session-public-01117,Instagram,camp-studio,2026-01-16,browse,lost,,
lead-public-01558,cust-0100,session-public-01128,Organic,organic,2026-08-15,consider,open,,
lead-public-01559,cust-0107,session-public-01139,DM,camp-private,2026-08-12,browse,open,,
lead-public-01560,cust-0114,session-public-01150,Paid Social,camp-move,2026-07-09,browse,open,,
lead-public-01561,cust-0121,session-public-01161,Instagram,camp-studio,2026-05-14,consider,lost,,
lead-public-01562,cust-0128,session-public-01172,Organic,organic,2026-02-03,browse,open,,
lead-public-01563,cust-0135,session-public-01183,DM,camp-private,2026-07-30,browse,open,,
lead-public-01564,cust-0142,session-public-01194,Paid Social,camp-move,2026-08-09,consider,open,,
lead-public-01565,cust-0149,session-public-01205,Instagram,camp-studio,2026-04-08,browse,lost,,
lead-public-01566,cust-0156,session-public-01216,Organic,organic,2026-09-05,browse,open,,
lead-public-01567,cust-0163,session-public-01227,DM,camp-private,2026-02-27,consider,open,,
lead-public-01568,cust-0170,session-public-01238,Paid Social,camp-move,2026-07-27,browse,open,,
lead-public-01569,cust-0177,session-public-01249,Instagram,camp-studio,2026-06-08,browse,lost,,
lead-public-01570,cust-0184,session-public-01260,Organic,organic,2026-07-09,consider,open,,
lead-public-01571,cust-0191,session-public-01271,DM,camp-private,2026-03-26,browse,open,,
lead-public-01572,cust-0198,session-public-01282,Paid Social,camp-move,2026-01-04,browse,open,,
lead-public-01573,cust-0205,session-public-01293,Instagram,camp-studio,2026-05-23,consider,lost,,
lead-public-01574,cust-0212,session-public-01304,Organic,organic,2026-09-11,browse,open,,
lead-public-01575,cust-0219,session-public-01315,DM,camp-private,2026-08-20,browse,open,,
lead-public-01576,cust-0226,session-public-01326,Paid Social,camp-move,2026-05-25,consider,open,,
lead-public-01577,cust-0233,session-public-01337,Instagram,camp-studio,2026-08-20,browse,lost,,
lead-public-01578,cust-0240,session-public-01348,Organic,organic,2026-01-17,browse,open,,
lead-public-01579,cust-0247,session-public-01359,DM,camp-private,2026-06-25,consider,open,,
lead-public-01580,cust-0254,session-public-01370,Paid Social,camp-move,2026-07-14,browse,open,,
lead-public-01581,cust-0261,session-public-01381,Instagram,camp-studio,2026-07-27,browse,lost,,
lead-public-01582,cust-0268,session-public-01392,Organic,organic,2025-10-19,consider,open,,
lead-public-01583,cust-0275,session-public-01403,DM,camp-private,2026-03-14,browse,open,,
lead-public-01584,cust-0282,session-public-01414,Paid Social,camp-move,2025-12-02,browse,open,,
lead-public-01585,cust-0289,session-public-01425,Instagram,camp-studio,2026-05-30,consider,lost,,
lead-public-01586,cust-0296,session-public-01436,Organic,organic,2026-03-20,browse,open,,
lead-public-01587,cust-0303,session-public-01447,DM,camp-private,2026-04-15,browse,open,,
lead-public-01588,cust-0310,session-public-01458,Paid Social,camp-move,2026-05-12,consider,open,,
lead-public-01589,cust-0317,session-public-01469,Instagram,camp-studio,2025-12-26,browse,lost,,
lead-public-01590,cust-0324,session-public-01480,Organic,organic,2025-10-23,browse,open,,
lead-public-01591,cust-0331,session-public-01491,DM,camp-private,2026-07-20,consider,open,,
lead-public-01592,cust-0338,session-public-01502,Paid Social,camp-move,2026-07-23,browse,open,,
lead-public-01593,cust-0345,session-public-01513,Instagram,camp-studio,2026-08-05,browse,lost,,
lead-public-01594,cust-0352,session-public-01524,Organic,organic,2026-08-24,consider,open,,
lead-public-01595,cust-0359,session-public-01535,DM,camp-private,2026-08-30,browse,open,,
lead-public-01596,cust-0366,session-public-01546,Paid Social,camp-move,2026-08-18,browse,open,,
lead-public-01597,cust-0373,session-public-01557,Instagram,camp-studio,2026-08-06,consider,lost,,
lead-public-01598,cust-0380,session-public-01568,Organic,organic,2026-09-14,browse,open,,
lead-public-01599,cust-0387,session-public-01579,DM,camp-private,2026-04-28,browse,open,,
lead-public-01600,cust-0394,session-public-01590,Paid Social,camp-move,2026-08-22,consider,open,,
lead-extra-0001,cust-0001,session-extra-0001,Instagram,camp-studio,2025-09-23,interest,open,,
lead-extra-0002,cust-0002,session-extra-0002,Paid Social,camp-move,2025-09-23,interest,open,,
lead-extra-0003,cust-0003,session-extra-0003,DM,camp-private,2025-09-23,interest,open,,
lead-extra-0004,cust-0004,session-extra-0004,Organic,organic,2025-09-23,interest,open,,
lead-extra-0005,cust-0005,session-extra-0005,Instagram,camp-studio,2025-09-23,interest,open,,
lead-extra-0006,cust-0006,session-extra-0006,Paid Social,camp-move,2026-08-16,interest,open,,
lead-extra-0007,cust-0007,session-extra-0007,DM,camp-private,2025-11-19,interest,open,,
lead-extra-0008,cust-0008,session-extra-0008,Organic,organic,2025-10-05,interest,open,,
lead-extra-0009,cust-0009,session-extra-0009,Instagram,camp-studio,2026-02-10,interest,open,,
lead-extra-0010,cust-0010,session-extra-0010,Paid Social,camp-move,2026-01-26,interest,open,,
lead-extra-0011,cust-0011,session-extra-0011,DM,camp-private,2026-01-15,interest,open,,
lead-extra-0012,cust-0012,session-extra-0012,Organic,organic,2025-12-03,interest,open,,
lead-extra-0013,cust-0013,session-extra-0013,Instagram,camp-studio,2025-11-14,interest,open,,
lead-extra-0014,cust-0014,session-extra-0014,Paid Social,camp-move,2026-09-04,interest,open,,
lead-extra-0015,cust-0015,session-extra-0015,DM,camp-private,2026-06-29,interest,open,,
lead-extra-0016,cust-0016,session-extra-0016,Organic,organic,2025-11-06,interest,open,,
lead-extra-0017,cust-0017,session-extra-0017,Instagram,camp-studio,2026-07-22,interest,open,,
lead-extra-0018,cust-0018,session-extra-0018,Paid Social,camp-move,2026-04-27,interest,open,,
lead-extra-0019,cust-0019,session-extra-0019,DM,camp-private,2025-10-09,interest,open,,
lead-extra-0020,cust-0020,session-extra-0020,Organic,organic,2025-10-08,interest,open,,
lead-extra-0021,cust-0021,session-extra-0021,Instagram,camp-studio,2025-11-09,interest,open,,
lead-extra-0022,cust-0022,session-extra-0022,Paid Social,camp-move,2026-01-12,interest,open,,
lead-extra-0023,cust-0023,session-extra-0023,DM,camp-private,2026-01-20,interest,open,,
lead-extra-0024,cust-0024,session-extra-0024,Organic,organic,2026-06-08,interest,open,,
lead-extra-0025,cust-0025,session-extra-0025,Instagram,camp-studio,2026-07-28,interest,open,,
lead-extra-0026,cust-0026,session-extra-0026,Paid Social,camp-move,2025-10-06,interest,open,,
lead-extra-0027,cust-0027,session-extra-0027,DM,camp-private,2026-07-07,interest,open,,
lead-extra-0028,cust-0028,session-extra-0028,Organic,organic,2026-01-02,interest,open,,
lead-extra-0029,cust-0029,session-extra-0029,Instagram,camp-studio,2026-08-21,interest,open,,
lead-extra-0030,cust-0030,session-extra-0030,Paid Social,camp-move,2026-09-17,interest,open,,
