id,variant_id,date,kind,quantity,reference_id
mov-opening-var-legging-black-l,var-legging-black-l,2025-09-22,opening,66,opening-var-legging-black-l
mov-opening-var-legging-black-m,var-legging-black-m,2025-09-22,opening,78,opening-var-legging-black-m
mov-opening-var-legging-black-s,var-legging-black-s,2025-09-22,opening,51,opening-var-legging-black-s
mov-opening-var-legging-navy-l,var-legging-navy-l,2025-09-22,opening,64,opening-var-legging-navy-l
mov-opening-var-legging-navy-m,var-legging-navy-m,2025-09-22,opening,74,opening-var-legging-navy-m
mov-opening-var-legging-navy-s,var-legging-navy-s,2025-09-22,opening,66,opening-var-legging-navy-s
mov-opening-var-legging-olive-l,var-legging-olive-l,2025-09-22,opening,75,opening-var-legging-olive-l
mov-opening-var-legging-olive-m,var-legging-olive-m,2025-09-22,opening,66,opening-var-legging-olive-m
mov-opening-var-legging-olive-s,var-legging-olive-s,2025-09-22,opening,63,opening-var-legging-olive-s
mov-opening-var-short-black-l,var-short-black-l,2025-09-22,opening,43,opening-var-short-black-l
mov-opening-var-short-black-m,var-short-black-m,2025-09-22,opening,83,opening-var-short-black-m
mov-opening-var-short-black-s,var-short-black-s,2025-09-22,opening,70,opening-var-short-black-s
mov-opening-var-short-coral-l,var-short-coral-l,2025-09-22,opening,67,opening-var-short-coral-l
mov-opening-var-short-coral-m,var-short-coral-m,2025-09-22,opening,80,opening-var-short-coral-m
mov-opening-var-short-coral-s,var-short-coral-s,2025-09-22,opening,72,opening-var-short-coral-s
mov-opening-var-short-navy-l,var-short-navy-l,2025-09-22,opening,87,opening-var-short-navy-l
mov-opening-var-short-navy-m,var-short-navy-m,2025-09-22,opening,69,opening-var-short-navy-m
mov-opening-var-short-navy-s,var-short-navy-s,2025-09-22,opening,76,opening-var-short-navy-s
mov-opening-var-sock-black-l,var-sock-black-l,2025-09-22,opening,119,opening-var-sock-black-l
mov-opening-var-sock-black-m,var-sock-black-m,2025-09-22,opening,114,opening-var-sock-black-m
mov-opening-var-sock-black-s,var-sock-black-s,2025-09-22,opening,100,opening-var-sock-black-s
mov-opening-var-sock-coral-l,var-sock-coral-l,2025-09-22,opening,105,opening-var-sock-coral-l
mov-opening-var-sock-coral-m,var-sock-coral-m,2025-09-22,opening,94,opening-var-sock-coral-m
mov-opening-var-sock-coral-s,var-sock-coral-s,2025-09-22,opening,125,opening-var-sock-coral-s
mov-opening-var-sock-ivory-l,var-sock-ivory-l,2025-09-22,opening,128,opening-var-sock-ivory-l
mov-opening-var-sock-ivory-m,var-sock-ivory-m,2025-09-22,opening,132,opening-var-sock-ivory-m
mov-opening-var-sock-ivory-s,var-sock-ivory-s,2025-09-22,opening,132,opening-var-sock-ivory-s
mov-opening-var-sock-lilac-l,var-sock-lilac-l,2025-09-22,opening,110,opening-var-sock-lilac-l
mov-opening-var-sock-lilac-m,var-sock-lilac-m,2025-09-22,opening,112,opening-var-sock-lilac-m
mov-opening-var-sock-lilac-s,var-sock-lilac-s,2025-09-22,opening,128,opening-var-sock-lilac-s
mov-opening-var-sock-rose-l,var-sock-rose-l,2025-09-22,opening,92,opening-var-sock-rose-l
mov-opening-var-sock-rose-m,var-sock-rose-m,2025-09-22,opening,105,opening-var-sock-rose-m
mov-opening-var-sock-rose-s,var-sock-rose-s,2025-09-22,opening,121,opening-var-sock-rose-s
mov-opening-var-sock-sage-l,var-sock-sage-l,2025-09-22,opening,120,opening-var-sock-sage-l
mov-opening-var-sock-sage-m,var-sock-sage-m,2025-09-22,opening,136,opening-var-sock-sage-m
mov-opening-var-sock-sage-s,var-sock-sage-s,2025-09-22,opening,110,opening-var-sock-sage-s
mov-opening-var-top-black-l,var-top-black-l,2025-09-22,opening,82,opening-var-top-black-l
mov-opening-var-top-black-m,var-top-black-m,2025-09-22,opening,74,opening-var-top-black-m
mov-opening-var-top-black-s,var-top-black-s,2025-09-22,opening,76,opening-var-top-black-s
mov-opening-var-top-rose-l,var-top-rose-l,2025-09-22,opening,73,opening-var-top-rose-l
mov-opening-var-top-rose-m,var-top-rose-m,2025-09-22,opening,69,opening-var-top-rose-m
mov-opening-var-top-rose-s,var-top-rose-s,2025-09-22,opening,68,opening-var-top-rose-s
mov-opening-var-top-sand-l,var-top-sand-l,2025-09-22,opening,73,opening-var-top-sand-l
mov-opening-var-top-sand-m,var-top-sand-m,2025-09-22,opening,81,opening-var-top-sand-m
mov-opening-var-top-sand-s,var-top-sand-s,2025-09-22,opening,68,opening-var-top-sand-s
mov-opening-var-wrap-sand-o-s,var-wrap-sand-o-s,2025-09-22,opening,28,opening-var-wrap-sand-o-s
mov-sale-item-000001,var-short-coral-m,2025-09-23,sale,-2,item-000001
mov-sale-item-000002,var-legging-olive-l,2025-09-23,sale,-3,item-000002
mov-sale-item-000003,var-legging-black-m,2025-09-23,sale,-1,item-000003
mov-sale-item-000004,var-legging-navy-l,2025-09-23,sale,-3,item-000004
mov-sale-item-000005,var-top-rose-l,2025-09-23,sale,-1,item-000005
mov-sale-item-001018,var-sock-ivory-l,2025-09-27,sale,-2,item-001018
mov-sale-item-001019,var-short-coral-s,2025-09-27,sale,-3,item-001019
mov-return-return-00001,var-short-coral-m,2025-09-28,return,1,return-00001
mov-receipt-000001,var-sock-black-s,2025-09-29,receipt,7,po-00001
mov-receipt-000052,var-legging-navy-l,2025-09-29,receipt,11,po-00024
mov-receipt-000004,var-sock-black-m,2025-09-30,receipt,16,po-00002
mov-receipt-000054,var-legging-olive-s,2025-09-30,receipt,8,po-00025
mov-receipt-000006,var-sock-black-l,2025-10-01,receipt,19,po-00003
mov-receipt-000056,var-legging-olive-m,2025-10-01,receipt,4,po-00026
mov-receipt-000002,var-sock-black-s,2025-10-02,receipt,7,po-00001
mov-receipt-000008,var-sock-ivory-s,2025-10-02,receipt,29,po-00004
mov-receipt-000059,var-legging-olive-l,2025-10-02,receipt,14,po-00027
mov-receipt-000010,var-sock-ivory-m,2025-10-03,receipt,21,po-00005
mov-receipt-000061,var-top-black-s,2025-10-03,receipt,15,po-00028
mov-receipt-000012,var-sock-ivory-l,2025-10-04,receipt,11,po-00006
mov-receipt-000057,var-legging-olive-m,2025-10-04,receipt,5,po-00026
mov-receipt-000063,var-top-black-m,2025-10-04,receipt,10,po-00029
mov-receipt-000015,var-sock-rose-s,2025-10-05,receipt,22,po-00007
mov-receipt-000065,var-top-black-l,2025-10-05,receipt,13,po-00030
mov-receipt-000017,var-sock-rose-m,2025-10-06,receipt,22,po-00008
mov-receipt-000067,var-top-sand-s,2025-10-06,receipt,6,po-00031
mov-receipt-000013,var-sock-ivory-l,2025-10-07,receipt,12,po-00006
mov-receipt-000019,var-sock-rose-l,2025-10-07,receipt,11,po-00009
mov-receipt-000070,var-top-sand-m,2025-10-07,receipt,14,po-00032
mov-receipt-000021,var-sock-sage-s,2025-10-08,receipt,21,po-00010
mov-receipt-000072,var-top-sand-l,2025-10-08,receipt,11,po-00033
mov-receipt-000023,var-sock-sage-m,2025-10-09,receipt,12,po-00011
mov-receipt-000068,var-top-sand-s,2025-10-09,receipt,7,po-00031
mov-receipt-000074,var-top-rose-s,2025-10-09,receipt,8,po-00034
mov-receipt-000026,var-sock-sage-l,2025-10-10,receipt,25,po-00012
mov-receipt-000076,var-top-rose-m,2025-10-10,receipt,14,po-00035
mov-receipt-000028,var-sock-lilac-s,2025-10-11,receipt,21,po-00013
mov-receipt-000078,var-top-rose-l,2025-10-11,receipt,6,po-00036
mov-sale-item-001114,var-short-navy-s,2025-10-11,sale,-3,item-001114
mov-sale-item-001115,var-sock-ivory-m,2025-10-11,sale,-3,item-001115
mov-receipt-000024,var-sock-sage-m,2025-10-12,receipt,13,po-00011
mov-receipt-000030,var-sock-lilac-m,2025-10-12,receipt,19,po-00014
mov-receipt-000081,var-short-black-s,2025-10-12,receipt,8,po-00037
mov-receipt-000032,var-sock-lilac-l,2025-10-13,receipt,20,po-00015
mov-receipt-000083,var-short-black-m,2025-10-13,receipt,14,po-00038
mov-receipt-000034,var-sock-coral-s,2025-10-14,receipt,12,po-00016
mov-receipt-000079,var-top-rose-l,2025-10-14,receipt,7,po-00036
mov-receipt-000085,var-short-black-l,2025-10-14,receipt,5,po-00039
mov-receipt-000037,var-sock-coral-m,2025-10-15,receipt,15,po-00017
mov-receipt-000087,var-short-coral-s,2025-10-15,receipt,11,po-00040
mov-receipt-000039,var-sock-coral-l,2025-10-16,receipt,15,po-00018
mov-receipt-000089,var-short-coral-m,2025-10-16,receipt,4,po-00041
mov-receipt-000035,var-sock-coral-s,2025-10-17,receipt,13,po-00016
mov-receipt-000041,var-legging-black-s,2025-10-17,receipt,8,po-00019
mov-receipt-000092,var-short-coral-l,2025-10-17,receipt,11,po-00042
mov-sale-item-000486,var-legging-navy-m,2025-10-17,sale,-2,item-000486
mov-receipt-000043,var-legging-black-m,2025-10-18,receipt,14,po-00020
mov-receipt-000094,var-short-navy-s,2025-10-18,receipt,12,po-00043
mov-receipt-000045,var-legging-black-l,2025-10-19,receipt,4,po-00021
mov-receipt-000090,var-short-coral-m,2025-10-19,receipt,5,po-00041
mov-receipt-000096,var-short-navy-m,2025-10-19,receipt,13,po-00044
mov-receipt-000048,var-legging-navy-s,2025-10-20,receipt,8,po-00022
mov-receipt-000098,var-short-navy-l,2025-10-20,receipt,13,po-00045
mov-receipt-000050,var-legging-navy-m,2025-10-21,receipt,13,po-00023
mov-sale-item-000295,var-short-black-m,2025-10-21,sale,-2,item-000295
mov-sale-item-001073,var-top-sand-l,2025-10-21,sale,-2,item-001073
mov-sale-item-001074,var-short-coral-l,2025-10-21,sale,-1,item-001074
mov-receipt-000046,var-legging-black-l,2025-10-22,receipt,4,po-00021
mov-sale-item-000834,var-sock-sage-m,2025-10-22,sale,-1,item-000834
mov-sale-item-000160,var-short-coral-s,2025-10-25,sale,-3,item-000160
mov-sale-item-000161,var-sock-ivory-m,2025-10-25,sale,-2,item-000161
mov-sale-item-001082,var-sock-black-m,2025-10-25,sale,-2,item-001082
mov-sale-item-001083,var-sock-lilac-m,2025-10-25,sale,-1,item-001083
mov-sale-item-001161,var-legging-olive-s,2025-10-25,sale,-1,item-001161
mov-sale-item-001162,var-short-navy-l,2025-10-25,sale,-1,item-001162
mov-sale-item-001386,var-sock-black-l,2025-10-26,sale,-2,item-001386
mov-sale-item-001387,var-top-sand-l,2025-10-26,sale,-3,item-001387
mov-sale-item-001743,var-sock-coral-m,2025-10-26,sale,-1,item-001743
mov-sale-item-001744,var-sock-rose-m,2025-10-26,sale,-1,item-001744
mov-sale-item-001720,var-short-navy-m,2025-10-27,sale,-1,item-001720
mov-sale-item-000550,var-sock-black-l,2025-10-28,sale,-1,item-000550
mov-sale-item-000759,var-sock-rose-m,2025-10-29,sale,-3,item-000759
mov-sale-item-000662,var-short-navy-s,2025-10-30,sale,-3,item-000662
mov-sale-item-000663,var-sock-lilac-m,2025-10-30,sale,-3,item-000663
mov-sale-item-001319,var-sock-ivory-m,2025-11-01,sale,-3,item-001319
mov-sale-item-001320,var-top-rose-s,2025-11-01,sale,-2,item-001320
mov-sale-item-001306,var-sock-ivory-l,2025-11-04,sale,-3,item-001306
mov-sale-item-000158,var-top-rose-m,2025-11-05,sale,-3,item-000158
mov-sale-item-000993,var-legging-olive-s,2025-11-05,sale,-1,item-000993
mov-sale-item-000668,var-sock-rose-m,2025-11-08,sale,-3,item-000668
mov-sale-item-001053,var-sock-rose-m,2025-11-08,sale,-1,item-001053
mov-sale-item-000366,var-sock-lilac-l,2025-11-09,sale,-1,item-000366
mov-sale-item-000727,var-short-navy-l,2025-11-09,sale,-3,item-000727
mov-sale-item-001666,var-sock-black-s,2025-11-12,sale,-3,item-001666
mov-sale-item-000648,var-legging-olive-l,2025-11-13,sale,-2,item-000648
mov-sale-item-000649,var-sock-rose-m,2025-11-13,sale,-2,item-000649
mov-sale-item-000368,var-short-navy-s,2025-11-14,sale,-1,item-000368
mov-sale-item-000369,var-legging-black-l,2025-11-14,sale,-3,item-000369
mov-sale-item-000799,var-sock-rose-l,2025-11-14,sale,-1,item-000799
mov-sale-item-000800,var-sock-rose-s,2025-11-14,sale,-3,item-000800
mov-sale-item-000264,var-sock-sage-s,2025-11-15,sale,-3,item-000264
mov-sale-item-001327,var-sock-coral-l,2025-11-17,sale,-1,item-001327
mov-sale-item-001328,var-short-navy-s,2025-11-17,sale,-2,item-001328
mov-sale-item-001758,var-sock-lilac-l,2025-11-17,sale,-2,item-001758
mov-sale-item-001759,var-top-rose-m,2025-11-17,sale,-1,item-001759
mov-sale-item-000757,var-sock-ivory-m,2025-11-18,sale,-3,item-000757
mov-sale-item-000758,var-short-navy-m,2025-11-18,sale,-1,item-000758
mov-sale-item-000598,var-sock-coral-m,2025-11-19,sale,-2,item-000598
mov-sale-item-000736,var-sock-sage-m,2025-11-19,sale,-3,item-000736
mov-sale-item-001445,var-top-black-l,2025-11-22,sale,-2,item-001445
mov-return-return-00027,var-sock-rose-l,2025-11-26,return,1,return-00027
mov-sale-item-000712,var-sock-sage-s,2025-11-27,sale,-2,item-000712
mov-sale-item-000713,var-sock-black-m,2025-11-27,sale,-3,item-000713
mov-sale-item-000976,var-sock-black-l,2025-11-27,sale,-3,item-000976
mov-sale-item-000977,var-sock-lilac-s,2025-11-27,sale,-2,item-000977
mov-sale-item-001130,var-sock-sage-s,2025-11-27,sale,-3,item-001130
mov-sale-item-001131,var-top-sand-l,2025-11-27,sale,-2,item-001131
mov-sale-item-000182,var-sock-lilac-s,2025-12-04,sale,-2,item-000182
mov-sale-item-000183,var-sock-black-l,2025-12-04,sale,-2,item-000183
mov-sale-item-000702,var-sock-ivory-s,2025-12-05,sale,-1,item-000702
mov-sale-item-000703,var-short-coral-l,2025-12-05,sale,-1,item-000703
mov-sale-item-000704,var-top-sand-m,2025-12-05,sale,-2,item-000704
mov-sale-item-000832,var-sock-rose-s,2025-12-05,sale,-3,item-000832
mov-sale-item-000833,var-sock-sage-m,2025-12-05,sale,-1,item-000833
mov-sale-item-000994,var-legging-navy-m,2025-12-05,sale,-2,item-000994
mov-sale-item-000995,var-sock-ivory-m,2025-12-05,sale,-3,item-000995
mov-sale-item-001037,var-sock-ivory-m,2025-12-09,sale,-1,item-001037
mov-sale-item-001038,var-sock-sage-s,2025-12-09,sale,-2,item-001038
mov-sale-item-001378,var-legging-navy-s,2025-12-09,sale,-1,item-001378
mov-sale-item-001379,var-sock-ivory-l,2025-12-09,sale,-1,item-001379
mov-sale-item-001571,var-sock-lilac-s,2025-12-10,sale,-3,item-001571
mov-sale-item-001607,var-sock-ivory-s,2025-12-10,sale,-1,item-001607
mov-sale-item-000065,var-sock-coral-s,2025-12-11,sale,-2,item-000065
mov-sale-item-000066,var-sock-sage-s,2025-12-11,sale,-3,item-000066
mov-sale-item-000633,var-sock-sage-s,2025-12-11,sale,-2,item-000633
mov-sale-item-000634,var-sock-ivory-l,2025-12-11,sale,-1,item-000634
mov-sale-item-001618,var-sock-ivory-l,2025-12-12,sale,-2,item-001618
mov-sale-item-001619,var-top-sand-l,2025-12-12,sale,-3,item-001619
mov-sale-item-000277,var-sock-ivory-l,2025-12-13,sale,-3,item-000277
mov-sale-item-000278,var-sock-black-m,2025-12-13,sale,-2,item-000278
mov-sale-item-001461,var-top-black-l,2025-12-13,sale,-3,item-001461
mov-sale-item-001462,var-sock-sage-l,2025-12-13,sale,-3,item-001462
mov-sale-item-001635,var-sock-lilac-s,2025-12-13,sale,-2,item-001635
mov-sale-item-001636,var-sock-rose-l,2025-12-13,sale,-3,item-001636
mov-sale-item-001637,var-short-navy-m,2025-12-13,sale,-2,item-001637
mov-sale-item-001583,var-sock-rose-s,2025-12-14,sale,-2,item-001583
mov-sale-item-001584,var-top-sand-m,2025-12-14,sale,-3,item-001584
mov-return-return-00055,var-sock-ivory-s,2025-12-15,return,1,return-00055
mov-sale-item-000632,var-sock-lilac-s,2025-12-16,sale,-3,item-000632
mov-sale-item-000740,var-sock-black-m,2025-12-16,sale,-2,item-000740
mov-sale-item-001211,var-sock-ivory-m,2025-12-17,sale,-2,item-001211
mov-return-return-00003,var-sock-coral-s,2025-12-18,return,1,return-00003
mov-return-return-00021,var-sock-sage-s,2025-12-18,return,1,return-00021
mov-sale-item-000856,var-legging-black-m,2025-12-18,sale,-1,item-000856
mov-sale-item-000237,var-short-coral-s,2025-12-20,sale,-3,item-000237
mov-sale-item-000567,var-sock-coral-l,2025-12-20,sale,-1,item-000567
mov-sale-item-000072,var-sock-lilac-m,2025-12-21,sale,-3,item-000072
mov-sale-item-000407,var-sock-ivory-s,2025-12-21,sale,-2,item-000407
mov-sale-item-001098,var-sock-rose-l,2025-12-21,sale,-1,item-001098
mov-sale-item-001099,var-top-sand-s,2025-12-21,sale,-3,item-001099
mov-sale-item-001671,var-legging-navy-l,2025-12-21,sale,-1,item-001671
mov-sale-item-001312,var-sock-coral-s,2025-12-22,sale,-3,item-001312
mov-sale-item-001313,var-sock-rose-m,2025-12-22,sale,-2,item-001313
mov-sale-item-000479,var-sock-lilac-l,2025-12-23,sale,-2,item-000479
mov-sale-item-000480,var-short-black-s,2025-12-23,sale,-1,item-000480
mov-sale-item-000481,var-legging-black-l,2025-12-23,sale,-1,item-000481
mov-sale-item-001208,var-sock-ivory-l,2025-12-23,sale,-2,item-001208
mov-sale-item-001559,var-short-navy-l,2025-12-25,sale,-3,item-001559
mov-sale-item-001702,var-sock-sage-m,2025-12-25,sale,-3,item-001702
mov-sale-item-001703,var-short-black-m,2025-12-25,sale,-1,item-001703
mov-sale-item-001191,var-sock-black-m,2025-12-27,sale,-3,item-001191
mov-sale-item-001192,var-sock-coral-s,2025-12-27,sale,-2,item-001192
mov-sale-item-000423,var-sock-coral-s,2025-12-28,sale,-1,item-000423
mov-sale-item-000440,var-sock-ivory-s,2025-12-28,sale,-1,item-000440
mov-sale-item-000611,var-sock-rose-s,2025-12-28,sale,-1,item-000611
mov-sale-item-001278,var-sock-sage-m,2025-12-28,sale,-2,item-001278
mov-sale-item-001279,var-legging-olive-s,2025-12-28,sale,-3,item-001279
mov-sale-item-001280,var-sock-rose-s,2025-12-28,sale,-2,item-001280
mov-sale-item-001089,var-top-rose-m,2025-12-29,sale,-3,item-001089
mov-sale-item-001090,var-sock-rose-m,2025-12-29,sale,-3,item-001090
mov-return-return-00057,var-legging-navy-l,2025-12-30,return,1,return-00057
mov-sale-item-000613,var-short-black-s,2025-12-30,sale,-2,item-000613
mov-sale-item-001072,var-legging-black-s,2025-12-30,sale,-2,item-001072
mov-sale-item-001576,var-sock-ivory-s,2025-12-30,sale,-1,item-001576
mov-sale-item-001577,var-sock-coral-m,2025-12-30,sale,-2,item-001577
mov-sale-item-001696,var-sock-rose-s,2025-12-31,sale,-3,item-001696
mov-sale-item-001697,var-sock-lilac-m,2025-12-31,sale,-1,item-001697
mov-sale-item-000906,var-legging-navy-m,2026-01-01,sale,-2,item-000906
mov-sale-item-000907,var-sock-black-l,2026-01-01,sale,-3,item-000907
mov-sale-item-001261,var-legging-black-m,2026-01-01,sale,-1,item-001261
mov-sale-item-001262,var-short-coral-s,2026-01-01,sale,-2,item-001262
mov-sale-item-000752,var-short-navy-s,2026-01-02,sale,-2,item-000752
mov-sale-item-000753,var-sock-lilac-l,2026-01-02,sale,-1,item-000753
mov-sale-item-000754,var-short-coral-m,2026-01-02,sale,-2,item-000754
mov-sale-item-000040,var-short-black-s,2026-01-03,sale,-1,item-000040
mov-sale-item-000041,var-sock-sage-l,2026-01-03,sale,-1,item-000041
mov-sale-item-000685,var-legging-olive-s,2026-01-04,sale,-3,item-000685
mov-sale-item-000212,var-top-black-s,2026-01-07,sale,-3,item-000212
mov-sale-item-000708,var-legging-olive-m,2026-01-07,sale,-3,item-000708
mov-sale-item-000738,var-sock-sage-m,2026-01-08,sale,-2,item-000738
mov-sale-item-000562,var-legging-olive-m,2026-01-09,sale,-1,item-000562
mov-sale-item-000563,var-sock-rose-s,2026-01-09,sale,-2,item-000563
mov-sale-item-001032,var-sock-lilac-s,2026-01-09,sale,-2,item-001032
mov-sale-item-001266,var-sock-ivory-m,2026-01-09,sale,-3,item-001266
mov-sale-item-001267,var-sock-ivory-s,2026-01-09,sale,-2,item-001267
mov-return-return-00043,var-legging-black-m,2026-01-10,return,1,return-00043
mov-sale-item-000056,var-top-black-s,2026-01-10,sale,-1,item-000056
mov-sale-item-000377,var-short-navy-m,2026-01-10,sale,-2,item-000377
mov-sale-item-000378,var-top-rose-m,2026-01-10,sale,-2,item-000378
mov-sale-item-000919,var-sock-coral-s,2026-01-10,sale,-1,item-000919
mov-sale-item-000920,var-top-sand-l,2026-01-10,sale,-3,item-000920
mov-sale-item-000474,var-sock-ivory-l,2026-01-11,sale,-3,item-000474
mov-sale-item-001148,var-sock-sage-l,2026-01-11,sale,-2,item-001148
mov-sale-item-001149,var-sock-sage-m,2026-01-11,sale,-1,item-001149
mov-sale-item-000033,var-top-sand-m,2026-01-12,sale,-3,item-000033
mov-sale-item-000857,var-sock-ivory-m,2026-01-12,sale,-1,item-000857
mov-sale-item-000858,var-sock-sage-m,2026-01-12,sale,-3,item-000858
mov-sale-item-001116,var-sock-lilac-s,2026-01-12,sale,-3,item-001116
mov-sale-item-001206,var-sock-ivory-s,2026-01-12,sale,-2,item-001206
mov-sale-item-001453,var-sock-ivory-s,2026-01-12,sale,-2,item-001453
mov-sale-item-000891,var-short-black-s,2026-01-13,sale,-2,item-000891
mov-sale-item-001344,var-sock-coral-l,2026-01-14,sale,-2,item-001344
mov-sale-item-001345,var-sock-ivory-s,2026-01-14,sale,-2,item-001345
mov-sale-item-001002,var-sock-sage-m,2026-01-15,sale,-3,item-001002
mov-sale-item-001220,var-short-navy-m,2026-01-15,sale,-3,item-001220
mov-sale-item-001221,var-sock-lilac-m,2026-01-15,sale,-2,item-001221
mov-sale-item-001730,var-legging-olive-s,2026-01-15,sale,-2,item-001730
mov-sale-item-000011,var-sock-black-l,2026-01-16,sale,-2,item-000011
mov-sale-item-000012,var-sock-coral-l,2026-01-16,sale,-2,item-000012
mov-sale-item-000103,var-short-navy-l,2026-01-16,sale,-1,item-000103
mov-sale-item-000105,var-short-navy-m,2026-01-16,sale,-3,item-000105
mov-sale-item-000347,var-top-rose-s,2026-01-16,sale,-3,item-000347
mov-sale-item-001471,var-sock-ivory-s,2026-01-16,sale,-1,item-001471
mov-sale-item-001472,var-sock-black-s,2026-01-16,sale,-2,item-001472
mov-return-return-00031,var-sock-coral-s,2026-01-17,return,1,return-00031
mov-sale-item-000308,var-sock-rose-l,2026-01-18,sale,-2,item-000308
mov-sale-item-001589,var-sock-black-s,2026-01-18,sale,-2,item-001589
mov-sale-item-001590,var-legging-navy-m,2026-01-18,sale,-3,item-001590
mov-sale-item-000689,var-sock-ivory-m,2026-01-19,sale,-2,item-000689
mov-sale-item-000690,var-legging-navy-s,2026-01-19,sale,-2,item-000690
mov-sale-item-001102,var-sock-lilac-m,2026-01-19,sale,-3,item-001102
mov-sale-item-001727,var-short-black-s,2026-01-20,sale,-1,item-001727
mov-sale-item-000371,var-sock-lilac-m,2026-01-21,sale,-2,item-000371
mov-sale-item-001301,var-sock-black-m,2026-01-21,sale,-1,item-001301
mov-sale-item-000811,var-short-navy-m,2026-01-22,sale,-2,item-000811
mov-sale-item-001294,var-sock-ivory-l,2026-01-22,sale,-3,item-001294
mov-sale-item-001295,var-legging-olive-m,2026-01-22,sale,-3,item-001295
mov-sale-item-001399,var-sock-lilac-s,2026-01-22,sale,-1,item-001399
mov-sale-item-001443,var-sock-sage-s,2026-01-22,sale,-1,item-001443
mov-sale-item-001444,var-top-sand-l,2026-01-22,sale,-3,item-001444
mov-sale-item-000294,var-sock-rose-m,2026-01-23,sale,-1,item-000294
mov-sale-item-000296,var-top-rose-l,2026-01-23,sale,-2,item-000296
mov-sale-item-000297,var-short-coral-s,2026-01-23,sale,-2,item-000297
mov-sale-item-001181,var-legging-navy-l,2026-01-23,sale,-1,item-001181
mov-sale-item-001499,var-legging-black-s,2026-01-23,sale,-3,item-001499
mov-sale-item-001500,var-sock-rose-l,2026-01-23,sale,-3,item-001500
mov-sale-item-001686,var-sock-rose-l,2026-01-23,sale,-3,item-001686
mov-sale-item-001687,var-short-black-l,2026-01-23,sale,-1,item-001687
mov-sale-item-000300,var-short-navy-s,2026-01-24,sale,-1,item-000300
mov-sale-item-001476,var-short-navy-l,2026-01-25,sale,-2,item-001476
mov-sale-item-001477,var-sock-ivory-l,2026-01-25,sale,-2,item-001477
mov-sale-item-001493,var-short-coral-m,2026-01-25,sale,-3,item-001493
mov-sale-item-001494,var-sock-ivory-m,2026-01-25,sale,-3,item-001494
mov-sale-item-001523,var-sock-coral-m,2026-01-25,sale,-1,item-001523
mov-sale-item-001524,var-short-black-m,2026-01-25,sale,-1,item-001524
mov-sale-item-000646,var-sock-coral-s,2026-01-26,sale,-2,item-000646
mov-sale-item-000647,var-top-black-m,2026-01-26,sale,-1,item-000647
mov-sale-item-000650,var-sock-rose-s,2026-01-26,sale,-2,item-000650
mov-sale-item-000433,var-legging-black-m,2026-01-27,sale,-2,item-000433
mov-sale-item-001091,var-sock-black-l,2026-01-27,sale,-2,item-001091
mov-sale-item-001092,var-sock-lilac-l,2026-01-27,sale,-3,item-001092
mov-sale-item-001093,var-short-black-s,2026-01-27,sale,-2,item-001093
mov-sale-item-001159,var-short-coral-l,2026-01-27,sale,-1,item-001159
mov-sale-item-001160,var-sock-sage-m,2026-01-27,sale,-1,item-001160
mov-sale-item-001441,var-legging-olive-l,2026-01-27,sale,-2,item-001441
mov-sale-item-001442,var-sock-lilac-m,2026-01-27,sale,-3,item-001442
mov-sale-item-001490,var-sock-sage-m,2026-01-27,sale,-2,item-001490
mov-sale-item-001771,var-short-coral-l,2026-01-28,sale,-2,item-001771
mov-sale-item-001772,var-legging-black-m,2026-01-28,sale,-2,item-001772
mov-sale-item-000652,var-sock-lilac-m,2026-01-29,sale,-2,item-000652
mov-sale-item-000784,var-sock-ivory-l,2026-01-29,sale,-3,item-000784
mov-sale-item-000785,var-top-black-l,2026-01-29,sale,-1,item-000785
mov-return-return-00051,var-sock-ivory-m,2026-01-30,return,1,return-00051
mov-sale-item-000199,var-legging-olive-s,2026-02-02,sale,-1,item-000199
mov-sale-item-000965,var-legging-olive-l,2026-02-03,sale,-3,item-000965
mov-sale-item-000681,var-sock-coral-l,2026-02-04,sale,-3,item-000681
mov-sale-item-000682,var-sock-rose-m,2026-02-04,sale,-1,item-000682
mov-sale-item-001154,var-sock-ivory-s,2026-02-04,sale,-2,item-001154
mov-sale-item-001155,var-sock-rose-m,2026-02-04,sale,-3,item-001155
mov-sale-item-001586,var-sock-lilac-s,2026-02-04,sale,-2,item-001586
mov-sale-item-001587,var-short-black-m,2026-02-04,sale,-2,item-001587
mov-sale-item-001588,var-short-navy-s,2026-02-04,sale,-2,item-001588
mov-sale-item-001289,var-sock-black-s,2026-02-05,sale,-2,item-001289
mov-sale-item-001290,var-legging-navy-l,2026-02-05,sale,-2,item-001290
mov-sale-item-001669,var-sock-black-l,2026-02-05,sale,-1,item-001669
mov-sale-item-001670,var-sock-rose-m,2026-02-05,sale,-3,item-001670
mov-sale-item-001556,var-sock-ivory-l,2026-02-06,sale,-3,item-001556
mov-sale-item-001557,var-short-black-m,2026-02-06,sale,-3,item-001557
mov-sale-item-000148,var-sock-lilac-s,2026-02-07,sale,-2,item-000148
mov-sale-item-000013,var-top-black-l,2026-02-09,sale,-3,item-000013
mov-sale-item-000014,var-sock-coral-m,2026-02-09,sale,-1,item-000014
mov-sale-item-000877,var-top-black-l,2026-02-09,sale,-1,item-000877
mov-sale-item-000878,var-sock-sage-l,2026-02-09,sale,-1,item-000878
mov-sale-item-000879,var-sock-black-l,2026-02-09,sale,-3,item-000879
mov-sale-item-000812,var-sock-coral-m,2026-02-10,sale,-2,item-000812
mov-sale-item-000813,var-top-rose-l,2026-02-10,sale,-1,item-000813
mov-sale-item-001776,var-legging-olive-l,2026-02-10,sale,-2,item-001776
mov-sale-item-001777,var-sock-coral-s,2026-02-10,sale,-1,item-001777
mov-sale-item-001165,var-sock-coral-m,2026-02-11,sale,-3,item-001165
mov-sale-item-001166,var-short-navy-l,2026-02-11,sale,-2,item-001166
mov-sale-item-001296,var-sock-black-s,2026-02-11,sale,-3,item-001296
mov-sale-item-001297,var-sock-ivory-s,2026-02-11,sale,-1,item-001297
mov-sale-item-001497,var-top-sand-s,2026-02-11,sale,-2,item-001497
mov-sale-item-001498,var-sock-lilac-l,2026-02-11,sale,-1,item-001498
mov-sale-item-001609,var-short-coral-l,2026-02-11,sale,-3,item-001609
mov-sale-item-001672,var-sock-coral-s,2026-02-11,sale,-2,item-001672
mov-sale-item-001673,var-sock-rose-l,2026-02-11,sale,-3,item-001673
mov-sale-item-001770,var-sock-coral-s,2026-02-11,sale,-1,item-001770
mov-return-return-00023,var-sock-rose-m,2026-02-12,return,1,return-00023
mov-sale-item-000372,var-short-coral-s,2026-02-12,sale,-2,item-000372
mov-sale-item-000739,var-short-black-s,2026-02-12,sale,-3,item-000739
mov-sale-item-000750,var-sock-lilac-l,2026-02-14,sale,-1,item-000750
mov-sale-item-001714,var-top-sand-m,2026-02-14,sale,-1,item-001714
mov-sale-item-001715,var-short-black-s,2026-02-14,sale,-1,item-001715
mov-sale-item-001716,var-sock-sage-m,2026-02-14,sale,-3,item-001716
mov-sale-item-000078,var-short-black-m,2026-02-16,sale,-1,item-000078
mov-sale-item-000079,var-sock-black-s,2026-02-16,sale,-3,item-000079
mov-sale-item-001437,var-sock-ivory-s,2026-02-16,sale,-1,item-001437
mov-sale-item-001438,var-sock-sage-l,2026-02-16,sale,-3,item-001438
mov-sale-item-001552,var-sock-lilac-l,2026-02-16,sale,-2,item-001552
mov-sale-item-000242,var-legging-olive-s,2026-02-17,sale,-1,item-000242
mov-sale-item-000247,var-sock-rose-m,2026-02-17,sale,-3,item-000247
mov-sale-item-001341,var-sock-ivory-m,2026-02-17,sale,-2,item-001341
mov-sale-item-000248,var-sock-lilac-s,2026-02-19,sale,-2,item-000248
mov-sale-item-000721,var-sock-coral-s,2026-02-19,sale,-3,item-000721
mov-sale-item-000722,var-top-rose-s,2026-02-19,sale,-1,item-000722
mov-sale-item-000890,var-short-black-m,2026-02-19,sale,-1,item-000890
mov-sale-item-001527,var-short-navy-s,2026-02-19,sale,-1,item-001527
mov-sale-item-000166,var-short-black-m,2026-02-20,sale,-1,item-000166
mov-sale-item-000862,var-top-sand-l,2026-02-20,sale,-2,item-000862
mov-sale-item-000531,var-sock-coral-l,2026-02-21,sale,-1,item-000531
mov-sale-item-000532,var-sock-rose-m,2026-02-21,sale,-3,item-000532
mov-sale-item-000533,var-top-black-s,2026-02-21,sale,-3,item-000533
mov-sale-item-000266,var-sock-ivory-m,2026-02-22,sale,-3,item-000266
mov-sale-item-000267,var-top-sand-m,2026-02-22,sale,-2,item-000267
mov-sale-item-000808,var-sock-coral-l,2026-02-22,sale,-1,item-000808
mov-sale-item-000809,var-top-black-s,2026-02-22,sale,-3,item-000809
mov-sale-item-000924,var-sock-coral-m,2026-02-22,sale,-2,item-000924
mov-sale-item-000925,var-sock-black-s,2026-02-22,sale,-3,item-000925
mov-sale-item-001121,var-sock-lilac-s,2026-02-25,sale,-3,item-001121
mov-sale-item-001122,var-sock-black-s,2026-02-25,sale,-3,item-001122
mov-sale-item-001582,var-sock-black-m,2026-02-28,sale,-3,item-001582
mov-sale-item-000218,var-sock-black-s,2026-03-01,sale,-1,item-000218
mov-sale-item-000341,var-sock-lilac-s,2026-03-01,sale,-2,item-000341
mov-sale-item-000342,var-sock-lilac-m,2026-03-01,sale,-1,item-000342
mov-sale-item-000565,var-sock-sage-m,2026-03-01,sale,-2,item-000565
mov-sale-item-000566,var-sock-sage-s,2026-03-01,sale,-2,item-000566
mov-sale-item-001342,var-sock-black-m,2026-03-01,sale,-3,item-001342
mov-sale-item-001482,var-legging-black-l,2026-03-01,sale,-3,item-001482
mov-sale-item-001681,var-legging-navy-m,2026-03-01,sale,-1,item-001681
mov-sale-item-001682,var-legging-olive-l,2026-03-01,sale,-3,item-001682
mov-sale-item-000344,var-sock-rose-s,2026-03-02,sale,-2,item-000344
mov-sale-item-000547,var-top-rose-l,2026-03-02,sale,-3,item-000547
mov-sale-item-000548,var-sock-rose-s,2026-03-02,sale,-3,item-000548
mov-sale-item-000755,var-short-coral-s,2026-03-02,sale,-2,item-000755
mov-sale-item-000756,var-top-sand-l,2026-03-02,sale,-2,item-000756
mov-sale-item-001283,var-top-sand-s,2026-03-02,sale,-3,item-001283
mov-sale-item-001284,var-sock-rose-l,2026-03-02,sale,-1,item-001284
mov-sale-item-001632,var-sock-lilac-s,2026-03-03,sale,-3,item-001632
mov-sale-item-000289,var-short-coral-l,2026-03-04,sale,-1,item-000289
mov-sale-item-000290,var-sock-lilac-m,2026-03-04,sale,-2,item-000290
mov-sale-item-000471,var-legging-olive-l,2026-03-04,sale,-2,item-000471
mov-sale-item-000355,var-sock-rose-l,2026-03-06,sale,-3,item-000355
mov-sale-item-000651,var-sock-ivory-s,2026-03-06,sale,-2,item-000651
mov-sale-item-001794,var-sock-rose-l,2026-03-06,sale,-1,item-001794
mov-sale-item-001795,var-legging-olive-m,2026-03-06,sale,-1,item-001795
mov-sale-item-001799,var-short-coral-m,2026-03-06,sale,-1,item-001799
mov-sale-item-001800,var-sock-ivory-s,2026-03-06,sale,-3,item-001800
mov-sale-item-000285,var-legging-olive-m,2026-03-07,sale,-3,item-000285
mov-sale-item-000672,var-sock-rose-m,2026-03-07,sale,-3,item-000672
mov-sale-item-001315,var-sock-sage-l,2026-03-07,sale,-2,item-001315
mov-sale-item-000951,var-sock-lilac-s,2026-03-08,sale,-3,item-000951
mov-sale-item-000952,var-top-rose-l,2026-03-08,sale,-3,item-000952
mov-sale-item-001234,var-sock-coral-m,2026-03-08,sale,-3,item-001234
mov-sale-item-001742,var-sock-black-s,2026-03-08,sale,-2,item-001742
mov-sale-item-000291,var-short-coral-s,2026-03-10,sale,-2,item-000291
mov-sale-item-000691,var-top-rose-l,2026-03-10,sale,-2,item-000691
mov-sale-item-001094,var-short-black-l,2026-03-10,sale,-1,item-001094
mov-sale-item-001481,var-sock-black-l,2026-03-10,sale,-3,item-001481
mov-sale-item-000737,var-sock-sage-m,2026-03-11,sale,-2,item-000737
mov-sale-item-001722,var-short-navy-s,2026-03-11,sale,-1,item-001722
mov-sale-item-000846,var-short-coral-m,2026-03-13,sale,-1,item-000846
mov-sale-item-001187,var-top-black-l,2026-03-13,sale,-3,item-001187
mov-sale-item-001608,var-legging-olive-s,2026-03-13,sale,-3,item-001608
mov-sale-item-001100,var-sock-ivory-l,2026-03-14,sale,-3,item-001100
mov-sale-item-001101,var-top-sand-m,2026-03-14,sale,-3,item-001101
mov-sale-item-001756,var-sock-coral-l,2026-03-14,sale,-2,item-001756
mov-sale-item-000245,var-legging-black-s,2026-03-15,sale,-3,item-000245
mov-sale-item-000246,var-sock-coral-s,2026-03-15,sale,-2,item-000246
mov-sale-item-001700,var-sock-ivory-l,2026-03-15,sale,-2,item-001700
mov-sale-item-001015,var-top-black-l,2026-03-16,sale,-3,item-001015
mov-sale-item-001016,var-sock-coral-m,2026-03-16,sale,-2,item-001016
mov-sale-item-001048,var-sock-ivory-s,2026-03-16,sale,-3,item-001048
mov-sale-item-001049,var-sock-rose-l,2026-03-16,sale,-1,item-001049
mov-sale-item-001757,var-sock-coral-l,2026-03-16,sale,-1,item-001757
mov-sale-item-000074,var-sock-sage-m,2026-03-17,sale,-1,item-000074
mov-sale-item-000453,var-sock-ivory-l,2026-03-17,sale,-2,item-000453
mov-sale-item-000501,var-sock-coral-s,2026-03-17,sale,-2,item-000501
mov-sale-item-000502,var-legging-navy-s,2026-03-17,sale,-1,item-000502
mov-sale-item-000793,var-legging-olive-s,2026-03-17,sale,-3,item-000793
mov-sale-item-001435,var-top-black-l,2026-03-17,sale,-2,item-001435
mov-sale-item-000697,var-top-rose-m,2026-03-18,sale,-2,item-000697
mov-sale-item-000698,var-top-sand-s,2026-03-18,sale,-1,item-000698
mov-sale-item-001630,var-sock-ivory-l,2026-03-18,sale,-1,item-001630
mov-return-return-00025,var-sock-sage-m,2026-03-19,return,1,return-00025
mov-sale-item-001434,var-sock-rose-s,2026-03-19,sale,-1,item-001434
mov-sale-item-000795,var-legging-black-m,2026-03-20,sale,-3,item-000795
mov-sale-item-000796,var-short-black-m,2026-03-20,sale,-3,item-000796
mov-sale-item-001658,var-sock-coral-s,2026-03-21,sale,-1,item-001658
mov-sale-item-001391,var-top-rose-m,2026-03-22,sale,-2,item-001391
mov-sale-item-001429,var-short-coral-l,2026-03-22,sale,-3,item-001429
mov-sale-item-001430,var-legging-olive-m,2026-03-22,sale,-3,item-001430
mov-sale-item-001787,var-sock-sage-s,2026-03-22,sale,-1,item-001787
mov-sale-item-000073,var-top-black-m,2026-03-24,sale,-2,item-000073
mov-sale-item-000807,var-legging-black-l,2026-03-24,sale,-2,item-000807
mov-sale-item-001006,var-top-rose-m,2026-03-24,sale,-1,item-001006
mov-sale-item-001007,var-sock-ivory-s,2026-03-24,sale,-3,item-001007
mov-sale-item-000624,var-sock-sage-l,2026-03-25,sale,-3,item-000624
mov-sale-item-000625,var-sock-coral-l,2026-03-25,sale,-1,item-000625
mov-sale-item-001031,var-sock-black-m,2026-03-25,sale,-2,item-001031
mov-sale-item-000630,var-sock-black-s,2026-03-26,sale,-1,item-000630
mov-sale-item-000631,var-short-coral-l,2026-03-26,sale,-3,item-000631
mov-sale-item-000940,var-short-black-m,2026-03-26,sale,-1,item-000940
mov-sale-item-000941,var-legging-black-m,2026-03-26,sale,-3,item-000941
mov-sale-item-001096,var-sock-sage-l,2026-03-26,sale,-1,item-001096
mov-sale-item-001097,var-sock-sage-s,2026-03-26,sale,-1,item-001097
mov-sale-item-001352,var-legging-navy-l,2026-03-26,sale,-1,item-001352
mov-sale-item-001353,var-sock-coral-s,2026-03-26,sale,-3,item-001353
mov-sale-item-000092,var-sock-ivory-m,2026-03-27,sale,-1,item-000092
mov-sale-item-000093,var-sock-ivory-l,2026-03-27,sale,-1,item-000093
mov-sale-item-000159,var-legging-black-m,2026-03-27,sale,-3,item-000159
mov-sale-item-000198,var-sock-coral-l,2026-03-27,sale,-1,item-000198
mov-sale-item-001413,var-sock-rose-l,2026-03-27,sale,-2,item-001413
mov-sale-item-001704,var-short-black-m,2026-03-27,sale,-3,item-001704
mov-sale-item-001641,var-sock-sage-s,2026-03-28,sale,-1,item-001641
mov-sale-item-001642,var-sock-sage-l,2026-03-28,sale,-2,item-001642
mov-sale-item-000134,var-short-navy-s,2026-03-29,sale,-3,item-000134
mov-sale-item-000190,var-sock-ivory-l,2026-03-29,sale,-3,item-000190
mov-sale-item-000959,var-sock-sage-m,2026-03-30,sale,-3,item-000959
mov-sale-item-000960,var-sock-lilac-s,2026-03-30,sale,-3,item-000960
mov-sale-item-001657,var-sock-ivory-m,2026-03-30,sale,-3,item-001657
mov-sale-item-000120,var-top-rose-m,2026-03-31,sale,-1,item-000120
mov-sale-item-000121,var-sock-sage-l,2026-03-31,sale,-3,item-000121
mov-sale-item-000571,var-short-black-m,2026-03-31,sale,-3,item-000571
mov-sale-item-000859,var-legging-navy-m,2026-03-31,sale,-2,item-000859
mov-sale-item-001617,var-sock-ivory-s,2026-03-31,sale,-3,item-001617
mov-sale-item-001156,var-sock-lilac-l,2026-04-01,sale,-3,item-001156
mov-sale-item-001157,var-sock-sage-m,2026-04-01,sale,-3,item-001157
mov-sale-item-001627,var-short-coral-m,2026-04-01,sale,-1,item-001627
mov-sale-item-001628,var-sock-ivory-m,2026-04-02,sale,-2,item-001628
mov-sale-item-001040,var-top-rose-m,2026-04-03,sale,-3,item-001040
mov-sale-item-001275,var-sock-sage-l,2026-04-03,sale,-3,item-001275
mov-sale-item-001324,var-sock-lilac-s,2026-04-03,sale,-1,item-001324
mov-sale-item-001325,var-short-black-m,2026-04-03,sale,-1,item-001325
mov-sale-item-001519,var-legging-black-l,2026-04-03,sale,-1,item-001519
mov-sale-item-001520,var-short-black-s,2026-04-03,sale,-3,item-001520
mov-sale-item-000301,var-sock-lilac-m,2026-04-04,sale,-3,item-000301
mov-sale-item-000607,var-top-sand-l,2026-04-04,sale,-3,item-000607
mov-sale-item-000763,var-sock-ivory-m,2026-04-04,sale,-3,item-000763
mov-sale-item-000764,var-legging-black-s,2026-04-04,sale,-1,item-000764
mov-sale-item-000823,var-top-black-l,2026-04-04,sale,-2,item-000823
mov-sale-item-000956,var-sock-rose-s,2026-04-04,sale,-2,item-000956
mov-sale-item-000957,var-sock-ivory-l,2026-04-04,sale,-2,item-000957
mov-sale-item-000958,var-sock-rose-l,2026-04-04,sale,-1,item-000958
mov-sale-item-001330,var-sock-sage-m,2026-04-04,sale,-2,item-001330
mov-sale-item-001331,var-short-coral-m,2026-04-04,sale,-3,item-001331
mov-sale-item-001332,var-sock-coral-m,2026-04-04,sale,-1,item-001332
mov-sale-item-000221,var-sock-sage-l,2026-04-05,sale,-3,item-000221
mov-sale-item-000222,var-sock-lilac-l,2026-04-05,sale,-3,item-000222
mov-sale-item-000684,var-sock-lilac-s,2026-04-05,sale,-3,item-000684
mov-sale-item-000770,var-sock-lilac-s,2026-04-05,sale,-2,item-000770
mov-sale-item-000961,var-sock-sage-l,2026-04-05,sale,-3,item-000961
mov-sale-item-000962,var-short-black-m,2026-04-05,sale,-3,item-000962
mov-sale-item-001610,var-sock-rose-s,2026-04-05,sale,-2,item-001610
mov-sale-item-001611,var-sock-sage-s,2026-04-05,sale,-2,item-001611
mov-sale-item-001612,var-sock-coral-s,2026-04-05,sale,-2,item-001612
mov-sale-item-001694,var-sock-coral-s,2026-04-05,sale,-2,item-001694
mov-sale-item-001695,var-legging-black-m,2026-04-05,sale,-2,item-001695
mov-sale-item-001728,var-sock-black-l,2026-04-05,sale,-2,item-001728
mov-sale-item-000170,var-legging-navy-m,2026-04-06,sale,-2,item-000170
mov-sale-item-000760,var-sock-sage-m,2026-04-06,sale,-3,item-000760
mov-sale-item-000315,var-legging-olive-m,2026-04-08,sale,-3,item-000315
mov-sale-item-000446,var-sock-sage-s,2026-04-08,sale,-1,item-000446
mov-sale-item-000867,var-sock-coral-l,2026-04-08,sale,-1,item-000867
mov-sale-item-000868,var-short-coral-l,2026-04-08,sale,-2,item-000868
mov-sale-item-000462,var-sock-coral-s,2026-04-09,sale,-3,item-000462
mov-sale-item-000790,var-top-sand-l,2026-04-10,sale,-2,item-000790
mov-sale-item-000791,var-short-coral-s,2026-04-10,sale,-1,item-000791
mov-sale-item-001373,var-sock-sage-m,2026-04-10,sale,-1,item-001373
mov-sale-item-001656,var-sock-sage-l,2026-04-10,sale,-1,item-001656
mov-sale-item-001699,var-top-black-s,2026-04-10,sale,-2,item-001699
mov-sale-item-000683,var-sock-lilac-m,2026-04-11,sale,-2,item-000683
mov-sale-item-000106,var-legging-olive-l,2026-04-12,sale,-3,item-000106
mov-sale-item-000107,var-top-black-l,2026-04-12,sale,-1,item-000107
mov-sale-item-000538,var-sock-ivory-m,2026-04-12,sale,-1,item-000538
mov-sale-item-000539,var-sock-black-m,2026-04-12,sale,-3,item-000539
mov-sale-item-001044,var-short-black-s,2026-04-12,sale,-1,item-001044
mov-sale-item-001045,var-sock-coral-s,2026-04-12,sale,-3,item-001045
mov-sale-item-000197,var-sock-lilac-s,2026-04-14,sale,-2,item-000197
mov-sale-item-001709,var-sock-coral-l,2026-04-14,sale,-3,item-001709
mov-sale-item-000124,var-sock-ivory-m,2026-04-15,sale,-1,item-000124
mov-sale-item-000125,var-short-black-s,2026-04-15,sale,-3,item-000125
mov-sale-item-000164,var-sock-rose-s,2026-04-15,sale,-2,item-000164
mov-sale-item-000165,var-sock-rose-m,2026-04-15,sale,-1,item-000165
mov-sale-item-001168,var-sock-sage-m,2026-04-15,sale,-1,item-001168
mov-sale-item-001346,var-legging-navy-s,2026-04-15,sale,-2,item-001346
mov-sale-item-001347,var-sock-coral-s,2026-04-15,sale,-1,item-001347
mov-sale-item-001518,var-top-rose-m,2026-04-15,sale,-3,item-001518
mov-sale-item-000511,var-sock-coral-m,2026-04-16,sale,-1,item-000511
mov-sale-item-000512,var-sock-rose-m,2026-04-16,sale,-1,item-000512
mov-sale-item-000639,var-short-navy-m,2026-04-16,sale,-2,item-000639
mov-sale-item-000640,var-top-rose-l,2026-04-16,sale,-2,item-000640
mov-sale-item-000915,var-top-sand-s,2026-04-16,sale,-1,item-000915
mov-sale-item-000991,var-sock-lilac-s,2026-04-16,sale,-3,item-000991
mov-sale-item-001644,var-sock-lilac-l,2026-04-16,sale,-3,item-001644
mov-sale-item-001779,var-sock-rose-m,2026-04-16,sale,-2,item-001779
mov-sale-item-000458,var-top-rose-m,2026-04-18,sale,-1,item-000458
mov-sale-item-000935,var-sock-ivory-m,2026-04-18,sale,-1,item-000935
mov-sale-item-000397,var-sock-lilac-s,2026-04-19,sale,-3,item-000397
mov-sale-item-001661,var-sock-ivory-s,2026-04-19,sale,-3,item-001661
mov-sale-item-001662,var-short-navy-s,2026-04-19,sale,-3,item-001662
mov-sale-item-001663,var-sock-lilac-s,2026-04-19,sale,-1,item-001663
mov-sale-item-000168,var-short-navy-s,2026-04-20,sale,-3,item-000168
mov-sale-item-000405,var-legging-black-m,2026-04-20,sale,-1,item-000405
mov-sale-item-000609,var-sock-sage-s,2026-04-21,sale,-1,item-000609
mov-sale-item-000674,var-sock-sage-m,2026-04-21,sale,-1,item-000674
mov-sale-item-001229,var-sock-sage-l,2026-04-21,sale,-3,item-001229
mov-sale-item-000819,var-legging-black-m,2026-04-22,sale,-1,item-000819
mov-sale-item-001652,var-top-black-m,2026-04-23,sale,-1,item-001652
mov-sale-item-001446,var-sock-ivory-m,2026-04-25,sale,-3,item-001446
mov-return-return-00017,var-sock-coral-m,2026-04-26,return,1,return-00017
mov-sale-item-000731,var-top-rose-s,2026-04-26,sale,-3,item-000731
mov-sale-item-000893,var-short-coral-m,2026-04-26,sale,-2,item-000893
mov-sale-item-001087,var-legging-black-m,2026-04-26,sale,-1,item-001087
mov-sale-item-001088,var-sock-sage-l,2026-04-26,sale,-2,item-001088
mov-sale-item-001350,var-sock-black-l,2026-04-26,sale,-2,item-001350
mov-sale-item-001351,var-sock-lilac-m,2026-04-26,sale,-3,item-001351
mov-sale-item-001633,var-sock-ivory-s,2026-04-26,sale,-2,item-001633
mov-sale-item-001634,var-short-coral-l,2026-04-26,sale,-2,item-001634
mov-sale-item-000059,var-legging-olive-l,2026-04-27,sale,-2,item-000059
mov-sale-item-000060,var-sock-coral-s,2026-04-27,sale,-1,item-000060
mov-sale-item-000215,var-sock-sage-l,2026-04-27,sale,-3,item-000215
mov-sale-item-000403,var-sock-lilac-l,2026-04-27,sale,-2,item-000403
mov-sale-item-000404,var-sock-rose-s,2026-04-27,sale,-2,item-000404
mov-sale-item-001033,var-top-sand-m,2026-04-27,sale,-1,item-001033
mov-sale-item-000412,var-sock-ivory-m,2026-04-28,sale,-1,item-000412
mov-sale-item-000413,var-short-black-l,2026-04-28,sale,-2,item-000413
mov-sale-item-001111,var-sock-lilac-s,2026-04-28,sale,-1,item-001111
mov-sale-item-001361,var-sock-lilac-m,2026-04-28,sale,-2,item-001361
mov-sale-item-001362,var-top-rose-l,2026-04-28,sale,-2,item-001362
mov-sale-item-000363,var-legging-navy-l,2026-04-29,sale,-2,item-000363
mov-sale-item-000364,var-sock-black-l,2026-04-29,sale,-2,item-000364
mov-sale-item-001017,var-sock-sage-l,2026-04-29,sale,-1,item-001017
mov-sale-item-001163,var-sock-rose-m,2026-04-29,sale,-2,item-001163
mov-sale-item-001164,var-sock-rose-s,2026-04-29,sale,-2,item-001164
mov-sale-item-001259,var-sock-lilac-l,2026-04-29,sale,-1,item-001259
mov-sale-item-001260,var-legging-black-s,2026-04-29,sale,-2,item-001260
mov-sale-item-001393,var-sock-ivory-m,2026-04-29,sale,-2,item-001393
mov-sale-item-001394,var-sock-black-s,2026-04-29,sale,-3,item-001394
mov-sale-item-001784,var-top-black-m,2026-04-29,sale,-2,item-001784
mov-sale-item-001785,var-short-navy-s,2026-04-29,sale,-1,item-001785
mov-sale-item-000193,var-top-black-l,2026-04-30,sale,-3,item-000193
mov-sale-item-000194,var-legging-black-s,2026-04-30,sale,-1,item-000194
mov-sale-item-000400,var-sock-lilac-s,2026-04-30,sale,-1,item-000400
mov-sale-item-001416,var-sock-lilac-s,2026-04-30,sale,-3,item-001416
mov-sale-item-001417,var-sock-rose-s,2026-04-30,sale,-2,item-001417
mov-sale-item-001723,var-top-sand-m,2026-04-30,sale,-2,item-001723
mov-sale-item-000328,var-sock-rose-m,2026-05-01,sale,-2,item-000328
mov-sale-item-001463,var-legging-navy-m,2026-05-01,sale,-2,item-001463
mov-sale-item-000249,var-sock-lilac-l,2026-05-02,sale,-3,item-000249
mov-sale-item-001274,var-sock-coral-s,2026-05-02,sale,-2,item-001274
mov-sale-item-000641,var-sock-black-l,2026-05-03,sale,-2,item-000641
mov-sale-item-000070,var-legging-black-s,2026-05-04,sale,-1,item-000070
mov-sale-item-000966,var-sock-ivory-l,2026-05-04,sale,-2,item-000966
mov-sale-item-001080,var-sock-black-m,2026-05-04,sale,-2,item-001080
mov-sale-item-001081,var-legging-black-l,2026-05-04,sale,-1,item-001081
mov-sale-item-001397,var-sock-black-m,2026-05-04,sale,-2,item-001397
mov-sale-item-001398,var-sock-ivory-l,2026-05-04,sale,-3,item-001398
mov-return-return-00037,var-sock-sage-l,2026-05-05,return,1,return-00037
mov-sale-item-000063,var-short-black-m,2026-05-06,sale,-3,item-000063
mov-sale-item-000064,var-short-black-l,2026-05-06,sale,-1,item-000064
mov-sale-item-000457,var-sock-lilac-l,2026-05-06,sale,-1,item-000457
mov-sale-item-000748,var-sock-coral-l,2026-05-06,sale,-3,item-000748
mov-sale-item-000749,var-legging-black-l,2026-05-06,sale,-2,item-000749
mov-return-return-00007,var-legging-black-s,2026-05-08,return,1,return-00007
mov-sale-item-000274,var-top-sand-s,2026-05-08,sale,-2,item-000274
mov-sale-item-000275,var-sock-black-m,2026-05-08,sale,-1,item-000275
mov-sale-item-001132,var-top-rose-s,2026-05-08,sale,-2,item-001132
mov-sale-item-000053,var-sock-sage-l,2026-05-09,sale,-2,item-000053
mov-sale-item-000054,var-sock-coral-l,2026-05-09,sale,-2,item-000054
mov-sale-item-000803,var-legging-olive-l,2026-05-09,sale,-1,item-000803
mov-sale-item-001531,var-sock-ivory-m,2026-05-09,sale,-3,item-001531
mov-sale-item-001532,var-short-navy-l,2026-05-09,sale,-3,item-001532
mov-sale-item-001578,var-short-coral-s,2026-05-09,sale,-2,item-001578
mov-sale-item-001745,var-sock-ivory-m,2026-05-09,sale,-3,item-001745
mov-sale-item-000521,var-sock-black-m,2026-05-10,sale,-3,item-000521
mov-sale-item-000252,var-top-sand-s,2026-05-12,sale,-2,item-000252
mov-sale-item-000253,var-sock-ivory-s,2026-05-12,sale,-1,item-000253
mov-sale-item-000332,var-sock-ivory-s,2026-05-12,sale,-3,item-000332
mov-sale-item-000333,var-short-coral-l,2026-05-12,sale,-1,item-000333
mov-sale-item-000055,var-sock-coral-l,2026-05-13,sale,-3,item-000055
mov-sale-item-000464,var-short-coral-s,2026-05-13,sale,-1,item-000464
mov-sale-item-000644,var-sock-black-m,2026-05-13,sale,-3,item-000644
mov-sale-item-000645,var-top-black-s,2026-05-13,sale,-2,item-000645
mov-sale-item-000835,var-sock-rose-m,2026-05-13,sale,-1,item-000835
mov-sale-item-001029,var-sock-ivory-m,2026-05-13,sale,-3,item-001029
mov-sale-item-001030,var-legging-navy-s,2026-05-13,sale,-2,item-001030
mov-sale-item-001643,var-sock-lilac-s,2026-05-13,sale,-1,item-001643
mov-sale-item-000088,var-legging-olive-l,2026-05-14,sale,-2,item-000088
mov-sale-item-000089,var-sock-black-l,2026-05-14,sale,-2,item-000089
mov-sale-item-000545,var-sock-sage-l,2026-05-14,sale,-3,item-000545
mov-sale-item-000546,var-sock-black-m,2026-05-14,sale,-2,item-000546
mov-sale-item-000551,var-sock-lilac-l,2026-05-14,sale,-3,item-000551
mov-sale-item-001068,var-sock-rose-s,2026-05-14,sale,-1,item-001068
mov-sale-item-001069,var-top-sand-s,2026-05-14,sale,-1,item-001069
mov-sale-item-001560,var-sock-rose-m,2026-05-14,sale,-1,item-001560
mov-sale-item-001561,var-sock-coral-m,2026-05-14,sale,-1,item-001561
mov-sale-item-001675,var-top-sand-m,2026-05-14,sale,-1,item-001675
mov-sale-item-000047,var-short-navy-s,2026-05-15,sale,-2,item-000047
mov-sale-item-000095,var-legging-navy-l,2026-05-15,sale,-1,item-000095
mov-sale-item-000180,var-sock-sage-l,2026-05-15,sale,-1,item-000180
mov-sale-item-000181,var-sock-black-l,2026-05-15,sale,-3,item-000181
mov-sale-item-000824,var-top-rose-l,2026-05-15,sale,-3,item-000824
mov-sale-item-000829,var-legging-olive-m,2026-05-15,sale,-1,item-000829
mov-sale-item-000830,var-sock-lilac-m,2026-05-15,sale,-1,item-000830
mov-sale-item-000831,var-sock-coral-s,2026-05-15,sale,-3,item-000831
mov-sale-item-001678,var-sock-lilac-l,2026-05-15,sale,-2,item-001678
mov-sale-item-000081,var-sock-coral-l,2026-05-16,sale,-1,item-000081
mov-sale-item-001530,var-short-coral-l,2026-05-16,sale,-1,item-001530
mov-sale-item-000145,var-sock-black-l,2026-05-17,sale,-2,item-000145
mov-sale-item-000714,var-short-coral-m,2026-05-17,sale,-3,item-000714
mov-sale-item-000715,var-sock-lilac-l,2026-05-17,sale,-1,item-000715
mov-sale-item-001066,var-sock-rose-l,2026-05-17,sale,-3,item-001066
mov-sale-item-001067,var-sock-black-l,2026-05-17,sale,-3,item-001067
mov-sale-item-001334,var-short-black-l,2026-05-17,sale,-1,item-001334
mov-sale-item-001459,var-sock-lilac-s,2026-05-17,sale,-1,item-001459
mov-sale-item-001460,var-sock-lilac-l,2026-05-17,sale,-1,item-001460
mov-sale-item-001580,var-top-rose-s,2026-05-17,sale,-1,item-001580
mov-sale-item-001581,var-sock-coral-s,2026-05-17,sale,-1,item-001581
mov-sale-item-000109,var-sock-black-m,2026-05-18,sale,-2,item-000109
mov-sale-item-000110,var-sock-rose-m,2026-05-18,sale,-3,item-000110
mov-sale-item-000206,var-sock-coral-m,2026-05-19,sale,-1,item-000206
mov-sale-item-000406,var-sock-black-m,2026-05-19,sale,-3,item-000406
mov-sale-item-000667,var-legging-black-m,2026-05-20,sale,-3,item-000667
mov-sale-item-001701,var-sock-lilac-l,2026-05-20,sale,-2,item-001701
mov-sale-item-000176,var-sock-black-l,2026-05-21,sale,-1,item-000176
mov-sale-item-000419,var-legging-navy-s,2026-05-21,sale,-1,item-000419
mov-sale-item-000385,var-sock-coral-m,2026-05-22,sale,-1,item-000385
mov-sale-item-000386,var-short-black-l,2026-05-22,sale,-1,item-000386
mov-sale-item-000390,var-short-coral-l,2026-05-22,sale,-3,item-000390
mov-sale-item-000463,var-sock-black-l,2026-05-22,sale,-2,item-000463
mov-sale-item-000618,var-sock-sage-l,2026-05-22,sale,-2,item-000618
mov-sale-item-001118,var-sock-black-l,2026-05-22,sale,-2,item-001118
mov-sale-item-001119,var-sock-lilac-m,2026-05-22,sale,-1,item-001119
mov-sale-item-001120,var-legging-black-s,2026-05-22,sale,-2,item-001120
mov-sale-item-001685,var-top-rose-s,2026-05-22,sale,-1,item-001685
mov-sale-item-000913,var-sock-lilac-s,2026-05-23,sale,-3,item-000913
mov-sale-item-000914,var-top-black-s,2026-05-23,sale,-2,item-000914
mov-sale-item-000023,var-short-black-s,2026-05-24,sale,-1,item-000023
mov-sale-item-000254,var-sock-rose-l,2026-05-24,sale,-2,item-000254
mov-sale-item-000255,var-legging-black-s,2026-05-24,sale,-2,item-000255
mov-sale-item-000310,var-legging-navy-m,2026-05-24,sale,-3,item-000310
mov-sale-item-000311,var-sock-black-l,2026-05-24,sale,-1,item-000311
mov-sale-item-000312,var-sock-rose-l,2026-05-24,sale,-1,item-000312
mov-sale-item-000473,var-short-navy-l,2026-05-24,sale,-3,item-000473
mov-sale-item-000948,var-sock-ivory-l,2026-05-24,sale,-1,item-000948
mov-sale-item-000949,var-short-navy-l,2026-05-24,sale,-3,item-000949
mov-sale-item-001242,var-sock-rose-l,2026-05-24,sale,-1,item-001242
mov-sale-item-001326,var-sock-sage-l,2026-05-24,sale,-3,item-001326
mov-sale-item-001734,var-sock-lilac-m,2026-05-24,sale,-2,item-001734
mov-sale-item-001735,var-sock-sage-l,2026-05-24,sale,-2,item-001735
mov-sale-item-000205,var-sock-sage-m,2026-05-25,sale,-3,item-000205
mov-sale-item-000325,var-top-black-l,2026-05-25,sale,-3,item-000325
mov-sale-item-000104,var-sock-black-l,2026-05-26,sale,-1,item-000104
mov-sale-item-000171,var-sock-ivory-s,2026-05-26,sale,-2,item-000171
mov-sale-item-000435,var-sock-black-m,2026-05-26,sale,-2,item-000435
mov-sale-item-000436,var-sock-ivory-s,2026-05-26,sale,-1,item-000436
mov-sale-item-000608,var-short-coral-s,2026-05-26,sale,-3,item-000608
mov-sale-item-000863,var-sock-rose-m,2026-05-26,sale,-2,item-000863
mov-sale-item-000864,var-sock-rose-s,2026-05-26,sale,-3,item-000864
mov-sale-item-000097,var-top-black-s,2026-05-27,sale,-1,item-000097
mov-sale-item-000743,var-top-rose-m,2026-05-27,sale,-2,item-000743
mov-sale-item-000084,var-sock-rose-s,2026-05-28,sale,-3,item-000084
mov-sale-item-000450,var-sock-black-s,2026-05-28,sale,-3,item-000450
mov-sale-item-000943,var-short-navy-s,2026-05-28,sale,-1,item-000943
mov-sale-item-000944,var-legging-navy-l,2026-05-28,sale,-2,item-000944
mov-sale-item-000981,var-short-black-m,2026-05-28,sale,-1,item-000981
mov-sale-item-001034,var-sock-black-m,2026-05-28,sale,-3,item-001034
mov-sale-item-001035,var-sock-ivory-s,2026-05-28,sale,-3,item-001035
mov-sale-item-001036,var-sock-sage-l,2026-05-28,sale,-3,item-001036
mov-sale-item-001562,var-legging-black-m,2026-05-28,sale,-2,item-001562
mov-sale-item-001563,var-top-sand-s,2026-05-28,sale,-3,item-001563
mov-sale-item-001564,var-legging-olive-l,2026-05-28,sale,-1,item-001564
mov-sale-item-000417,var-sock-sage-m,2026-05-29,sale,-3,item-000417
mov-sale-item-000418,var-short-navy-s,2026-05-29,sale,-2,item-000418
mov-sale-item-000573,var-sock-sage-l,2026-05-29,sale,-2,item-000573
mov-sale-item-000574,var-sock-black-m,2026-05-29,sale,-1,item-000574
mov-sale-item-000734,var-sock-sage-s,2026-05-29,sale,-2,item-000734
mov-sale-item-000735,var-sock-coral-m,2026-05-29,sale,-3,item-000735
mov-sale-item-000855,var-sock-sage-s,2026-05-29,sale,-3,item-000855
mov-sale-item-000937,var-sock-ivory-s,2026-05-29,sale,-1,item-000937
mov-sale-item-000987,var-sock-lilac-s,2026-05-29,sale,-1,item-000987
mov-sale-item-000988,var-top-black-s,2026-05-29,sale,-2,item-000988
mov-sale-item-000996,var-sock-lilac-s,2026-05-29,sale,-1,item-000996
mov-sale-item-000997,var-sock-lilac-m,2026-05-29,sale,-2,item-000997
mov-sale-item-001256,var-top-sand-s,2026-05-29,sale,-2,item-001256
mov-sale-item-001257,var-sock-rose-s,2026-05-29,sale,-1,item-001257
mov-sale-item-001364,var-sock-lilac-l,2026-05-29,sale,-3,item-001364
mov-sale-item-001390,var-short-black-m,2026-05-29,sale,-2,item-001390
mov-sale-item-001488,var-sock-black-s,2026-05-29,sale,-1,item-001488
mov-sale-item-001489,var-short-navy-m,2026-05-29,sale,-3,item-001489
mov-sale-item-001551,var-sock-rose-m,2026-05-29,sale,-1,item-001551
mov-sale-item-000286,var-sock-coral-l,2026-05-30,sale,-3,item-000286
mov-sale-item-000287,var-sock-coral-m,2026-05-30,sale,-2,item-000287
mov-sale-item-000288,var-short-coral-l,2026-05-30,sale,-2,item-000288
mov-sale-item-000292,var-sock-sage-l,2026-05-30,sale,-1,item-000292
mov-sale-item-000622,var-legging-black-m,2026-05-30,sale,-1,item-000622
mov-sale-item-000623,var-sock-ivory-s,2026-05-30,sale,-2,item-000623
mov-sale-item-000836,var-sock-lilac-m,2026-05-30,sale,-3,item-000836
mov-sale-item-000845,var-top-rose-l,2026-05-30,sale,-3,item-000845
mov-sale-item-001595,var-sock-rose-s,2026-05-31,sale,-2,item-001595
mov-sale-item-001596,var-legging-black-s,2026-05-31,sale,-1,item-001596
mov-sale-item-000202,var-sock-coral-s,2026-06-01,sale,-1,item-000202
mov-sale-item-000203,var-sock-lilac-l,2026-06-01,sale,-3,item-000203
mov-sale-item-000204,var-legging-black-l,2026-06-01,sale,-2,item-000204
mov-sale-item-000518,var-sock-rose-s,2026-06-01,sale,-1,item-000518
mov-return-return-00009,var-legging-black-s,2026-06-02,return,1,return-00009
mov-sale-item-000250,var-top-black-m,2026-06-02,sale,-1,item-000250
mov-sale-item-000251,var-short-coral-m,2026-06-02,sale,-1,item-000251
mov-sale-item-001246,var-legging-navy-m,2026-06-02,sale,-2,item-001246
mov-sale-item-001751,var-legging-black-m,2026-06-02,sale,-3,item-001751
mov-return-return-00035,var-sock-ivory-s,2026-06-03,return,1,return-00035
mov-sale-item-000144,var-sock-coral-l,2026-06-03,sale,-3,item-000144
mov-sale-item-000953,var-short-black-m,2026-06-04,sale,-2,item-000953
mov-sale-item-000954,var-legging-navy-l,2026-06-04,sale,-3,item-000954
mov-sale-item-001013,var-sock-rose-s,2026-06-04,sale,-2,item-001013
mov-sale-item-001014,var-legging-black-s,2026-06-04,sale,-1,item-001014
mov-sale-item-001436,var-sock-coral-l,2026-06-04,sale,-3,item-001436
mov-sale-item-001070,var-sock-black-l,2026-06-05,sale,-1,item-001070
mov-sale-item-001071,var-sock-rose-m,2026-06-05,sale,-3,item-001071
mov-sale-item-001335,var-top-black-m,2026-06-05,sale,-2,item-001335
mov-sale-item-001631,var-legging-navy-m,2026-06-05,sale,-2,item-001631
mov-sale-item-000225,var-sock-ivory-m,2026-06-06,sale,-3,item-000225
mov-return-return-00053,var-sock-rose-m,2026-06-07,return,1,return-00053
mov-sale-item-000345,var-top-rose-s,2026-06-07,sale,-1,item-000345
mov-sale-item-000346,var-sock-rose-m,2026-06-07,sale,-2,item-000346
mov-sale-item-000746,var-sock-sage-s,2026-06-07,sale,-3,item-000746
mov-sale-item-000747,var-sock-rose-s,2026-06-07,sale,-2,item-000747
mov-sale-item-000903,var-top-rose-m,2026-06-07,sale,-2,item-000903
mov-sale-item-000904,var-sock-ivory-s,2026-06-07,sale,-2,item-000904
mov-sale-item-000905,var-sock-ivory-m,2026-06-07,sale,-1,item-000905
mov-sale-item-000963,var-legging-navy-m,2026-06-07,sale,-3,item-000963
mov-sale-item-001738,var-sock-coral-s,2026-06-07,sale,-1,item-001738
mov-sale-item-001739,var-short-coral-l,2026-06-07,sale,-3,item-001739
mov-sale-item-001740,var-short-navy-l,2026-06-07,sale,-1,item-001740
mov-sale-item-000018,var-sock-rose-s,2026-06-08,sale,-2,item-000018
mov-sale-item-000083,var-sock-coral-s,2026-06-08,sale,-1,item-000083
mov-sale-item-000219,var-sock-coral-s,2026-06-08,sale,-2,item-000219
mov-sale-item-000220,var-top-sand-m,2026-06-08,sale,-1,item-000220
mov-sale-item-000270,var-top-sand-l,2026-06-08,sale,-3,item-000270
mov-sale-item-000838,var-legging-navy-s,2026-06-08,sale,-2,item-000838
mov-sale-item-001138,var-legging-olive-s,2026-06-08,sale,-2,item-001138
mov-sale-item-001139,var-sock-ivory-m,2026-06-08,sale,-2,item-001139
mov-sale-item-001544,var-sock-sage-m,2026-06-08,sale,-1,item-001544
mov-sale-item-001692,var-top-sand-l,2026-06-08,sale,-1,item-001692
mov-sale-item-001693,var-top-rose-l,2026-06-08,sale,-2,item-001693
mov-sale-item-000262,var-sock-ivory-s,2026-06-09,sale,-3,item-000262
mov-sale-item-000263,var-legging-black-l,2026-06-09,sale,-3,item-000263
mov-sale-item-000515,var-sock-black-m,2026-06-09,sale,-1,item-000515
mov-sale-item-000564,var-sock-sage-m,2026-06-09,sale,-2,item-000564
mov-sale-item-000767,var-legging-black-m,2026-06-09,sale,-2,item-000767
mov-sale-item-000922,var-short-coral-m,2026-06-09,sale,-3,item-000922
mov-sale-item-001039,var-sock-sage-s,2026-06-09,sale,-3,item-001039
mov-sale-item-001225,var-legging-navy-l,2026-06-09,sale,-1,item-001225
mov-sale-item-001226,var-legging-navy-s,2026-06-09,sale,-1,item-001226
mov-sale-item-001254,var-sock-coral-m,2026-06-09,sale,-1,item-001254
mov-sale-item-001255,var-top-rose-s,2026-06-09,sale,-1,item-001255
mov-sale-item-001724,var-short-coral-l,2026-06-09,sale,-2,item-001724
mov-sale-item-000201,var-short-coral-m,2026-06-10,sale,-3,item-000201
mov-sale-item-000497,var-sock-sage-s,2026-06-10,sale,-2,item-000497
mov-sale-item-000585,var-sock-black-l,2026-06-10,sale,-1,item-000585
mov-sale-item-000586,var-sock-black-s,2026-06-10,sale,-1,item-000586
mov-sale-item-001025,var-top-rose-l,2026-06-10,sale,-3,item-001025
mov-sale-item-001026,var-top-black-s,2026-06-10,sale,-3,item-001026
mov-sale-item-001302,var-sock-lilac-m,2026-06-10,sale,-2,item-001302
mov-sale-item-001425,var-sock-coral-s,2026-06-10,sale,-3,item-001425
mov-sale-item-001426,var-top-rose-s,2026-06-10,sale,-1,item-001426
mov-sale-item-000387,var-sock-ivory-s,2026-06-11,sale,-3,item-000387
mov-sale-item-000388,var-sock-coral-m,2026-06-11,sale,-1,item-000388
mov-sale-item-000389,var-legging-olive-m,2026-06-11,sale,-1,item-000389
mov-sale-item-000986,var-short-navy-l,2026-06-11,sale,-2,item-000986
mov-return-return-00049,var-sock-coral-l,2026-06-12,return,1,return-00049
mov-sale-item-000572,var-sock-sage-l,2026-06-12,sale,-1,item-000572
mov-sale-item-000336,var-sock-black-l,2026-06-13,sale,-3,item-000336
mov-sale-item-000337,var-legging-navy-l,2026-06-13,sale,-2,item-000337
mov-sale-item-000338,var-sock-rose-l,2026-06-13,sale,-3,item-000338
mov-sale-item-000980,var-top-rose-m,2026-06-13,sale,-1,item-000980
mov-sale-item-001548,var-sock-coral-l,2026-06-13,sale,-3,item-001548
mov-sale-item-001549,var-sock-lilac-m,2026-06-13,sale,-3,item-001549
mov-sale-item-001732,var-sock-sage-l,2026-06-13,sale,-3,item-001732
mov-sale-item-001733,var-sock-rose-s,2026-06-13,sale,-1,item-001733
mov-sale-item-000207,var-sock-coral-m,2026-06-14,sale,-2,item-000207
mov-sale-item-000616,var-sock-ivory-s,2026-06-14,sale,-2,item-000616
mov-sale-item-000617,var-legging-navy-l,2026-06-14,sale,-3,item-000617
mov-sale-item-001456,var-top-rose-l,2026-06-14,sale,-1,item-001456
mov-sale-item-001457,var-sock-ivory-s,2026-06-14,sale,-3,item-001457
mov-sale-item-001458,var-top-sand-s,2026-06-14,sale,-2,item-001458
mov-sale-item-001741,var-sock-ivory-s,2026-06-14,sale,-1,item-001741
mov-sale-item-000029,var-sock-rose-l,2026-06-15,sale,-2,item-000029
mov-sale-item-000030,var-sock-ivory-m,2026-06-15,sale,-1,item-000030
mov-sale-item-000896,var-sock-black-m,2026-06-15,sale,-1,item-000896
mov-sale-item-000664,var-sock-ivory-s,2026-06-16,sale,-2,item-000664
mov-sale-item-000665,var-sock-lilac-s,2026-06-16,sale,-3,item-000665
mov-sale-item-000778,var-short-coral-s,2026-06-16,sale,-1,item-000778
mov-sale-item-000779,var-sock-sage-s,2026-06-16,sale,-3,item-000779
mov-sale-item-000780,var-sock-black-s,2026-06-16,sale,-2,item-000780
mov-sale-item-001158,var-sock-sage-m,2026-06-16,sale,-2,item-001158
mov-sale-item-001421,var-sock-sage-s,2026-06-16,sale,-3,item-001421
mov-sale-item-001422,var-sock-coral-s,2026-06-16,sale,-3,item-001422
mov-sale-item-000451,var-short-navy-s,2026-06-17,sale,-1,item-000451
mov-sale-item-000452,var-sock-ivory-s,2026-06-17,sale,-2,item-000452
mov-sale-item-000527,var-sock-sage-l,2026-06-17,sale,-3,item-000527
mov-sale-item-000528,var-sock-lilac-m,2026-06-17,sale,-3,item-000528
mov-sale-item-000886,var-legging-olive-m,2026-06-17,sale,-1,item-000886
mov-sale-item-000887,var-sock-rose-m,2026-06-17,sale,-2,item-000887
mov-sale-item-001645,var-sock-ivory-s,2026-06-17,sale,-2,item-001645
mov-sale-item-001646,var-top-black-m,2026-06-17,sale,-3,item-001646
mov-return-return-00039,var-sock-ivory-m,2026-06-18,return,1,return-00039
mov-sale-item-000669,var-sock-ivory-s,2026-06-18,sale,-3,item-000669
mov-sale-item-000226,var-short-navy-l,2026-06-19,sale,-2,item-000226
mov-sale-item-000227,var-sock-coral-m,2026-06-19,sale,-3,item-000227
mov-sale-item-000318,var-sock-black-s,2026-06-19,sale,-2,item-000318
mov-sale-item-001000,var-top-rose-s,2026-06-19,sale,-1,item-001000
mov-sale-item-001001,var-top-black-l,2026-06-19,sale,-2,item-001001
mov-sale-item-000339,var-top-black-l,2026-06-20,sale,-2,item-000339
mov-sale-item-000584,var-short-navy-l,2026-06-20,sale,-1,item-000584
mov-sale-item-000707,var-sock-lilac-s,2026-06-20,sale,-2,item-000707
mov-sale-item-000801,var-top-sand-l,2026-06-20,sale,-3,item-000801
mov-sale-item-000802,var-sock-black-l,2026-06-20,sale,-3,item-000802
mov-sale-item-001106,var-sock-coral-s,2026-06-20,sale,-3,item-001106
mov-sale-item-001107,var-sock-lilac-s,2026-06-20,sale,-3,item-001107
mov-sale-item-001339,var-sock-lilac-l,2026-06-20,sale,-2,item-001339
mov-sale-item-001340,var-short-navy-s,2026-06-20,sale,-2,item-001340
mov-sale-item-001412,var-top-rose-m,2026-06-20,sale,-1,item-001412
mov-sale-item-001508,var-legging-olive-l,2026-06-20,sale,-3,item-001508
mov-sale-item-001509,var-top-sand-l,2026-06-20,sale,-1,item-001509
mov-sale-item-000281,var-sock-rose-m,2026-06-21,sale,-2,item-000281
mov-sale-item-000492,var-top-rose-m,2026-06-21,sale,-3,item-000492
mov-sale-item-000493,var-sock-ivory-s,2026-06-21,sale,-2,item-000493
mov-sale-item-000765,var-top-black-m,2026-06-21,sale,-2,item-000765
mov-sale-item-000766,var-top-black-s,2026-06-21,sale,-2,item-000766
mov-sale-item-001075,var-short-navy-m,2026-06-21,sale,-1,item-001075
mov-sale-item-001076,var-sock-lilac-m,2026-06-21,sale,-1,item-001076
mov-sale-item-001210,var-sock-ivory-s,2026-06-21,sale,-1,item-001210
mov-sale-item-001288,var-top-black-m,2026-06-22,sale,-1,item-001288
mov-sale-item-001691,var-sock-coral-m,2026-06-22,sale,-1,item-001691
mov-return-return-00033,var-top-rose-m,2026-06-23,return,1,return-00033
mov-sale-item-000141,var-sock-sage-s,2026-06-23,sale,-3,item-000141
mov-sale-item-000142,var-sock-black-l,2026-06-23,sale,-1,item-000142
mov-sale-item-000968,var-top-rose-s,2026-06-23,sale,-1,item-000968
mov-sale-item-001265,var-sock-sage-m,2026-06-23,sale,-2,item-001265
mov-sale-item-000560,var-legging-black-m,2026-06-24,sale,-3,item-000560
mov-sale-item-000561,var-sock-sage-s,2026-06-24,sale,-3,item-000561
mov-sale-item-000686,var-legging-black-l,2026-06-24,sale,-1,item-000686
mov-sale-item-000687,var-sock-sage-l,2026-06-24,sale,-1,item-000687
mov-sale-item-000837,var-top-sand-m,2026-06-24,sale,-1,item-000837
mov-sale-item-000918,var-legging-olive-l,2026-06-24,sale,-1,item-000918
mov-sale-item-000936,var-sock-ivory-s,2026-06-24,sale,-2,item-000936
mov-sale-item-001428,var-sock-coral-s,2026-06-24,sale,-2,item-001428
mov-sale-item-000189,var-sock-ivory-l,2026-06-25,sale,-2,item-000189
mov-sale-item-000323,var-sock-lilac-m,2026-06-25,sale,-3,item-000323
mov-sale-item-000343,var-sock-coral-s,2026-06-25,sale,-2,item-000343
mov-sale-item-000379,var-sock-coral-m,2026-06-25,sale,-1,item-000379
mov-sale-item-000380,var-sock-sage-m,2026-06-25,sale,-2,item-000380
mov-sale-item-000444,var-sock-rose-l,2026-06-25,sale,-3,item-000444
mov-sale-item-000612,var-short-black-m,2026-06-25,sale,-1,item-000612
mov-sale-item-000635,var-sock-coral-l,2026-06-25,sale,-1,item-000635
mov-sale-item-000916,var-short-black-s,2026-06-25,sale,-1,item-000916
mov-sale-item-000917,var-sock-sage-s,2026-06-25,sale,-1,item-000917
mov-sale-item-001170,var-legging-navy-s,2026-06-25,sale,-2,item-001170
mov-sale-item-001171,var-sock-lilac-m,2026-06-25,sale,-2,item-001171
mov-sale-item-001172,var-top-black-l,2026-06-25,sale,-3,item-001172
mov-sale-item-001369,var-sock-sage-m,2026-06-25,sale,-2,item-001369
mov-sale-item-001431,var-legging-olive-s,2026-06-25,sale,-2,item-001431
mov-sale-item-001432,var-short-black-l,2026-06-25,sale,-3,item-001432
mov-sale-item-001433,var-top-rose-m,2026-06-25,sale,-1,item-001433
mov-sale-item-001558,var-sock-sage-m,2026-06-25,sale,-2,item-001558
mov-sale-item-000637,var-sock-sage-s,2026-06-26,sale,-1,item-000637
mov-sale-item-000638,var-legging-navy-m,2026-06-26,sale,-2,item-000638
mov-sale-item-000852,var-top-black-s,2026-06-26,sale,-1,item-000852
mov-sale-item-000853,var-legging-olive-m,2026-06-26,sale,-3,item-000853
mov-sale-item-000854,var-sock-sage-m,2026-06-26,sale,-3,item-000854
mov-sale-item-000068,var-sock-ivory-l,2026-06-27,sale,-2,item-000068
mov-sale-item-000576,var-sock-rose-m,2026-06-27,sale,-3,item-000576
mov-sale-item-000021,var-legging-olive-m,2026-06-28,sale,-3,item-000021
mov-sale-item-000022,var-legging-navy-m,2026-06-28,sale,-1,item-000022
mov-sale-item-000591,var-sock-black-s,2026-06-28,sale,-2,item-000591
mov-sale-item-001473,var-sock-coral-s,2026-06-28,sale,-3,item-001473
mov-sale-item-001474,var-top-rose-l,2026-06-28,sale,-1,item-001474
mov-sale-item-001569,var-sock-sage-l,2026-06-28,sale,-2,item-001569
mov-sale-item-001570,var-top-black-m,2026-06-28,sale,-1,item-001570
mov-sale-item-001600,var-short-coral-m,2026-06-28,sale,-3,item-001600
mov-sale-item-000045,var-legging-black-s,2026-06-29,sale,-2,item-000045
mov-sale-item-000046,var-sock-sage-l,2026-06-29,sale,-3,item-000046
mov-sale-item-000495,var-sock-black-l,2026-06-29,sale,-1,item-000495
mov-sale-item-000496,var-legging-navy-m,2026-06-29,sale,-1,item-000496
mov-sale-item-000947,var-legging-navy-l,2026-06-29,sale,-3,item-000947
mov-sale-item-001236,var-sock-rose-l,2026-06-29,sale,-1,item-001236
mov-sale-item-001237,var-sock-black-s,2026-06-29,sale,-1,item-001237
mov-sale-item-001501,var-short-navy-s,2026-06-29,sale,-1,item-001501
mov-sale-item-001554,var-legging-olive-l,2026-06-29,sale,-3,item-001554
mov-sale-item-001555,var-sock-lilac-l,2026-06-29,sale,-2,item-001555
mov-sale-item-001721,var-top-black-m,2026-06-29,sale,-3,item-001721
mov-sale-item-001786,var-legging-navy-l,2026-06-29,sale,-2,item-001786
mov-sale-item-000028,var-short-navy-l,2026-06-30,sale,-3,item-000028
mov-sale-item-000313,var-sock-coral-l,2026-06-30,sale,-1,item-000313
mov-sale-item-000314,var-top-sand-s,2026-06-30,sale,-1,item-000314
mov-sale-item-000414,var-sock-coral-m,2026-06-30,sale,-1,item-000414
mov-sale-item-000415,var-short-navy-m,2026-06-30,sale,-1,item-000415
mov-sale-item-000416,var-top-black-l,2026-06-30,sale,-2,item-000416
mov-sale-item-000437,var-top-rose-s,2026-06-30,sale,-3,item-000437
mov-sale-item-000438,var-legging-navy-l,2026-06-30,sale,-3,item-000438
mov-sale-item-000439,var-sock-ivory-s,2026-06-30,sale,-2,item-000439
mov-sale-item-000673,var-sock-black-m,2026-06-30,sale,-2,item-000673
mov-sale-item-001521,var-sock-black-m,2026-06-30,sale,-3,item-001521
mov-sale-item-000087,var-top-sand-l,2026-07-01,sale,-1,item-000087
mov-sale-item-000127,var-sock-lilac-l,2026-07-01,sale,-2,item-000127
mov-sale-item-000128,var-sock-lilac-m,2026-07-01,sale,-2,item-000128
mov-sale-item-000129,var-sock-ivory-m,2026-07-01,sale,-3,item-000129
mov-sale-item-000334,var-sock-ivory-l,2026-07-01,sale,-1,item-000334
mov-sale-item-000335,var-sock-black-s,2026-07-01,sale,-3,item-000335
mov-sale-item-000441,var-sock-coral-s,2026-07-01,sale,-1,item-000441
mov-sale-item-000442,var-sock-sage-s,2026-07-01,sale,-1,item-000442
mov-sale-item-000789,var-top-rose-l,2026-07-01,sale,-1,item-000789
mov-sale-item-000897,var-legging-olive-m,2026-07-01,sale,-3,item-000897
mov-sale-item-001196,var-short-coral-m,2026-07-01,sale,-1,item-001196
mov-sale-item-001197,var-legging-black-s,2026-07-01,sale,-1,item-001197
mov-sale-item-001198,var-sock-lilac-s,2026-07-01,sale,-2,item-001198
mov-sale-item-001202,var-sock-sage-l,2026-07-01,sale,-1,item-001202
mov-sale-item-001240,var-top-sand-s,2026-07-01,sale,-1,item-001240
mov-sale-item-001241,var-short-navy-m,2026-07-01,sale,-3,item-001241
mov-sale-item-001263,var-short-navy-s,2026-07-01,sale,-2,item-001263
mov-sale-item-001264,var-short-navy-l,2026-07-01,sale,-2,item-001264
mov-sale-item-001539,var-top-rose-l,2026-07-01,sale,-3,item-001539
mov-sale-item-001540,var-sock-black-s,2026-07-01,sale,-2,item-001540
mov-sale-item-000349,var-top-sand-l,2026-07-02,sale,-2,item-000349
mov-sale-item-000350,var-sock-rose-m,2026-07-02,sale,-1,item-000350
mov-sale-item-000677,var-short-navy-m,2026-07-02,sale,-2,item-000677
mov-sale-item-001512,var-sock-sage-l,2026-07-02,sale,-3,item-001512
mov-sale-item-001513,var-top-black-l,2026-07-02,sale,-1,item-001513
mov-sale-item-001514,var-sock-coral-m,2026-07-02,sale,-1,item-001514
mov-sale-item-000230,var-sock-rose-m,2026-07-03,sale,-3,item-000230
mov-sale-item-000231,var-sock-coral-m,2026-07-03,sale,-3,item-000231
mov-sale-item-000232,var-top-sand-s,2026-07-03,sale,-1,item-000232
mov-sale-item-000588,var-sock-black-s,2026-07-03,sale,-3,item-000588
mov-sale-item-000593,var-top-rose-s,2026-07-03,sale,-1,item-000593
mov-sale-item-000594,var-sock-rose-l,2026-07-03,sale,-2,item-000594
mov-sale-item-001137,var-top-sand-m,2026-07-03,sale,-2,item-001137
mov-sale-item-001495,var-sock-lilac-l,2026-07-03,sale,-3,item-001495
mov-sale-item-001496,var-legging-black-s,2026-07-03,sale,-2,item-001496
mov-return-return-00013,var-sock-sage-m,2026-07-04,return,1,return-00013
mov-sale-item-000762,var-sock-ivory-s,2026-07-04,sale,-3,item-000762
mov-sale-item-000839,var-sock-sage-l,2026-07-04,sale,-2,item-000839
mov-sale-item-000840,var-legging-black-s,2026-07-04,sale,-2,item-000840
mov-sale-item-000606,var-top-rose-l,2026-07-05,sale,-3,item-000606
mov-return-return-00029,var-top-black-s,2026-07-06,return,1,return-00029
mov-sale-item-000039,var-short-navy-s,2026-07-06,sale,-1,item-000039
mov-sale-item-000188,var-sock-sage-m,2026-07-06,sale,-2,item-000188
mov-sale-item-000969,var-sock-sage-s,2026-07-06,sale,-1,item-000969
mov-sale-item-000970,var-short-navy-l,2026-07-06,sale,-2,item-000970
mov-return-return-00041,var-sock-sage-l,2026-07-07,return,1,return-00041
mov-sale-item-000152,var-legging-navy-m,2026-07-07,sale,-2,item-000152
mov-sale-item-000395,var-sock-coral-s,2026-07-07,sale,-1,item-000395
mov-sale-item-000396,var-sock-rose-m,2026-07-07,sale,-1,item-000396
mov-sale-item-000696,var-sock-coral-s,2026-07-07,sale,-2,item-000696
mov-sale-item-001252,var-short-navy-l,2026-07-07,sale,-3,item-001252
mov-sale-item-001253,var-top-black-s,2026-07-07,sale,-2,item-001253
mov-sale-item-001491,var-sock-coral-l,2026-07-07,sale,-1,item-001491
mov-sale-item-001761,var-top-rose-m,2026-07-07,sale,-1,item-001761
mov-return-return-00011,var-top-sand-s,2026-07-08,return,1,return-00011
mov-return-return-00015,var-sock-coral-s,2026-07-08,return,1,return-00015
mov-sale-item-000526,var-legging-navy-m,2026-07-08,sale,-3,item-000526
mov-sale-item-000675,var-sock-ivory-m,2026-07-08,sale,-1,item-000675
mov-sale-item-000676,var-legging-olive-m,2026-07-08,sale,-1,item-000676
mov-sale-item-000777,var-short-navy-s,2026-07-08,sale,-2,item-000777
mov-sale-item-000169,var-sock-lilac-l,2026-07-09,sale,-2,item-000169
mov-sale-item-000659,var-top-rose-l,2026-07-09,sale,-1,item-000659
mov-sale-item-000660,var-sock-sage-s,2026-07-09,sale,-2,item-000660
mov-sale-item-000794,var-sock-ivory-s,2026-07-09,sale,-3,item-000794
mov-sale-item-000876,var-top-black-l,2026-07-09,sale,-3,item-000876
mov-sale-item-001124,var-sock-lilac-l,2026-07-09,sale,-3,item-001124
mov-sale-item-001125,var-sock-ivory-s,2026-07-09,sale,-3,item-001125
mov-sale-item-001167,var-legging-navy-m,2026-07-09,sale,-3,item-001167
mov-sale-item-001427,var-sock-ivory-m,2026-07-09,sale,-1,item-001427
mov-return-return-00005,var-sock-lilac-l,2026-07-10,return,1,return-00005
mov-sale-item-000298,var-legging-olive-l,2026-07-10,sale,-2,item-000298
mov-sale-item-000299,var-sock-sage-l,2026-07-10,sale,-2,item-000299
mov-sale-item-000306,var-short-navy-m,2026-07-10,sale,-3,item-000306
mov-sale-item-000307,var-sock-sage-l,2026-07-10,sale,-1,item-000307
mov-sale-item-000514,var-short-black-m,2026-07-10,sale,-3,item-000514
mov-sale-item-001065,var-sock-ivory-l,2026-07-10,sale,-3,item-001065
mov-sale-item-001348,var-short-navy-m,2026-07-10,sale,-2,item-001348
mov-sale-item-001349,var-sock-rose-s,2026-07-10,sale,-1,item-001349
mov-sale-item-001572,var-sock-sage-m,2026-07-10,sale,-1,item-001572
mov-sale-item-001573,var-short-black-m,2026-07-10,sale,-2,item-001573
mov-sale-item-000049,var-sock-coral-s,2026-07-11,sale,-1,item-000049
mov-sale-item-000069,var-legging-olive-l,2026-07-11,sale,-3,item-000069
mov-sale-item-000711,var-sock-black-m,2026-07-11,sale,-1,item-000711
mov-sale-item-000942,var-top-rose-l,2026-07-11,sale,-1,item-000942
mov-sale-item-001043,var-short-black-s,2026-07-11,sale,-3,item-001043
mov-sale-item-001285,var-top-sand-l,2026-07-11,sale,-3,item-001285
mov-sale-item-000146,var-sock-sage-m,2026-07-12,sale,-1,item-000146
mov-sale-item-000147,var-short-navy-l,2026-07-12,sale,-3,item-000147
mov-sale-item-000382,var-short-coral-l,2026-07-12,sale,-1,item-000382
mov-sale-item-000383,var-short-coral-m,2026-07-12,sale,-1,item-000383
mov-sale-item-000781,var-sock-sage-s,2026-07-13,sale,-3,item-000781
mov-sale-item-000782,var-sock-coral-s,2026-07-13,sale,-3,item-000782
mov-sale-item-000804,var-sock-lilac-s,2026-07-13,sale,-3,item-000804
mov-sale-item-000805,var-top-rose-l,2026-07-13,sale,-1,item-000805
mov-sale-item-000806,var-short-navy-l,2026-07-13,sale,-2,item-000806
mov-sale-item-000818,var-top-black-m,2026-07-13,sale,-1,item-000818
mov-sale-item-001725,var-sock-lilac-m,2026-07-13,sale,-1,item-001725
mov-sale-item-001726,var-sock-sage-m,2026-07-13,sale,-3,item-001726
mov-sale-item-000926,var-legging-olive-l,2026-07-14,sale,-3,item-000926
mov-sale-item-001203,var-top-black-m,2026-07-14,sale,-2,item-001203
mov-sale-item-001411,var-sock-coral-s,2026-07-14,sale,-1,item-001411
mov-sale-item-001419,var-short-coral-m,2026-07-14,sale,-3,item-001419
mov-sale-item-001420,var-sock-rose-m,2026-07-14,sale,-3,item-001420
mov-sale-item-000015,var-top-rose-l,2026-07-15,sale,-3,item-000015
mov-sale-item-000016,var-short-coral-s,2026-07-15,sale,-1,item-000016
mov-sale-item-000880,var-short-navy-l,2026-07-15,sale,-3,item-000880
mov-sale-item-000899,var-sock-ivory-s,2026-07-15,sale,-3,item-000899
mov-sale-item-000900,var-legging-black-l,2026-07-15,sale,-2,item-000900
mov-sale-item-000998,var-sock-coral-m,2026-07-15,sale,-3,item-000998
mov-sale-item-000999,var-short-navy-l,2026-07-15,sale,-2,item-000999
mov-sale-item-001204,var-sock-lilac-l,2026-07-15,sale,-2,item-001204
mov-sale-item-001205,var-short-navy-l,2026-07-15,sale,-1,item-001205
mov-sale-item-001451,var-sock-coral-s,2026-07-15,sale,-1,item-001451
mov-sale-item-001676,var-legging-navy-m,2026-07-15,sale,-1,item-001676
mov-sale-item-001677,var-sock-ivory-s,2026-07-15,sale,-2,item-001677
mov-sale-item-000476,var-sock-ivory-s,2026-07-16,sale,-3,item-000476
mov-sale-item-000516,var-sock-lilac-l,2026-07-16,sale,-1,item-000516
mov-sale-item-000670,var-sock-lilac-s,2026-07-16,sale,-3,item-000670
mov-sale-item-000671,var-sock-lilac-l,2026-07-16,sale,-2,item-000671
mov-sale-item-001798,var-top-black-l,2026-07-16,sale,-2,item-001798
mov-sale-item-000525,var-sock-coral-l,2026-07-17,sale,-2,item-000525
mov-sale-item-000592,var-sock-coral-l,2026-07-17,sale,-2,item-000592
mov-sale-item-001385,var-legging-olive-s,2026-07-17,sale,-2,item-001385
mov-sale-item-001423,var-sock-lilac-l,2026-07-17,sale,-1,item-001423
mov-sale-item-001424,var-top-sand-m,2026-07-17,sale,-2,item-001424
mov-sale-item-001447,var-legging-navy-m,2026-07-17,sale,-2,item-001447
mov-sale-item-001448,var-sock-coral-m,2026-07-17,sale,-2,item-001448
mov-sale-item-001773,var-short-navy-m,2026-07-17,sale,-2,item-001773
mov-sale-item-000191,var-top-sand-m,2026-07-18,sale,-1,item-000191
mov-sale-item-000192,var-sock-black-m,2026-07-18,sale,-3,item-000192
mov-sale-item-000522,var-sock-ivory-m,2026-07-18,sale,-1,item-000522
mov-sale-item-000658,var-sock-sage-s,2026-07-18,sale,-3,item-000658
mov-sale-item-001059,var-sock-sage-s,2026-07-18,sale,-1,item-001059
mov-sale-item-001358,var-sock-ivory-l,2026-07-18,sale,-3,item-001358
mov-sale-item-001469,var-sock-black-s,2026-07-18,sale,-1,item-001469
mov-sale-item-001683,var-sock-coral-m,2026-07-18,sale,-2,item-001683
mov-sale-item-001684,var-top-black-l,2026-07-18,sale,-3,item-001684
mov-sale-item-000425,var-legging-black-l,2026-07-19,sale,-2,item-000425
mov-sale-item-000487,var-sock-ivory-m,2026-07-19,sale,-1,item-000487
mov-sale-item-000488,var-legging-navy-l,2026-07-19,sale,-1,item-000488
mov-sale-item-000871,var-top-black-s,2026-07-19,sale,-3,item-000871
mov-sale-item-000872,var-short-black-m,2026-07-19,sale,-2,item-000872
mov-sale-item-001243,var-sock-sage-l,2026-07-19,sale,-2,item-001243
mov-sale-item-000352,var-top-black-s,2026-07-20,sale,-3,item-000352
mov-sale-item-000353,var-short-coral-s,2026-07-20,sale,-1,item-000353
mov-sale-item-000661,var-top-black-l,2026-07-20,sale,-3,item-000661
mov-sale-item-001466,var-sock-ivory-l,2026-07-20,sale,-1,item-001466
mov-sale-item-001467,var-sock-coral-s,2026-07-20,sale,-2,item-001467
mov-sale-item-001528,var-sock-black-m,2026-07-20,sale,-2,item-001528
mov-sale-item-000024,var-legging-navy-s,2026-07-21,sale,-2,item-000024
mov-sale-item-000422,var-sock-rose-s,2026-07-21,sale,-2,item-000422
mov-sale-item-000569,var-top-rose-s,2026-07-21,sale,-3,item-000569
mov-sale-item-001276,var-sock-ivory-s,2026-07-21,sale,-1,item-001276
mov-sale-item-001277,var-legging-black-m,2026-07-21,sale,-3,item-001277
mov-sale-item-001323,var-sock-ivory-l,2026-07-21,sale,-2,item-001323
mov-sale-item-001778,var-top-sand-s,2026-07-22,sale,-3,item-001778
mov-sale-item-000975,var-top-black-m,2026-07-23,sale,-3,item-000975
mov-sale-item-001142,var-top-rose-l,2026-07-23,sale,-1,item-001142
mov-sale-item-001464,var-sock-ivory-l,2026-07-23,sale,-3,item-001464
mov-sale-item-001465,var-sock-coral-m,2026-07-23,sale,-2,item-001465
mov-sale-item-001533,var-sock-ivory-l,2026-07-23,sale,-3,item-001533
mov-sale-item-001654,var-sock-lilac-l,2026-07-23,sale,-1,item-001654
mov-sale-item-001655,var-legging-olive-s,2026-07-23,sale,-3,item-001655
mov-sale-item-000216,var-sock-sage-s,2026-07-24,sale,-2,item-000216
mov-sale-item-000217,var-sock-ivory-l,2026-07-24,sale,-2,item-000217
mov-sale-item-000626,var-sock-sage-s,2026-07-24,sale,-2,item-000626
mov-sale-item-000627,var-sock-ivory-l,2026-07-24,sale,-3,item-000627
mov-sale-item-000628,var-sock-lilac-s,2026-07-24,sale,-1,item-000628
mov-sale-item-000723,var-sock-coral-l,2026-07-24,sale,-1,item-000723
mov-sale-item-000724,var-sock-sage-l,2026-07-24,sale,-1,item-000724
mov-sale-item-000827,var-top-rose-l,2026-07-24,sale,-1,item-000827
mov-sale-item-000828,var-sock-coral-m,2026-07-24,sale,-1,item-000828
mov-sale-item-000143,var-top-black-s,2026-07-25,sale,-2,item-000143
mov-sale-item-000284,var-top-black-m,2026-07-25,sale,-2,item-000284
mov-sale-item-000558,var-short-coral-l,2026-07-25,sale,-2,item-000558
mov-sale-item-000559,var-top-rose-m,2026-07-25,sale,-1,item-000559
mov-sale-item-000466,var-legging-olive-l,2026-07-26,sale,-2,item-000466
mov-sale-item-001152,var-short-coral-m,2026-07-26,sale,-1,item-001152
mov-sale-item-001380,var-sock-black-l,2026-07-26,sale,-1,item-001380
mov-sale-item-001381,var-sock-sage-m,2026-07-26,sale,-3,item-001381
mov-sale-item-001382,var-legging-navy-l,2026-07-26,sale,-2,item-001382
mov-sale-item-000036,var-sock-lilac-l,2026-07-28,sale,-1,item-000036
mov-sale-item-000037,var-sock-rose-s,2026-07-28,sale,-2,item-000037
mov-sale-item-001392,var-sock-black-s,2026-07-28,sale,-1,item-001392
mov-sale-item-001780,var-top-sand-l,2026-07-28,sale,-3,item-001780
mov-sale-item-001781,var-sock-lilac-s,2026-07-28,sale,-3,item-001781
mov-return-return-00019,var-top-rose-s,2026-07-30,return,1,return-00019
mov-sale-item-001194,var-top-black-s,2026-07-30,sale,-3,item-001194
mov-sale-item-001195,var-top-sand-l,2026-07-30,sale,-1,item-001195
mov-sale-item-001674,var-legging-black-m,2026-07-30,sale,-2,item-001674
mov-sale-item-000094,var-legging-olive-m,2026-07-31,sale,-2,item-000094
mov-sale-item-000370,var-sock-lilac-m,2026-07-31,sale,-3,item-000370
mov-sale-item-000726,var-sock-lilac-l,2026-07-31,sale,-3,item-000726
mov-sale-item-000580,var-sock-ivory-l,2026-08-01,sale,-1,item-000580
mov-sale-item-000581,var-sock-ivory-m,2026-08-01,sale,-1,item-000581
mov-sale-item-000582,var-top-rose-m,2026-08-01,sale,-2,item-000582
mov-sale-item-000614,var-top-rose-s,2026-08-01,sale,-3,item-000614
mov-sale-item-000615,var-sock-ivory-l,2026-08-01,sale,-2,item-000615
mov-sale-item-000892,var-top-rose-m,2026-08-01,sale,-1,item-000892
mov-sale-item-001766,var-sock-ivory-l,2026-08-01,sale,-1,item-001766
mov-sale-item-001767,var-sock-lilac-m,2026-08-01,sale,-2,item-001767
mov-sale-item-000642,var-short-navy-m,2026-08-02,sale,-2,item-000642
mov-sale-item-000643,var-legging-navy-l,2026-08-02,sale,-1,item-000643
mov-sale-item-000820,var-sock-black-l,2026-08-02,sale,-3,item-000820
mov-sale-item-000821,var-top-sand-m,2026-08-02,sale,-3,item-000821
mov-return-return-00047,var-sock-sage-m,2026-08-03,return,1,return-00047
mov-sale-item-000424,var-top-black-m,2026-08-03,sale,-1,item-000424
mov-sale-item-000091,var-sock-ivory-s,2026-08-04,sale,-2,item-000091
mov-sale-item-000340,var-short-black-s,2026-08-04,sale,-1,item-000340
mov-sale-item-000454,var-top-black-m,2026-08-04,sale,-3,item-000454
mov-sale-item-000455,var-legging-olive-l,2026-08-04,sale,-2,item-000455
mov-sale-item-001506,var-short-black-m,2026-08-04,sale,-1,item-001506
mov-sale-item-001536,var-sock-lilac-l,2026-08-04,sale,-1,item-001536
mov-sale-item-001537,var-sock-rose-l,2026-08-04,sale,-3,item-001537
mov-sale-item-001538,var-short-coral-s,2026-08-04,sale,-2,item-001538
mov-sale-item-001409,var-sock-coral-s,2026-08-05,sale,-1,item-001409
mov-sale-item-001178,var-sock-rose-s,2026-08-06,sale,-3,item-001178
mov-sale-item-001232,var-top-sand-s,2026-08-06,sale,-2,item-001232
mov-sale-item-001233,var-sock-lilac-m,2026-08-06,sale,-3,item-001233
mov-sale-item-001372,var-sock-ivory-m,2026-08-06,sale,-3,item-001372
mov-sale-item-000223,var-top-black-m,2026-08-07,sale,-3,item-000223
mov-sale-item-000224,var-legging-olive-s,2026-08-07,sale,-3,item-000224
mov-sale-item-000552,var-short-black-m,2026-08-07,sale,-1,item-000552
mov-sale-item-001084,var-top-black-m,2026-08-07,sale,-3,item-001084
mov-sale-item-001095,var-sock-lilac-s,2026-08-07,sale,-1,item-001095
mov-sale-item-000265,var-sock-sage-l,2026-08-08,sale,-3,item-000265
mov-sale-item-000825,var-sock-coral-s,2026-08-08,sale,-2,item-000825
mov-sale-item-000826,var-legging-black-m,2026-08-08,sale,-1,item-000826
mov-sale-item-000090,var-sock-black-l,2026-08-09,sale,-1,item-000090
mov-sale-item-000568,var-short-navy-l,2026-08-09,sale,-3,item-000568
mov-sale-item-000700,var-sock-sage-m,2026-08-09,sale,-2,item-000700
mov-sale-item-000797,var-legging-olive-l,2026-08-09,sale,-2,item-000797
mov-sale-item-000842,var-top-rose-m,2026-08-09,sale,-1,item-000842
mov-sale-item-000843,var-short-coral-m,2026-08-09,sale,-3,item-000843
mov-sale-item-001052,var-sock-coral-m,2026-08-09,sale,-2,item-001052
mov-sale-item-001184,var-legging-black-s,2026-08-09,sale,-1,item-001184
mov-sale-item-001244,var-sock-black-l,2026-08-09,sale,-2,item-001244
mov-sale-item-001418,var-legging-navy-s,2026-08-09,sale,-1,item-001418
mov-sale-item-001606,var-legging-black-s,2026-08-09,sale,-2,item-001606
mov-sale-item-000810,var-sock-rose-s,2026-08-10,sale,-1,item-000810
mov-sale-item-001216,var-sock-ivory-l,2026-08-10,sale,-3,item-001216
mov-sale-item-001217,var-short-navy-m,2026-08-10,sale,-3,item-001217
mov-sale-item-001269,var-sock-rose-s,2026-08-10,sale,-1,item-001269
mov-sale-item-001270,var-legging-black-l,2026-08-10,sale,-1,item-001270
mov-sale-item-001510,var-legging-black-m,2026-08-10,sale,-1,item-001510
mov-sale-item-001511,var-sock-coral-m,2026-08-10,sale,-2,item-001511
mov-sale-item-001140,var-sock-coral-s,2026-08-11,sale,-2,item-001140
mov-sale-item-001174,var-sock-ivory-m,2026-08-11,sale,-2,item-001174
mov-sale-item-001175,var-sock-ivory-l,2026-08-11,sale,-1,item-001175
mov-sale-item-001550,var-top-black-s,2026-08-11,sale,-1,item-001550
mov-sale-item-001752,var-short-navy-l,2026-08-11,sale,-1,item-001752
mov-sale-item-001753,var-sock-coral-s,2026-08-11,sale,-2,item-001753
mov-sale-item-001292,var-sock-lilac-s,2026-08-12,sale,-1,item-001292
mov-sale-item-001293,var-top-sand-m,2026-08-12,sale,-2,item-001293
mov-sale-item-000137,var-sock-lilac-s,2026-08-13,sale,-2,item-000137
mov-sale-item-000138,var-sock-sage-s,2026-08-13,sale,-3,item-000138
mov-sale-item-000482,var-sock-rose-s,2026-08-13,sale,-3,item-000482
mov-sale-item-000483,var-sock-sage-m,2026-08-13,sale,-3,item-000483
mov-sale-item-000597,var-legging-black-l,2026-08-13,sale,-1,item-000597
mov-sale-item-000787,var-sock-ivory-l,2026-08-13,sale,-1,item-000787
mov-sale-item-000788,var-legging-black-m,2026-08-13,sale,-3,item-000788
mov-sale-item-000850,var-top-rose-s,2026-08-13,sale,-1,item-000850
mov-sale-item-000851,var-sock-black-s,2026-08-13,sale,-2,item-000851
mov-sale-item-000964,var-sock-sage-m,2026-08-13,sale,-3,item-000964
mov-sale-item-001143,var-top-sand-s,2026-08-13,sale,-3,item-001143
mov-sale-item-001235,var-sock-rose-l,2026-08-13,sale,-1,item-001235
mov-sale-item-000771,var-sock-black-s,2026-08-14,sale,-1,item-000771
mov-sale-item-000772,var-sock-lilac-m,2026-08-14,sale,-1,item-000772
mov-sale-item-001258,var-sock-coral-s,2026-08-14,sale,-2,item-001258
mov-sale-item-000009,var-sock-rose-m,2026-08-15,sale,-2,item-000009
mov-sale-item-000116,var-sock-rose-s,2026-08-15,sale,-1,item-000116
mov-sale-item-000117,var-sock-lilac-l,2026-08-15,sale,-2,item-000117
mov-sale-item-000705,var-sock-rose-l,2026-08-15,sale,-3,item-000705
mov-sale-item-000706,var-sock-rose-m,2026-08-15,sale,-1,item-000706
mov-sale-item-001788,var-sock-coral-s,2026-08-15,sale,-2,item-001788
mov-sale-item-000149,var-sock-sage-l,2026-08-16,sale,-2,item-000149
mov-sale-item-000243,var-short-black-s,2026-08-16,sale,-1,item-000243
mov-sale-item-000244,var-top-rose-m,2026-08-16,sale,-1,item-000244
mov-sale-item-000629,var-top-sand-s,2026-08-16,sale,-2,item-000629
mov-sale-item-001061,var-sock-sage-m,2026-08-16,sale,-2,item-001061
mov-sale-item-001062,var-top-black-m,2026-08-16,sale,-1,item-001062
mov-sale-item-001063,var-sock-black-s,2026-08-16,sale,-3,item-001063
mov-sale-item-001245,var-sock-black-m,2026-08-16,sale,-1,item-001245
mov-sale-item-001402,var-legging-navy-s,2026-08-16,sale,-2,item-001402
mov-sale-item-001452,var-short-navy-m,2026-08-16,sale,-2,item-001452
mov-sale-item-001718,var-sock-lilac-l,2026-08-16,sale,-2,item-001718
mov-sale-item-001719,var-short-coral-m,2026-08-16,sale,-2,item-001719
mov-sale-item-000177,var-sock-sage-s,2026-08-17,sale,-1,item-000177
mov-sale-item-000178,var-sock-lilac-m,2026-08-17,sale,-3,item-000178
mov-sale-item-000179,var-sock-ivory-s,2026-08-17,sale,-2,item-000179
mov-sale-item-000814,var-legging-black-m,2026-08-17,sale,-1,item-000814
mov-sale-item-001176,var-sock-lilac-m,2026-08-17,sale,-1,item-001176
mov-sale-item-000135,var-sock-sage-s,2026-08-18,sale,-2,item-000135
mov-sale-item-000136,var-sock-ivory-m,2026-08-18,sale,-3,item-000136
mov-sale-item-000543,var-short-navy-l,2026-08-18,sale,-3,item-000543
mov-sale-item-000578,var-legging-navy-s,2026-08-18,sale,-3,item-000578
mov-sale-item-000579,var-short-coral-l,2026-08-18,sale,-1,item-000579
mov-sale-item-000656,var-sock-coral-l,2026-08-18,sale,-3,item-000656
mov-sale-item-000657,var-top-sand-l,2026-08-18,sale,-3,item-000657
mov-sale-item-000875,var-short-black-m,2026-08-18,sale,-3,item-000875
mov-sale-item-001112,var-sock-coral-l,2026-08-18,sale,-3,item-001112
mov-sale-item-001113,var-sock-rose-m,2026-08-18,sale,-1,item-001113
mov-sale-item-001321,var-short-black-m,2026-08-18,sale,-1,item-001321
mov-sale-item-001322,var-sock-lilac-m,2026-08-18,sale,-3,item-001322
mov-sale-item-001400,var-short-coral-l,2026-08-18,sale,-2,item-001400
mov-sale-item-001401,var-top-sand-s,2026-08-18,sale,-1,item-001401
mov-sale-item-001440,var-top-black-s,2026-08-18,sale,-1,item-001440
mov-sale-item-000133,var-sock-ivory-s,2026-08-19,sale,-2,item-000133
mov-sale-item-000282,var-legging-olive-s,2026-08-19,sale,-1,item-000282
mov-sale-item-000283,var-short-black-m,2026-08-19,sale,-1,item-000283
mov-sale-item-001598,var-legging-olive-l,2026-08-19,sale,-3,item-001598
mov-sale-item-000042,var-sock-sage-s,2026-08-20,sale,-3,item-000042
mov-sale-item-000043,var-top-sand-s,2026-08-20,sale,-3,item-000043
mov-sale-item-000381,var-legging-black-m,2026-08-20,sale,-1,item-000381
mov-sale-item-000536,var-top-black-s,2026-08-20,sale,-2,item-000536
mov-sale-item-001005,var-sock-rose-m,2026-08-20,sale,-1,item-001005
mov-sale-item-001310,var-sock-sage-m,2026-08-20,sale,-2,item-001310
mov-sale-item-001311,var-top-sand-m,2026-08-20,sale,-3,item-001311
mov-sale-item-001535,var-sock-rose-s,2026-08-20,sale,-2,item-001535
mov-sale-item-001622,var-sock-sage-s,2026-08-20,sale,-3,item-001622
mov-sale-item-001623,var-legging-olive-s,2026-08-20,sale,-3,item-001623
mov-sale-item-001796,var-sock-coral-s,2026-08-20,sale,-2,item-001796
mov-sale-item-001797,var-sock-rose-s,2026-08-20,sale,-2,item-001797
mov-sale-item-000365,var-top-sand-m,2026-08-21,sale,-3,item-000365
mov-sale-item-000443,var-sock-coral-l,2026-08-21,sale,-2,item-000443
mov-sale-item-000489,var-short-black-m,2026-08-21,sale,-1,item-000489
mov-sale-item-000982,var-short-coral-m,2026-08-21,sale,-1,item-000982
mov-sale-item-000983,var-sock-coral-m,2026-08-21,sale,-1,item-000983
mov-sale-item-000984,var-sock-coral-s,2026-08-21,sale,-2,item-000984
mov-sale-item-001023,var-sock-lilac-s,2026-08-21,sale,-3,item-001023
mov-sale-item-001024,var-top-rose-m,2026-08-21,sale,-3,item-001024
mov-sale-item-001108,var-sock-rose-s,2026-08-21,sale,-2,item-001108
mov-sale-item-001541,var-sock-ivory-s,2026-08-21,sale,-2,item-001541
mov-sale-item-001542,var-sock-black-l,2026-08-21,sale,-1,item-001542
mov-sale-item-001748,var-sock-ivory-s,2026-08-21,sale,-3,item-001748
mov-sale-item-001749,var-legging-navy-s,2026-08-21,sale,-1,item-001749
mov-sale-item-000410,var-sock-sage-m,2026-08-22,sale,-1,item-000410
mov-sale-item-000470,var-short-navy-m,2026-08-22,sale,-3,item-000470
mov-sale-item-000490,var-sock-coral-l,2026-08-22,sale,-2,item-000490
mov-sale-item-000491,var-sock-black-s,2026-08-22,sale,-2,item-000491
mov-sale-item-000701,var-sock-coral-m,2026-08-22,sale,-1,item-000701
mov-sale-item-000865,var-top-rose-m,2026-08-22,sale,-2,item-000865
mov-sale-item-000908,var-sock-sage-m,2026-08-22,sale,-3,item-000908
mov-sale-item-000945,var-top-rose-s,2026-08-22,sale,-3,item-000945
mov-sale-item-001227,var-sock-sage-s,2026-08-22,sale,-2,item-001227
mov-sale-item-001228,var-sock-black-s,2026-08-22,sale,-1,item-001228
mov-sale-item-001410,var-legging-olive-s,2026-08-22,sale,-3,item-001410
mov-sale-item-001597,var-top-rose-m,2026-08-22,sale,-1,item-001597
mov-sale-item-000475,var-top-black-l,2026-08-23,sale,-2,item-000475
mov-sale-item-001201,var-top-sand-m,2026-08-23,sale,-1,item-001201
mov-sale-item-000162,var-sock-sage-m,2026-08-24,sale,-1,item-000162
mov-sale-item-000163,var-short-coral-l,2026-08-24,sale,-3,item-000163
mov-sale-item-000688,var-top-sand-l,2026-08-24,sale,-3,item-000688
mov-sale-item-001309,var-top-rose-s,2026-08-24,sale,-1,item-001309
mov-sale-item-001729,var-sock-rose-s,2026-08-24,sale,-2,item-001729
mov-return-return-00045,var-short-black-m,2026-08-25,return,1,return-00045
mov-sale-item-000098,var-short-navy-l,2026-08-25,sale,-2,item-000098
mov-sale-item-000099,var-sock-sage-l,2026-08-25,sale,-1,item-000099
mov-sale-item-000100,var-short-coral-s,2026-08-25,sale,-3,item-000100
mov-sale-item-000309,var-legging-black-l,2026-08-25,sale,-3,item-000309
mov-sale-item-000517,var-sock-ivory-s,2026-08-25,sale,-1,item-000517
mov-sale-item-000523,var-short-coral-m,2026-08-25,sale,-1,item-000523
mov-sale-item-000524,var-top-black-s,2026-08-25,sale,-2,item-000524
mov-sale-item-001046,var-sock-lilac-l,2026-08-25,sale,-1,item-001046
mov-sale-item-001047,var-top-sand-s,2026-08-25,sale,-3,item-001047
mov-sale-item-001209,var-sock-coral-s,2026-08-25,sale,-2,item-001209
mov-sale-item-001383,var-sock-sage-l,2026-08-25,sale,-2,item-001383
mov-sale-item-001384,var-legging-black-s,2026-08-25,sale,-1,item-001384
mov-sale-item-001750,var-top-rose-m,2026-08-25,sale,-3,item-001750
mov-return-return-00061,var-sock-rose-s,2026-08-26,return,1,return-00061
mov-sale-item-000555,var-sock-coral-l,2026-08-26,sale,-2,item-000555
mov-sale-item-000556,var-sock-sage-l,2026-08-26,sale,-1,item-000556
mov-sale-item-000557,var-sock-ivory-s,2026-08-26,sale,-1,item-000557
mov-sale-item-000921,var-legging-black-l,2026-08-26,sale,-3,item-000921
mov-sale-item-000933,var-short-navy-m,2026-08-26,sale,-1,item-000933
mov-sale-item-000934,var-top-black-m,2026-08-26,sale,-3,item-000934
mov-sale-item-001507,var-sock-black-s,2026-08-26,sale,-2,item-001507
mov-sale-item-001579,var-sock-sage-l,2026-08-26,sale,-3,item-001579
mov-sale-item-001760,var-sock-sage-l,2026-08-26,sale,-3,item-001760
mov-sale-item-000426,var-short-coral-l,2026-08-27,sale,-2,item-000426
mov-sale-item-000427,var-short-black-l,2026-08-27,sale,-2,item-000427
mov-sale-item-000694,var-sock-lilac-s,2026-08-27,sale,-1,item-000694
mov-sale-item-000761,var-legging-navy-s,2026-08-27,sale,-3,item-000761
mov-sale-item-000927,var-sock-lilac-l,2026-08-27,sale,-1,item-000927
mov-sale-item-000928,var-short-navy-s,2026-08-27,sale,-2,item-000928
mov-sale-item-001218,var-top-black-l,2026-08-27,sale,-1,item-001218
mov-sale-item-001219,var-sock-coral-s,2026-08-27,sale,-3,item-001219
mov-sale-item-001316,var-legging-black-m,2026-08-27,sale,-3,item-001316
mov-sale-item-001317,var-short-coral-m,2026-08-27,sale,-1,item-001317
mov-sale-item-001376,var-sock-rose-m,2026-08-27,sale,-3,item-001376
mov-sale-item-001377,var-short-navy-s,2026-08-27,sale,-2,item-001377
mov-sale-item-001415,var-sock-lilac-m,2026-08-27,sale,-1,item-001415
mov-sale-item-001147,var-top-black-m,2026-08-28,sale,-3,item-001147
mov-sale-item-000725,var-sock-lilac-m,2026-08-29,sale,-1,item-000725
mov-sale-item-000822,var-sock-ivory-l,2026-08-29,sale,-3,item-000822
mov-sale-item-001355,var-legging-navy-m,2026-08-29,sale,-2,item-001355
mov-sale-item-001356,var-sock-lilac-m,2026-08-29,sale,-2,item-001356
mov-sale-item-001357,var-sock-lilac-l,2026-08-29,sale,-1,item-001357
mov-sale-item-001365,var-sock-ivory-s,2026-08-29,sale,-1,item-001365
mov-sale-item-000035,var-short-black-m,2026-08-30,sale,-3,item-000035
mov-sale-item-000373,var-sock-rose-m,2026-08-30,sale,-2,item-000373
mov-sale-item-000374,var-sock-black-l,2026-08-30,sale,-3,item-000374
mov-sale-item-000596,var-short-coral-s,2026-08-30,sale,-3,item-000596
mov-sale-item-001268,var-sock-ivory-l,2026-08-30,sale,-1,item-001268
mov-sale-item-001575,var-top-sand-m,2026-08-30,sale,-3,item-001575
mov-sale-item-001679,var-sock-rose-m,2026-08-30,sale,-2,item-001679
mov-sale-item-001680,var-top-black-s,2026-08-30,sale,-3,item-001680
mov-sale-item-000279,var-sock-ivory-l,2026-08-31,sale,-3,item-000279
mov-sale-item-000280,var-top-black-s,2026-08-31,sale,-3,item-000280
mov-sale-item-000329,var-sock-ivory-s,2026-08-31,sale,-2,item-000329
mov-sale-item-000330,var-legging-navy-s,2026-08-31,sale,-3,item-000330
mov-sale-item-000530,var-legging-navy-m,2026-08-31,sale,-1,item-000530
mov-sale-item-000544,var-top-black-m,2026-08-31,sale,-2,item-000544
mov-sale-item-000774,var-short-black-s,2026-08-31,sale,-2,item-000774
mov-sale-item-000775,var-sock-coral-m,2026-08-31,sale,-2,item-000775
mov-sale-item-001543,var-sock-black-l,2026-08-31,sale,-2,item-001543
mov-sale-item-001782,var-legging-navy-s,2026-08-31,sale,-2,item-001782
mov-sale-item-001783,var-short-coral-l,2026-08-31,sale,-2,item-001783
mov-sale-item-000126,var-sock-ivory-s,2026-09-01,sale,-3,item-000126
mov-sale-item-000408,var-top-black-l,2026-09-01,sale,-3,item-000408
mov-sale-item-000409,var-short-black-s,2026-09-01,sale,-3,item-000409
mov-sale-item-001064,var-sock-black-l,2026-09-01,sale,-3,item-001064
mov-sale-item-001522,var-sock-sage-l,2026-09-01,sale,-1,item-001522
mov-sale-item-001591,var-sock-lilac-s,2026-09-01,sale,-3,item-001591
mov-sale-item-001592,var-sock-coral-m,2026-09-01,sale,-2,item-001592
mov-sale-item-001625,var-sock-rose-m,2026-09-01,sale,-1,item-001625
mov-sale-item-001626,var-legging-navy-m,2026-09-01,sale,-3,item-001626
mov-sale-item-001792,var-sock-sage-m,2026-09-01,sale,-3,item-001792
mov-sale-item-000071,var-legging-olive-l,2026-09-02,sale,-3,item-000071
mov-sale-item-000751,var-sock-lilac-l,2026-09-02,sale,-3,item-000751
mov-sale-item-001054,var-sock-lilac-m,2026-09-02,sale,-2,item-001054
mov-sale-item-001282,var-sock-black-m,2026-09-02,sale,-3,item-001282
mov-sale-item-001286,var-sock-black-m,2026-09-02,sale,-3,item-001286
mov-sale-item-001639,var-short-coral-l,2026-09-02,sale,-2,item-001639
mov-sale-item-001640,var-sock-black-m,2026-09-02,sale,-1,item-001640
mov-return-return-00059,var-sock-rose-s,2026-09-03,return,1,return-00059
mov-sale-item-000020,var-sock-rose-s,2026-09-03,sale,-3,item-000020
mov-sale-item-000484,var-top-black-s,2026-09-03,sale,-1,item-000484
mov-sale-item-000485,var-sock-sage-s,2026-09-03,sale,-1,item-000485
mov-sale-item-000506,var-top-rose-m,2026-09-03,sale,-3,item-000506
mov-sale-item-000507,var-sock-sage-m,2026-09-03,sale,-3,item-000507
mov-sale-item-001085,var-legging-black-l,2026-09-03,sale,-3,item-001085
mov-sale-item-001086,var-sock-ivory-m,2026-09-03,sale,-3,item-001086
mov-sale-item-001247,var-short-navy-l,2026-09-03,sale,-3,item-001247
mov-sale-item-001248,var-sock-coral-l,2026-09-03,sale,-3,item-001248
mov-sale-item-000195,var-top-black-l,2026-09-04,sale,-2,item-000195
mov-sale-item-000196,var-sock-ivory-m,2026-09-04,sale,-3,item-000196
mov-sale-item-001050,var-top-black-s,2026-09-04,sale,-2,item-001050
mov-sale-item-001051,var-sock-sage-m,2026-09-04,sale,-2,item-001051
mov-sale-item-000235,var-sock-rose-s,2026-09-05,sale,-3,item-000235
mov-sale-item-000236,var-top-rose-m,2026-09-05,sale,-2,item-000236
mov-sale-item-000619,var-short-navy-m,2026-09-05,sale,-1,item-000619
mov-sale-item-001406,var-sock-ivory-l,2026-09-05,sale,-1,item-001406
mov-sale-item-001407,var-sock-sage-m,2026-09-05,sale,-1,item-001407
mov-sale-item-001408,var-top-sand-m,2026-09-05,sale,-3,item-001408
mov-sale-item-001534,var-short-black-s,2026-09-05,sale,-3,item-001534
mov-sale-item-001762,var-legging-navy-m,2026-09-05,sale,-3,item-001762
mov-sale-item-000101,var-sock-sage-l,2026-09-06,sale,-3,item-000101
mov-sale-item-000102,var-top-black-m,2026-09-06,sale,-3,item-000102
mov-sale-item-000238,var-sock-sage-s,2026-09-06,sale,-2,item-000238
mov-sale-item-000239,var-top-rose-s,2026-09-06,sale,-2,item-000239
mov-sale-item-000719,var-legging-navy-l,2026-09-06,sale,-3,item-000719
mov-sale-item-000720,var-sock-lilac-l,2026-09-06,sale,-2,item-000720
mov-sale-item-001360,var-sock-lilac-m,2026-09-06,sale,-2,item-001360
mov-sale-item-001414,var-sock-lilac-l,2026-09-06,sale,-1,item-001414
mov-sale-item-001706,var-sock-sage-s,2026-09-06,sale,-2,item-001706
mov-sale-item-000156,var-short-black-l,2026-09-07,sale,-1,item-000156
mov-sale-item-000505,var-sock-coral-s,2026-09-07,sale,-1,item-000505
mov-sale-item-001141,var-sock-black-l,2026-09-07,sale,-3,item-001141
mov-sale-item-001329,var-sock-coral-s,2026-09-07,sale,-1,item-001329
mov-sale-item-001486,var-short-coral-m,2026-09-07,sale,-1,item-001486
mov-sale-item-001487,var-sock-ivory-m,2026-09-07,sale,-1,item-001487
mov-sale-item-001567,var-sock-black-l,2026-09-07,sale,-1,item-001567
mov-sale-item-001668,var-legging-navy-l,2026-09-07,sale,-2,item-001668
mov-sale-item-000061,var-sock-coral-l,2026-09-08,sale,-2,item-000061
mov-sale-item-000062,var-legging-olive-m,2026-09-08,sale,-3,item-000062
mov-sale-item-000316,var-sock-ivory-l,2026-09-08,sale,-2,item-000316
mov-sale-item-000317,var-sock-black-l,2026-09-08,sale,-2,item-000317
mov-sale-item-000881,var-sock-coral-m,2026-09-08,sale,-2,item-000881
mov-sale-item-000930,var-sock-sage-s,2026-09-08,sale,-2,item-000930
mov-sale-item-000931,var-top-sand-m,2026-09-08,sale,-3,item-000931
mov-sale-item-000932,var-sock-rose-l,2026-09-08,sale,-1,item-000932
mov-sale-item-000150,var-sock-ivory-m,2026-09-09,sale,-3,item-000150
mov-sale-item-000151,var-short-black-l,2026-09-09,sale,-2,item-000151
mov-sale-item-000429,var-top-sand-s,2026-09-09,sale,-3,item-000429
mov-sale-item-001126,var-top-black-s,2026-09-09,sale,-1,item-001126
mov-sale-item-001127,var-legging-black-l,2026-09-09,sale,-2,item-001127
mov-sale-item-001169,var-top-sand-s,2026-09-09,sale,-3,item-001169
mov-sale-item-001712,var-short-black-s,2026-09-09,sale,-2,item-001712
mov-sale-item-001713,var-sock-sage-m,2026-09-09,sale,-2,item-001713
mov-sale-item-001077,var-sock-black-s,2026-09-10,sale,-3,item-001077
mov-sale-item-001078,var-short-navy-l,2026-09-10,sale,-2,item-001078
mov-sale-item-001173,var-legging-olive-m,2026-09-10,sale,-2,item-001173
mov-sale-item-001363,var-legging-navy-s,2026-09-10,sale,-1,item-001363
mov-sale-item-001574,var-sock-rose-m,2026-09-10,sale,-2,item-001574
mov-sale-item-000303,var-legging-olive-l,2026-09-11,sale,-3,item-000303
mov-sale-item-000324,var-legging-black-l,2026-09-11,sale,-2,item-000324
mov-sale-item-000031,var-sock-lilac-m,2026-09-12,sale,-1,item-000031
mov-sale-item-000032,var-sock-black-s,2026-09-12,sale,-3,item-000032
mov-sale-item-000256,var-sock-coral-m,2026-09-12,sale,-3,item-000256
mov-sale-item-001594,var-sock-sage-l,2026-09-12,sale,-1,item-001594
mov-sale-item-000025,var-sock-ivory-m,2026-09-13,sale,-2,item-000025
mov-sale-item-000026,var-short-black-m,2026-09-13,sale,-2,item-000026
mov-sale-item-000027,var-top-sand-l,2026-09-13,sale,-2,item-000027
mov-sale-item-000320,var-sock-coral-s,2026-09-13,sale,-3,item-000320
mov-sale-item-000590,var-sock-black-l,2026-09-13,sale,-2,item-000590
mov-sale-item-000692,var-sock-rose-s,2026-09-13,sale,-3,item-000692
mov-sale-item-000693,var-sock-black-s,2026-09-13,sale,-1,item-000693
mov-sale-item-001553,var-short-black-m,2026-09-13,sale,-2,item-001553
mov-sale-item-001620,var-sock-sage-m,2026-09-13,sale,-2,item-001620
mov-sale-item-001621,var-sock-rose-m,2026-09-13,sale,-3,item-001621
mov-sale-item-001667,var-sock-rose-m,2026-09-13,sale,-1,item-001667
mov-sale-item-000057,var-sock-sage-s,2026-09-14,sale,-3,item-000057
mov-sale-item-000058,var-short-navy-s,2026-09-14,sale,-2,item-000058
mov-sale-item-000445,var-sock-rose-m,2026-09-14,sale,-3,item-000445
mov-sale-item-000467,var-top-sand-s,2026-09-14,sale,-3,item-000467
mov-sale-item-001135,var-top-black-s,2026-09-14,sale,-3,item-001135
mov-sale-item-001136,var-short-coral-l,2026-09-14,sale,-1,item-001136
mov-sale-item-001318,var-sock-ivory-l,2026-09-14,sale,-1,item-001318
mov-sale-item-001763,var-top-sand-m,2026-09-14,sale,-2,item-001763
mov-sale-item-001764,var-sock-sage-s,2026-09-14,sale,-1,item-001764
mov-sale-item-001765,var-short-coral-s,2026-09-14,sale,-2,item-001765
mov-sale-item-000508,var-short-black-l,2026-09-15,sale,-2,item-000508
mov-sale-item-000509,var-short-black-m,2026-09-15,sale,-1,item-000509
mov-sale-item-000510,var-top-rose-m,2026-09-15,sale,-2,item-000510
mov-sale-item-001021,var-sock-rose-l,2026-09-15,sale,-3,item-001021
mov-sale-item-001022,var-short-black-m,2026-09-15,sale,-3,item-001022
mov-sale-item-000044,var-sock-ivory-s,2026-09-16,sale,-3,item-000044
mov-sale-item-000130,var-short-navy-m,2026-09-16,sale,-1,item-000130
mov-sale-item-000131,var-top-rose-l,2026-09-16,sale,-3,item-000131
mov-sale-item-000666,var-sock-rose-s,2026-09-16,sale,-3,item-000666
mov-sale-item-001614,var-sock-sage-m,2026-09-16,sale,-3,item-001614
mov-sale-item-000577,var-sock-ivory-l,2026-09-17,sale,-1,item-000577
mov-sale-item-000815,var-sock-ivory-l,2026-09-17,sale,-3,item-000815
mov-sale-item-000841,var-sock-ivory-m,2026-09-17,sale,-3,item-000841
mov-sale-item-000888,var-sock-coral-s,2026-09-17,sale,-2,item-000888
mov-sale-item-000889,var-sock-coral-m,2026-09-17,sale,-3,item-000889
mov-sale-item-001343,var-sock-ivory-l,2026-09-17,sale,-3,item-001343
mov-sale-item-001483,var-top-sand-m,2026-09-17,sale,-2,item-001483
mov-sale-item-001484,var-legging-olive-m,2026-09-17,sale,-1,item-001484
mov-sale-item-001485,var-sock-rose-s,2026-09-17,sale,-3,item-001485
mov-sale-item-000096,var-sock-sage-s,2026-09-18,sale,-1,item-000096
mov-sale-item-001565,var-sock-ivory-m,2026-09-18,sale,-1,item-001565
mov-sale-item-000718,var-sock-coral-l,2026-09-20,sale,-2,item-000718
