id,order_id,variant_id,quantity,unit_price_cents,discount_cents,unit_cost_cents
item-000001,ord-00001,var-short-coral-m,2,18900,1294,7100
item-000002,ord-00001,var-legging-olive-l,3,29900,4861,11200
item-000003,ord-00001,var-legging-black-m,1,29900,1925,11200
item-000004,ord-00002,var-legging-navy-l,3,29900,4568,11200
item-000005,ord-00002,var-top-rose-l,1,21900,609,8200
item-000006,ord-00003,var-legging-navy-m,2,29900,1729,11200
item-000007,ord-00004,var-sock-sage-l,1,11900,806,4200
item-000008,ord-00005,var-sock-ivory-m,1,11900,958,4200
item-000009,ord-00006,var-sock-rose-m,2,11900,741,4200
item-000010,ord-00007,var-sock-lilac-l,2,11900,984,4200
item-000011,ord-00008,var-sock-black-l,2,11900,1061,4200
item-000012,ord-00008,var-sock-coral-l,2,11900,2040,4200
item-000013,ord-00009,var-top-black-l,3,21900,4930,8200
item-000014,ord-00009,var-sock-coral-m,1,11900,558,4200
item-000015,ord-00010,var-top-rose-l,3,21900,4622,8200
item-000016,ord-00010,var-short-coral-s,1,18900,859,7100
item-000017,ord-00011,var-legging-navy-s,3,29900,7445,11200
item-000018,ord-00012,var-sock-rose-s,2,11900,1583,4200
item-000019,ord-00013,var-sock-coral-l,1,11900,491,4200
item-000020,ord-00014,var-sock-rose-s,3,11900,1896,4200
item-000021,ord-00015,var-legging-olive-m,3,29900,3743,11200
item-000022,ord-00015,var-legging-navy-m,1,29900,694,11200
item-000023,ord-00016,var-short-black-s,1,18900,1328,7100
item-000024,ord-00017,var-legging-navy-s,2,29900,2112,11200
item-000025,ord-00018,var-sock-ivory-m,2,11900,1588,4200
item-000026,ord-00018,var-short-black-m,2,18900,3269,7100
item-000027,ord-00018,var-top-sand-l,2,21900,3422,8200
item-000028,ord-00019,var-short-navy-l,3,18900,2234,7100
item-000029,ord-00020,var-sock-rose-l,2,11900,1008,4200
item-000030,ord-00020,var-sock-ivory-m,1,11900,430,4200
item-000031,ord-00021,var-sock-lilac-m,1,11900,410,4200
item-000032,ord-00021,var-sock-black-s,3,11900,1664,4200
item-000033,ord-00022,var-top-sand-m,3,21900,4751,8200
item-000034,ord-00023,var-sock-coral-s,1,11900,561,4200
item-000035,ord-00024,var-short-black-m,3,18900,1241,7100
item-000036,ord-00025,var-sock-lilac-l,1,11900,279,4200
item-000037,ord-00025,var-sock-rose-s,2,11900,1020,4200
item-000038,ord-00026,var-top-rose-s,1,21900,1586,8200
item-000039,ord-00027,var-short-navy-s,1,18900,1634,7100
item-000040,ord-00028,var-short-black-s,1,18900,993,7100
item-000041,ord-00028,var-sock-sage-l,1,11900,742,4200
item-000042,ord-00029,var-sock-sage-s,3,11900,2406,4200
item-000043,ord-00029,var-top-sand-s,3,21900,2226,8200
item-000044,ord-00030,var-sock-ivory-s,3,11900,2669,4200
item-000045,ord-00031,var-legging-black-s,2,29900,4638,11200
item-000046,ord-00031,var-sock-sage-l,3,11900,2942,4200
item-000047,ord-00032,var-short-navy-s,2,18900,1986,7100
item-000048,ord-00033,var-sock-lilac-l,1,11900,863,4200
item-000049,ord-00034,var-sock-coral-s,1,11900,533,4200
item-000050,ord-00035,var-sock-black-s,3,11900,3083,4200
item-000051,ord-00035,var-sock-lilac-m,2,11900,1400,4200
item-000052,ord-00035,var-sock-coral-s,3,11900,2492,4200
item-000053,ord-00036,var-sock-sage-l,2,11900,1398,4200
item-000054,ord-00036,var-sock-coral-l,2,11900,1062,4200
item-000055,ord-00037,var-sock-coral-l,3,11900,1176,4200
item-000056,ord-00038,var-top-black-s,1,21900,991,8200
item-000057,ord-00039,var-sock-sage-s,3,11900,3073,4200
item-000058,ord-00039,var-short-navy-s,2,18900,1027,7100
item-000059,ord-00040,var-legging-olive-l,2,29900,1673,11200
item-000060,ord-00040,var-sock-coral-s,1,11900,718,4200
item-000061,ord-00041,var-sock-coral-l,2,11900,1486,4200
item-000062,ord-00041,var-legging-olive-m,3,29900,4182,11200
item-000063,ord-00042,var-short-black-m,3,18900,1527,7100
item-000064,ord-00042,var-short-black-l,1,18900,728,7100
item-000065,ord-00043,var-sock-coral-s,2,11900,530,4200
item-000066,ord-00043,var-sock-sage-s,3,11900,2862,4200
item-000067,ord-00044,var-short-coral-s,1,18900,940,7100
item-000068,ord-00045,var-sock-ivory-l,2,11900,1467,4200
item-000069,ord-00046,var-legging-olive-l,3,29900,5184,11200
item-000070,ord-00047,var-legging-black-s,1,29900,1077,11200
item-000071,ord-00048,var-legging-olive-l,3,29900,2046,11200
item-000072,ord-00049,var-sock-lilac-m,3,11900,2748,4200
item-000073,ord-00050,var-top-black-m,2,21900,3002,8200
item-000074,ord-00051,var-sock-sage-m,1,11900,1046,4200
item-000075,ord-00052,var-top-sand-l,2,21900,1042,8200
item-000076,ord-00052,var-sock-coral-s,3,11900,1818,4200
item-000077,ord-00052,var-sock-rose-l,3,11900,1041,4200
item-000078,ord-00053,var-short-black-m,1,18900,1317,7100
item-000079,ord-00053,var-sock-black-s,3,11900,1733,4200
item-000080,ord-00054,var-sock-ivory-m,2,11900,2029,4200
item-000081,ord-00055,var-sock-coral-l,1,11900,557,4200
item-000082,ord-00056,var-sock-lilac-m,2,11900,2032,4200
item-000083,ord-00057,var-sock-coral-s,1,11900,609,4200
item-000084,ord-00058,var-sock-rose-s,3,11900,1310,4200
item-000085,ord-00059,var-short-coral-m,2,18900,1777,7100
item-000086,ord-00059,var-short-navy-l,3,18900,5026,7100
item-000087,ord-00060,var-top-sand-l,1,21900,1244,8200
item-000088,ord-00061,var-legging-olive-l,2,29900,3804,11200
item-000089,ord-00061,var-sock-black-l,2,11900,1896,4200
item-000090,ord-00062,var-sock-black-l,1,11900,763,4200
item-000091,ord-00063,var-sock-ivory-s,2,11900,753,4200
item-000092,ord-00064,var-sock-ivory-m,1,11900,680,4200
item-000093,ord-00064,var-sock-ivory-l,1,11900,383,4200
item-000094,ord-00065,var-legging-olive-m,2,29900,3866,11200
item-000095,ord-00066,var-legging-navy-l,1,29900,1522,11200
item-000096,ord-00067,var-sock-sage-s,1,11900,1070,4200
item-000097,ord-00068,var-top-black-s,1,21900,1937,8200
item-000098,ord-00069,var-short-navy-l,2,18900,2808,7100
item-000099,ord-00069,var-sock-sage-l,1,11900,768,4200
item-000100,ord-00069,var-short-coral-s,3,18900,4180,7100
item-000101,ord-00070,var-sock-sage-l,3,11900,1042,4200
item-000102,ord-00070,var-top-black-m,3,21900,3224,8200
item-000103,ord-00071,var-short-navy-l,1,18900,717,7100
item-000104,ord-00072,var-sock-black-l,1,11900,866,4200
item-000105,ord-00073,var-short-navy-m,3,18900,2585,7100
item-000106,ord-00074,var-legging-olive-l,3,29900,4186,11200
item-000107,ord-00074,var-top-black-l,1,21900,1472,8200
item-000108,ord-00075,var-legging-olive-m,3,29900,2190,11200
item-000109,ord-00076,var-sock-black-m,2,11900,2135,4200
item-000110,ord-00076,var-sock-rose-m,3,11900,1053,4200
item-000111,ord-00077,var-sock-ivory-m,2,11900,1567,4200
item-000112,ord-00078,var-legging-olive-s,2,29900,3057,11200
item-000113,ord-00078,var-sock-sage-l,1,11900,1055,4200
item-000114,ord-00079,var-sock-rose-s,1,11900,1028,4200
item-000115,ord-00079,var-legging-black-l,3,29900,3125,11200
item-000116,ord-00080,var-sock-rose-s,1,11900,929,4200
item-000117,ord-00080,var-sock-lilac-l,2,11900,1766,4200
item-000118,ord-00081,var-sock-rose-l,1,11900,329,4200
item-000119,ord-00081,var-legging-navy-m,1,29900,1347,11200
item-000120,ord-00082,var-top-rose-m,1,21900,1581,8200
item-000121,ord-00082,var-sock-sage-l,3,11900,2197,4200
item-000122,ord-00083,var-short-coral-s,3,18900,2331,7100
item-000123,ord-00083,var-legging-black-s,1,29900,2688,11200
item-000124,ord-00084,var-sock-ivory-m,1,11900,343,4200
item-000125,ord-00084,var-short-black-s,3,18900,3960,7100
item-000126,ord-00085,var-sock-ivory-s,3,11900,2340,4200
item-000127,ord-00086,var-sock-lilac-l,2,11900,1169,4200
item-000128,ord-00086,var-sock-lilac-m,2,11900,1584,4200
item-000129,ord-00086,var-sock-ivory-m,3,11900,3020,4200
item-000130,ord-00087,var-short-navy-m,1,18900,1114,7100
item-000131,ord-00087,var-top-rose-l,3,21900,2830,8200
item-000132,ord-00088,var-sock-black-m,2,11900,1476,4200
item-000133,ord-00089,var-sock-ivory-s,2,11900,1884,4200
item-000134,ord-00090,var-short-navy-s,3,18900,3569,7100
item-000135,ord-00091,var-sock-sage-s,2,11900,1060,4200
item-000136,ord-00091,var-sock-ivory-m,3,11900,2356,4200
item-000137,ord-00092,var-sock-lilac-s,2,11900,1231,4200
item-000138,ord-00092,var-sock-sage-s,3,11900,1524,4200
item-000139,ord-00093,var-legging-black-m,3,29900,2306,11200
item-000140,ord-00093,var-sock-lilac-m,2,11900,1487,4200
item-000141,ord-00094,var-sock-sage-s,3,11900,2409,4200
item-000142,ord-00094,var-sock-black-l,1,11900,567,4200
item-000143,ord-00095,var-top-black-s,2,21900,1243,8200
item-000144,ord-00096,var-sock-coral-l,3,11900,2728,4200
item-000145,ord-00097,var-sock-black-l,2,11900,1435,4200
item-000146,ord-00098,var-sock-sage-m,1,11900,905,4200
item-000147,ord-00098,var-short-navy-l,3,18900,4784,7100
item-000148,ord-00099,var-sock-lilac-s,2,11900,1718,4200
item-000149,ord-00100,var-sock-sage-l,2,11900,1687,4200
item-000150,ord-00101,var-sock-ivory-m,3,11900,902,4200
item-000151,ord-00101,var-short-black-l,2,18900,1983,7100
item-000152,ord-00102,var-legging-navy-m,2,29900,1481,11200
item-000153,ord-00103,var-sock-black-l,2,11900,1245,4200
item-000154,ord-00103,var-sock-sage-l,2,11900,603,4200
item-000155,ord-00103,var-legging-black-l,3,29900,5524,11200
item-000156,ord-00104,var-short-black-l,1,18900,803,7100
item-000157,ord-00105,var-short-navy-l,2,18900,3355,7100
item-000158,ord-00106,var-top-rose-m,3,21900,4118,8200
item-000159,ord-00107,var-legging-black-m,3,29900,5858,11200
item-000160,ord-00108,var-short-coral-s,3,18900,4600,7100
item-000161,ord-00108,var-sock-ivory-m,2,11900,992,4200
item-000162,ord-00109,var-sock-sage-m,1,11900,796,4200
item-000163,ord-00109,var-short-coral-l,3,18900,4755,7100
item-000164,ord-00110,var-sock-rose-s,2,11900,2054,4200
item-000165,ord-00110,var-sock-rose-m,1,11900,367,4200
item-000166,ord-00111,var-short-black-m,1,18900,1168,7100
item-000167,ord-00112,var-legging-navy-l,3,29900,4542,11200
item-000168,ord-00113,var-short-navy-s,3,18900,4244,7100
item-000169,ord-00114,var-sock-lilac-l,2,11900,1757,4200
item-000170,ord-00115,var-legging-navy-m,2,29900,1414,11200
item-000171,ord-00116,var-sock-ivory-s,2,11900,615,4200
item-000172,ord-00117,var-sock-rose-m,2,11900,1949,4200
item-000173,ord-00117,var-top-sand-m,1,21900,1045,8200
item-000174,ord-00118,var-sock-ivory-s,3,11900,2338,4200
item-000175,ord-00118,var-legging-navy-m,1,29900,1198,11200
item-000176,ord-00119,var-sock-black-l,1,11900,451,4200
item-000177,ord-00120,var-sock-sage-s,1,11900,488,4200
item-000178,ord-00120,var-sock-lilac-m,3,11900,2697,4200
item-000179,ord-00120,var-sock-ivory-s,2,11900,1470,4200
item-000180,ord-00121,var-sock-sage-l,1,11900,713,4200
item-000181,ord-00121,var-sock-black-l,3,11900,3149,4200
item-000182,ord-00122,var-sock-lilac-s,2,11900,898,4200
item-000183,ord-00122,var-sock-black-l,2,11900,877,4200
item-000184,ord-00123,var-sock-black-m,2,11900,1385,4200
item-000185,ord-00124,var-short-black-l,1,18900,1451,7100
item-000186,ord-00125,var-sock-rose-s,1,11900,500,4200
item-000187,ord-00125,var-sock-lilac-s,3,11900,1897,4200
item-000188,ord-00126,var-sock-sage-m,2,11900,683,4200
item-000189,ord-00127,var-sock-ivory-l,2,11900,1628,4200
item-000190,ord-00128,var-sock-ivory-l,3,11900,1448,4200
item-000191,ord-00129,var-top-sand-m,1,21900,1495,8200
item-000192,ord-00129,var-sock-black-m,3,11900,2888,4200
item-000193,ord-00130,var-top-black-l,3,21900,4998,8200
item-000194,ord-00130,var-legging-black-s,1,29900,2374,11200
item-000195,ord-00131,var-top-black-l,2,21900,3787,8200
item-000196,ord-00131,var-sock-ivory-m,3,11900,1838,4200
item-000197,ord-00132,var-sock-lilac-s,2,11900,1558,4200
item-000198,ord-00133,var-sock-coral-l,1,11900,456,4200
item-000199,ord-00134,var-legging-olive-s,1,29900,882,11200
item-000200,ord-00135,var-sock-sage-m,3,11900,1582,4200
item-000201,ord-00136,var-short-coral-m,3,18900,1824,7100
item-000202,ord-00137,var-sock-coral-s,1,11900,538,4200
item-000203,ord-00137,var-sock-lilac-l,3,11900,1038,4200
item-000204,ord-00137,var-legging-black-l,2,29900,2862,11200
item-000205,ord-00138,var-sock-sage-m,3,11900,899,4200
item-000206,ord-00139,var-sock-coral-m,1,11900,930,4200
item-000207,ord-00140,var-sock-coral-m,2,11900,1885,4200
item-000208,ord-00141,var-short-black-m,3,18900,1504,7100
item-000209,ord-00141,var-short-black-s,3,18900,1745,7100
item-000210,ord-00142,var-legging-black-m,1,29900,767,11200
item-000211,ord-00142,var-short-navy-s,3,18900,2184,7100
item-000212,ord-00143,var-top-black-s,3,21900,5713,8200
item-000213,ord-00144,var-sock-black-m,1,11900,604,4200
item-000214,ord-00144,var-sock-rose-s,2,11900,1486,4200
item-000215,ord-00145,var-sock-sage-l,3,11900,2117,4200
item-000216,ord-00146,var-sock-sage-s,2,11900,1915,4200
item-000217,ord-00146,var-sock-ivory-l,2,11900,2031,4200
item-000218,ord-00147,var-sock-black-s,1,11900,1025,4200
item-000219,ord-00148,var-sock-coral-s,2,11900,1370,4200
item-000220,ord-00148,var-top-sand-m,1,21900,1790,8200
item-000221,ord-00149,var-sock-sage-l,3,11900,1435,4200
item-000222,ord-00149,var-sock-lilac-l,3,11900,1413,4200
item-000223,ord-00150,var-top-black-m,3,21900,5632,8200
item-000224,ord-00150,var-legging-olive-s,3,29900,4990,11200
item-000225,ord-00151,var-sock-ivory-m,3,11900,2945,4200
item-000226,ord-00152,var-short-navy-l,2,18900,2326,7100
item-000227,ord-00152,var-sock-coral-m,3,11900,1938,4200
item-000228,ord-00153,var-top-sand-m,3,21900,2729,8200
item-000229,ord-00153,var-short-coral-m,3,18900,1239,7100
item-000230,ord-00154,var-sock-rose-m,3,11900,842,4200
item-000231,ord-00154,var-sock-coral-m,3,11900,2516,4200
item-000232,ord-00154,var-top-sand-s,1,21900,1697,8200
item-000233,ord-00155,var-sock-sage-m,2,11900,728,4200
item-000234,ord-00155,var-top-sand-m,3,21900,4878,8200
item-000235,ord-00156,var-sock-rose-s,3,11900,1526,4200
item-000236,ord-00156,var-top-rose-m,2,21900,1837,8200
item-000237,ord-00157,var-short-coral-s,3,18900,4323,7100
item-000238,ord-00158,var-sock-sage-s,2,11900,1650,4200
item-000239,ord-00158,var-top-rose-s,2,21900,2347,8200
item-000240,ord-00159,var-sock-coral-l,2,11900,1968,4200
item-000241,ord-00159,var-sock-sage-l,1,11900,479,4200
item-000242,ord-00160,var-legging-olive-s,1,29900,2330,11200
item-000243,ord-00161,var-short-black-s,1,18900,698,7100
item-000244,ord-00161,var-top-rose-m,1,21900,1415,8200
item-000245,ord-00162,var-legging-black-s,3,29900,7934,11200
item-000246,ord-00162,var-sock-coral-s,2,11900,1559,4200
item-000247,ord-00163,var-sock-rose-m,3,11900,2559,4200
item-000248,ord-00164,var-sock-lilac-s,2,11900,786,4200
item-000249,ord-00165,var-sock-lilac-l,3,11900,2071,4200
item-000250,ord-00166,var-top-black-m,1,21900,1558,8200
item-000251,ord-00166,var-short-coral-m,1,18900,396,7100
item-000252,ord-00167,var-top-sand-s,2,21900,2455,8200
item-000253,ord-00167,var-sock-ivory-s,1,11900,1055,4200
item-000254,ord-00168,var-sock-rose-l,2,11900,979,4200
item-000255,ord-00168,var-legging-black-s,2,29900,3932,11200
item-000256,ord-00169,var-sock-coral-m,3,11900,2637,4200
item-000257,ord-00170,var-legging-olive-m,1,29900,1598,11200
item-000258,ord-00170,var-sock-sage-l,2,11900,1645,4200
item-000259,ord-00171,var-short-coral-s,3,18900,4599,7100
item-000260,ord-00171,var-sock-lilac-l,3,11900,2472,4200
item-000261,ord-00171,var-sock-ivory-s,1,11900,928,4200
item-000262,ord-00172,var-sock-ivory-s,3,11900,1227,4200
item-000263,ord-00172,var-legging-black-l,3,29900,4591,11200
item-000264,ord-00173,var-sock-sage-s,3,11900,768,4200
item-000265,ord-00174,var-sock-sage-l,3,11900,873,4200
item-000266,ord-00175,var-sock-ivory-m,3,11900,3158,4200
item-000267,ord-00175,var-top-sand-m,2,21900,3920,8200
item-000268,ord-00176,var-sock-coral-l,1,11900,782,4200
item-000269,ord-00176,var-sock-ivory-l,3,11900,1696,4200
item-000270,ord-00177,var-top-sand-l,3,21900,4621,8200
item-000271,ord-00178,var-sock-rose-l,1,11900,1018,4200
item-000272,ord-00178,var-legging-navy-s,1,29900,2292,11200
item-000273,ord-00179,var-sock-black-l,1,11900,732,4200
item-000274,ord-00180,var-top-sand-s,2,21900,1594,8200
item-000275,ord-00180,var-sock-black-m,1,11900,657,4200
item-000276,ord-00181,var-sock-sage-m,1,11900,489,4200
item-000277,ord-00182,var-sock-ivory-l,3,11900,2410,4200
item-000278,ord-00182,var-sock-black-m,2,11900,2044,4200
item-000279,ord-00183,var-sock-ivory-l,3,11900,1897,4200
item-000280,ord-00183,var-top-black-s,3,21900,1977,8200
item-000281,ord-00184,var-sock-rose-m,2,11900,814,4200
item-000282,ord-00185,var-legging-olive-s,1,29900,1159,11200
item-000283,ord-00185,var-short-black-m,1,18900,1533,7100
item-000284,ord-00186,var-top-black-m,2,21900,3810,8200
item-000285,ord-00187,var-legging-olive-m,3,29900,5589,11200
item-000286,ord-00188,var-sock-coral-l,3,11900,1611,4200
item-000287,ord-00188,var-sock-coral-m,2,11900,1252,4200
item-000288,ord-00188,var-short-coral-l,2,18900,2771,7100
item-000289,ord-00189,var-short-coral-l,1,18900,399,7100
item-000290,ord-00189,var-sock-lilac-m,2,11900,729,4200
item-000291,ord-00190,var-short-coral-s,2,18900,1436,7100
item-000292,ord-00191,var-sock-sage-l,1,11900,354,4200
item-000293,ord-00192,var-legging-black-m,3,29900,2006,11200
item-000294,ord-00193,var-sock-rose-m,1,11900,827,4200
item-000295,ord-00194,var-short-black-m,2,18900,2500,7100
item-000296,ord-00195,var-top-rose-l,2,21900,928,8200
item-000297,ord-00195,var-short-coral-s,2,18900,2889,7100
item-000298,ord-00196,var-legging-olive-l,2,29900,2315,11200
item-000299,ord-00196,var-sock-sage-l,2,11900,1240,4200
item-000300,ord-00197,var-short-navy-s,1,18900,501,7100
item-000301,ord-00198,var-sock-lilac-m,3,11900,2674,4200
item-000302,ord-00199,var-legging-olive-m,1,29900,2484,11200
item-000303,ord-00200,var-legging-olive-l,3,29900,5332,11200
item-000304,ord-00201,var-sock-ivory-m,3,11900,2765,4200
item-000305,ord-00201,var-top-black-s,1,21900,1302,8200
item-000306,ord-00202,var-short-navy-m,3,18900,4008,7100
item-000307,ord-00202,var-sock-sage-l,1,11900,319,4200
item-000308,ord-00203,var-sock-rose-l,2,11900,1293,4200
item-000309,ord-00204,var-legging-black-l,3,29900,3648,11200
item-000310,ord-00205,var-legging-navy-m,3,29900,4240,11200
item-000311,ord-00205,var-sock-black-l,1,11900,1023,4200
item-000312,ord-00205,var-sock-rose-l,1,11900,348,4200
item-000313,ord-00206,var-sock-coral-l,1,11900,735,4200
item-000314,ord-00206,var-top-sand-s,1,21900,885,8200
item-000315,ord-00207,var-legging-olive-m,3,29900,5066,11200
item-000316,ord-00208,var-sock-ivory-l,2,11900,935,4200
item-000317,ord-00208,var-sock-black-l,2,11900,895,4200
item-000318,ord-00209,var-sock-black-s,2,11900,1029,4200
item-000319,ord-00210,var-sock-ivory-m,2,11900,1010,4200
item-000320,ord-00211,var-sock-coral-s,3,11900,2668,4200
item-000321,ord-00212,var-sock-rose-s,3,11900,3206,4200
item-000322,ord-00212,var-sock-coral-l,1,11900,1031,4200
item-000323,ord-00213,var-sock-lilac-m,3,11900,1961,4200
item-000324,ord-00214,var-legging-black-l,2,29900,5343,11200
item-000325,ord-00215,var-top-black-l,3,21900,5432,8200
item-000326,ord-00216,var-sock-sage-l,1,11900,776,4200
item-000327,ord-00216,var-sock-lilac-s,2,11900,2084,4200
item-000328,ord-00217,var-sock-rose-m,2,11900,1099,4200
item-000329,ord-00218,var-sock-ivory-s,2,11900,1169,4200
item-000330,ord-00218,var-legging-navy-s,3,29900,2683,11200
item-000331,ord-00219,var-sock-ivory-s,2,11900,1678,4200
item-000332,ord-00220,var-sock-ivory-s,3,11900,2713,4200
item-000333,ord-00220,var-short-coral-l,1,18900,1060,7100
item-000334,ord-00221,var-sock-ivory-l,1,11900,771,4200
item-000335,ord-00221,var-sock-black-s,3,11900,2248,4200
item-000336,ord-00222,var-sock-black-l,3,11900,968,4200
item-000337,ord-00222,var-legging-navy-l,2,29900,2560,11200
item-000338,ord-00222,var-sock-rose-l,3,11900,2869,4200
item-000339,ord-00223,var-top-black-l,2,21900,3468,8200
item-000340,ord-00224,var-short-black-s,1,18900,1267,7100
item-000341,ord-00225,var-sock-lilac-s,2,11900,1469,4200
item-000342,ord-00225,var-sock-lilac-m,1,11900,643,4200
item-000343,ord-00226,var-sock-coral-s,2,11900,709,4200
item-000344,ord-00227,var-sock-rose-s,2,11900,2081,4200
item-000345,ord-00228,var-top-rose-s,1,21900,564,8200
item-000346,ord-00228,var-sock-rose-m,2,11900,530,4200
item-000347,ord-00229,var-top-rose-s,3,21900,3663,8200
item-000348,ord-00230,var-sock-black-m,3,11900,1816,4200
item-000349,ord-00231,var-top-sand-l,2,21900,1944,8200
item-000350,ord-00231,var-sock-rose-m,1,11900,412,4200
item-000351,ord-00232,var-sock-ivory-m,1,11900,915,4200
item-000352,ord-00233,var-top-black-s,3,21900,2543,8200
item-000353,ord-00233,var-short-coral-s,1,18900,557,7100
item-000354,ord-00234,var-sock-ivory-m,1,11900,359,4200
item-000355,ord-00235,var-sock-rose-l,3,11900,1749,4200
item-000356,ord-00236,var-sock-rose-l,3,11900,3053,4200
item-000357,ord-00237,var-sock-black-l,3,11900,3143,4200
item-000358,ord-00237,var-short-coral-m,2,18900,3005,7100
item-000359,ord-00238,var-sock-sage-m,2,11900,1038,4200
item-000360,ord-00239,var-short-navy-s,1,18900,438,7100
item-000361,ord-00239,var-short-navy-l,2,18900,799,7100
item-000362,ord-00239,var-legging-navy-l,2,29900,3106,11200
item-000363,ord-00240,var-legging-navy-l,2,29900,1586,11200
item-000364,ord-00240,var-sock-black-l,2,11900,1583,4200
item-000365,ord-00241,var-top-sand-m,3,21900,1733,8200
item-000366,ord-00242,var-sock-lilac-l,1,11900,244,4200
item-000367,ord-00243,var-sock-black-l,1,11900,557,4200
item-000368,ord-00244,var-short-navy-s,1,18900,1226,7100
item-000369,ord-00244,var-legging-black-l,3,29900,5330,11200
item-000370,ord-00245,var-sock-lilac-m,3,11900,2429,4200
item-000371,ord-00246,var-sock-lilac-m,2,11900,1793,4200
item-000372,ord-00247,var-short-coral-s,2,18900,1299,7100
item-000373,ord-00248,var-sock-rose-m,2,11900,1118,4200
item-000374,ord-00248,var-sock-black-l,3,11900,2934,4200
item-000375,ord-00249,var-short-black-s,2,18900,1722,7100
item-000376,ord-00249,var-short-navy-s,2,18900,3281,7100
item-000377,ord-00250,var-short-navy-m,2,18900,2096,7100
item-000378,ord-00250,var-top-rose-m,2,21900,2174,8200
item-000379,ord-00251,var-sock-coral-m,1,11900,1049,4200
item-000380,ord-00251,var-sock-sage-m,2,11900,1453,4200
item-000381,ord-00252,var-legging-black-m,1,29900,778,11200
item-000382,ord-00253,var-short-coral-l,1,18900,536,7100
item-000383,ord-00253,var-short-coral-m,1,18900,594,7100
item-000384,ord-00254,var-sock-ivory-m,3,11900,2666,4200
item-000385,ord-00255,var-sock-coral-m,1,11900,457,4200
item-000386,ord-00255,var-short-black-l,1,18900,1034,7100
item-000387,ord-00256,var-sock-ivory-s,3,11900,2398,4200
item-000388,ord-00256,var-sock-coral-m,1,11900,274,4200
item-000389,ord-00256,var-legging-olive-m,1,29900,1585,11200
item-000390,ord-00257,var-short-coral-l,3,18900,2798,7100
item-000391,ord-00258,var-short-black-s,2,18900,1071,7100
item-000392,ord-00258,var-legging-black-m,1,29900,1065,11200
item-000393,ord-00259,var-sock-sage-s,2,11900,1021,4200
item-000394,ord-00259,var-sock-black-s,2,11900,810,4200
item-000395,ord-00260,var-sock-coral-s,1,11900,848,4200
item-000396,ord-00260,var-sock-rose-m,1,11900,243,4200
item-000397,ord-00261,var-sock-lilac-s,3,11900,2531,4200
item-000398,ord-00262,var-legging-navy-m,3,29900,3551,11200
item-000399,ord-00262,var-sock-rose-m,3,11900,1746,4200
item-000400,ord-00263,var-sock-lilac-s,1,11900,731,4200
item-000401,ord-00264,var-sock-sage-m,2,11900,1643,4200
item-000402,ord-00264,var-top-black-m,2,21900,1709,8200
item-000403,ord-00265,var-sock-lilac-l,2,11900,1153,4200
item-000404,ord-00265,var-sock-rose-s,2,11900,989,4200
item-000405,ord-00266,var-legging-black-m,1,29900,2347,11200
item-000406,ord-00267,var-sock-black-m,3,11900,1460,4200
item-000407,ord-00268,var-sock-ivory-s,2,11900,645,4200
item-000408,ord-00269,var-top-black-l,3,21900,4212,8200
item-000409,ord-00269,var-short-black-s,3,18900,2161,7100
item-000410,ord-00270,var-sock-sage-m,1,11900,273,4200
item-000411,ord-00271,var-top-rose-s,1,21900,1024,8200
item-000412,ord-00272,var-sock-ivory-m,1,11900,749,4200
item-000413,ord-00272,var-short-black-l,2,18900,2076,7100
item-000414,ord-00273,var-sock-coral-m,1,11900,763,4200
item-000415,ord-00273,var-short-navy-m,1,18900,1686,7100
item-000416,ord-00273,var-top-black-l,2,21900,2545,8200
item-000417,ord-00274,var-sock-sage-m,3,11900,1261,4200
item-000418,ord-00274,var-short-navy-s,2,18900,911,7100
item-000419,ord-00275,var-legging-navy-s,1,29900,1972,11200
item-000420,ord-00276,var-legging-olive-m,3,29900,7109,11200
item-000421,ord-00277,var-sock-sage-m,3,11900,2457,4200
item-000422,ord-00278,var-sock-rose-s,2,11900,1379,4200
item-000423,ord-00279,var-sock-coral-s,1,11900,514,4200
item-000424,ord-00280,var-top-black-m,1,21900,471,8200
item-000425,ord-00281,var-legging-black-l,2,29900,4145,11200
item-000426,ord-00282,var-short-coral-l,2,18900,2851,7100
item-000427,ord-00282,var-short-black-l,2,18900,1216,7100
item-000428,ord-00283,var-sock-ivory-l,2,11900,987,4200
item-000429,ord-00284,var-top-sand-s,3,21900,1462,8200
item-000430,ord-00285,var-legging-navy-s,2,29900,1784,11200
item-000431,ord-00286,var-legging-black-l,3,29900,6001,11200
item-000432,ord-00286,var-top-black-m,2,21900,910,8200
item-000433,ord-00287,var-legging-black-m,2,29900,3030,11200
item-000434,ord-00288,var-sock-coral-l,2,11900,644,4200
item-000435,ord-00289,var-sock-black-m,2,11900,509,4200
item-000436,ord-00289,var-sock-ivory-s,1,11900,522,4200
item-000437,ord-00290,var-top-rose-s,3,21900,1456,8200
item-000438,ord-00290,var-legging-navy-l,3,29900,7380,11200
item-000439,ord-00290,var-sock-ivory-s,2,11900,818,4200
item-000440,ord-00291,var-sock-ivory-s,1,11900,565,4200
item-000441,ord-00292,var-sock-coral-s,1,11900,318,4200
item-000442,ord-00292,var-sock-sage-s,1,11900,632,4200
item-000443,ord-00293,var-sock-coral-l,2,11900,784,4200
item-000444,ord-00294,var-sock-rose-l,3,11900,868,4200
item-000445,ord-00295,var-sock-rose-m,3,11900,866,4200
item-000446,ord-00296,var-sock-sage-s,1,11900,566,4200
item-000447,ord-00297,var-short-black-m,1,18900,537,7100
item-000448,ord-00298,var-legging-navy-m,1,29900,1484,11200
item-000449,ord-00299,var-legging-olive-l,2,29900,5008,11200
item-000450,ord-00300,var-sock-black-s,3,11900,2271,4200
item-000451,ord-00301,var-short-navy-s,1,18900,1601,7100
item-000452,ord-00301,var-sock-ivory-s,2,11900,1921,4200
item-000453,ord-00302,var-sock-ivory-l,2,11900,1147,4200
item-000454,ord-00303,var-top-black-m,3,21900,2406,8200
item-000455,ord-00303,var-legging-olive-l,2,29900,1280,11200
item-000456,ord-00304,var-legging-olive-m,1,29900,1226,11200
item-000457,ord-00305,var-sock-lilac-l,1,11900,998,4200
item-000458,ord-00306,var-top-rose-m,1,21900,538,8200
item-000459,ord-00307,var-sock-black-s,1,11900,398,4200
item-000460,ord-00307,var-short-navy-l,1,18900,708,7100
item-000461,ord-00307,var-sock-sage-l,3,11900,1211,4200
item-000462,ord-00308,var-sock-coral-s,3,11900,1828,4200
item-000463,ord-00309,var-sock-black-l,2,11900,521,4200
item-000464,ord-00310,var-short-coral-s,1,18900,733,7100
item-000465,ord-00311,var-top-rose-s,1,21900,1430,8200
item-000466,ord-00312,var-legging-olive-l,2,29900,4944,11200
item-000467,ord-00313,var-top-sand-s,3,21900,1784,8200
item-000468,ord-00314,var-sock-sage-s,2,11900,1616,4200
item-000469,ord-00315,var-legging-olive-l,3,29900,6258,11200
item-000470,ord-00316,var-short-navy-m,3,18900,2737,7100
item-000471,ord-00317,var-legging-olive-l,2,29900,2889,11200
item-000472,ord-00318,var-sock-rose-m,3,11900,2050,4200
item-000473,ord-00319,var-short-navy-l,3,18900,4612,7100
item-000474,ord-00320,var-sock-ivory-l,3,11900,2962,4200
item-000475,ord-00321,var-top-black-l,2,21900,2671,8200
item-000476,ord-00322,var-sock-ivory-s,3,11900,1667,4200
item-000477,ord-00323,var-top-black-m,2,21900,3902,8200
item-000478,ord-00323,var-top-sand-l,1,21900,923,8200
item-000479,ord-00324,var-sock-lilac-l,2,11900,824,4200
item-000480,ord-00324,var-short-black-s,1,18900,1025,7100
item-000481,ord-00324,var-legging-black-l,1,29900,1884,11200
item-000482,ord-00325,var-sock-rose-s,3,11900,1646,4200
item-000483,ord-00325,var-sock-sage-m,3,11900,1190,4200
item-000484,ord-00326,var-top-black-s,1,21900,595,8200
item-000485,ord-00326,var-sock-sage-s,1,11900,292,4200
item-000486,ord-00327,var-legging-navy-m,2,29900,5365,11200
item-000487,ord-00328,var-sock-ivory-m,1,11900,849,4200
item-000488,ord-00328,var-legging-navy-l,1,29900,1365,11200
item-000489,ord-00329,var-short-black-m,1,18900,1253,7100
item-000490,ord-00330,var-sock-coral-l,2,11900,1266,4200
item-000491,ord-00330,var-sock-black-s,2,11900,1177,4200
item-000492,ord-00331,var-top-rose-m,3,21900,4154,8200
item-000493,ord-00331,var-sock-ivory-s,2,11900,806,4200
item-000494,ord-00332,var-sock-lilac-m,2,11900,743,4200
item-000495,ord-00333,var-sock-black-l,1,11900,933,4200
item-000496,ord-00333,var-legging-navy-m,1,29900,2229,11200
item-000497,ord-00334,var-sock-sage-s,2,11900,1249,4200
item-000498,ord-00335,var-sock-sage-m,2,11900,1706,4200
item-000499,ord-00336,var-sock-ivory-l,2,11900,1071,4200
item-000500,ord-00336,var-sock-rose-l,3,11900,946,4200
item-000501,ord-00337,var-sock-coral-s,2,11900,1556,4200
item-000502,ord-00337,var-legging-navy-s,1,29900,2055,11200
item-000503,ord-00338,var-top-rose-s,3,21900,4433,8200
item-000504,ord-00338,var-sock-lilac-s,2,11900,1494,4200
item-000505,ord-00339,var-sock-coral-s,1,11900,977,4200
item-000506,ord-00340,var-top-rose-m,3,21900,3966,8200
item-000507,ord-00340,var-sock-sage-m,3,11900,2021,4200
item-000508,ord-00341,var-short-black-l,2,18900,1149,7100
item-000509,ord-00341,var-short-black-m,1,18900,393,7100
item-000510,ord-00341,var-top-rose-m,2,21900,3487,8200
item-000511,ord-00342,var-sock-coral-m,1,11900,696,4200
item-000512,ord-00342,var-sock-rose-m,1,11900,620,4200
item-000513,ord-00343,var-sock-coral-s,3,11900,2346,4200
item-000514,ord-00344,var-short-black-m,3,18900,2342,7100
item-000515,ord-00345,var-sock-black-m,1,11900,941,4200
item-000516,ord-00346,var-sock-lilac-l,1,11900,319,4200
item-000517,ord-00347,var-sock-ivory-s,1,11900,985,4200
item-000518,ord-00348,var-sock-rose-s,1,11900,338,4200
item-000519,ord-00349,var-sock-lilac-m,1,11900,1009,4200
item-000520,ord-00349,var-short-black-s,1,18900,1399,7100
item-000521,ord-00350,var-sock-black-m,3,11900,3051,4200
item-000522,ord-00351,var-sock-ivory-m,1,11900,560,4200
item-000523,ord-00352,var-short-coral-m,1,18900,739,7100
item-000524,ord-00352,var-top-black-s,2,21900,3343,8200
item-000525,ord-00353,var-sock-coral-l,2,11900,1661,4200
item-000526,ord-00354,var-legging-navy-m,3,29900,5875,11200
item-000527,ord-00355,var-sock-sage-l,3,11900,1914,4200
item-000528,ord-00355,var-sock-lilac-m,3,11900,2582,4200
item-000529,ord-00356,var-sock-black-s,2,11900,718,4200
item-000530,ord-00357,var-legging-navy-m,1,29900,2043,11200
item-000531,ord-00358,var-sock-coral-l,1,11900,856,4200
item-000532,ord-00358,var-sock-rose-m,3,11900,2673,4200
item-000533,ord-00358,var-top-black-s,3,21900,4370,8200
item-000534,ord-00359,var-sock-coral-l,1,11900,248,4200
item-000535,ord-00360,var-sock-rose-m,3,11900,2474,4200
item-000536,ord-00361,var-top-black-s,2,21900,1419,8200
item-000537,ord-00362,var-sock-black-m,2,11900,941,4200
item-000538,ord-00363,var-sock-ivory-m,1,11900,366,4200
item-000539,ord-00363,var-sock-black-m,3,11900,2252,4200
item-000540,ord-00364,var-sock-sage-m,3,11900,1263,4200
item-000541,ord-00365,var-sock-lilac-s,1,11900,529,4200
item-000542,ord-00365,var-short-coral-s,2,18900,1632,7100
item-000543,ord-00366,var-short-navy-l,3,18900,1168,7100
item-000544,ord-00367,var-top-black-m,2,21900,3684,8200
item-000545,ord-00368,var-sock-sage-l,3,11900,2720,4200
item-000546,ord-00368,var-sock-black-m,2,11900,1972,4200
item-000547,ord-00369,var-top-rose-l,3,21900,1347,8200
item-000548,ord-00369,var-sock-rose-s,3,11900,1774,4200
item-000549,ord-00370,var-top-sand-m,3,21900,5070,8200
item-000550,ord-00371,var-sock-black-l,1,11900,386,4200
item-000551,ord-00372,var-sock-lilac-l,3,11900,1724,4200
item-000552,ord-00373,var-short-black-m,1,18900,1378,7100
item-000553,ord-00374,var-sock-sage-s,3,11900,1467,4200
item-000554,ord-00374,var-sock-lilac-l,2,11900,1134,4200
item-000555,ord-00375,var-sock-coral-l,2,11900,2075,4200
item-000556,ord-00375,var-sock-sage-l,1,11900,699,4200
item-000557,ord-00375,var-sock-ivory-s,1,11900,242,4200
item-000558,ord-00376,var-short-coral-l,2,18900,1316,7100
item-000559,ord-00376,var-top-rose-m,1,21900,684,8200
item-000560,ord-00377,var-legging-black-m,3,29900,4690,11200
item-000561,ord-00377,var-sock-sage-s,3,11900,882,4200
item-000562,ord-00378,var-legging-olive-m,1,29900,1194,11200
item-000563,ord-00378,var-sock-rose-s,2,11900,1285,4200
item-000564,ord-00379,var-sock-sage-m,2,11900,756,4200
item-000565,ord-00380,var-sock-sage-m,2,11900,1247,4200
item-000566,ord-00380,var-sock-sage-s,2,11900,1395,4200
item-000567,ord-00381,var-sock-coral-l,1,11900,457,4200
item-000568,ord-00382,var-short-navy-l,3,18900,3431,7100
item-000569,ord-00383,var-top-rose-s,3,21900,4879,8200
item-000570,ord-00384,var-legging-navy-m,2,29900,3293,11200
item-000571,ord-00385,var-short-black-m,3,18900,1792,7100
item-000572,ord-00386,var-sock-sage-l,1,11900,420,4200
item-000573,ord-00387,var-sock-sage-l,2,11900,1258,4200
item-000574,ord-00387,var-sock-black-m,1,11900,1054,4200
item-000575,ord-00388,var-sock-rose-l,3,11900,2074,4200
item-000576,ord-00389,var-sock-rose-m,3,11900,1728,4200
item-000577,ord-00390,var-sock-ivory-l,1,11900,302,4200
item-000578,ord-00391,var-legging-navy-s,3,29900,3240,11200
item-000579,ord-00391,var-short-coral-l,1,18900,1015,7100
item-000580,ord-00392,var-sock-ivory-l,1,11900,762,4200
item-000581,ord-00392,var-sock-ivory-m,1,11900,376,4200
item-000582,ord-00392,var-top-rose-m,2,21900,2713,8200
item-000583,ord-00393,var-legging-black-l,1,29900,1538,11200
item-000584,ord-00394,var-short-navy-l,1,18900,1202,7100
item-000585,ord-00395,var-sock-black-l,1,11900,553,4200
item-000586,ord-00395,var-sock-black-s,1,11900,673,4200
item-000587,ord-00396,var-sock-black-m,3,11900,1971,4200
item-000588,ord-00397,var-sock-black-s,3,11900,2336,4200
item-000589,ord-00398,var-sock-coral-s,2,11900,1059,4200
item-000590,ord-00399,var-sock-black-l,2,11900,1472,4200
item-000591,ord-00400,var-sock-black-s,2,11900,1566,4200
item-000592,ord-00401,var-sock-coral-l,2,11900,1416,4200
item-000593,ord-00402,var-top-rose-s,1,21900,1005,8200
item-000594,ord-00402,var-sock-rose-l,2,11900,1438,4200
item-000595,ord-00403,var-short-coral-l,1,18900,968,7100
item-000596,ord-00404,var-short-coral-s,3,18900,1340,7100
item-000597,ord-00405,var-legging-black-l,1,29900,1148,11200
item-000598,ord-00406,var-sock-coral-m,2,11900,1661,4200
item-000599,ord-00407,var-sock-rose-s,3,11900,3039,4200
item-000600,ord-00408,var-short-black-m,1,18900,1269,7100
item-000601,ord-00409,var-sock-lilac-s,2,11900,1591,4200
item-000602,ord-00409,var-sock-rose-s,3,11900,752,4200
item-000603,ord-00409,var-legging-black-l,3,29900,3580,11200
item-000604,ord-00410,var-legging-olive-s,2,29900,5087,11200
item-000605,ord-00410,var-sock-rose-l,1,11900,577,4200
item-000606,ord-00411,var-top-rose-l,3,21900,2464,8200
item-000607,ord-00412,var-top-sand-l,3,21900,3432,8200
item-000608,ord-00413,var-short-coral-s,3,18900,2046,7100
item-000609,ord-00414,var-sock-sage-s,1,11900,570,4200
item-000610,ord-00415,var-sock-rose-l,1,11900,1026,4200
item-000611,ord-00416,var-sock-rose-s,1,11900,934,4200
item-000612,ord-00417,var-short-black-m,1,18900,1389,7100
item-000613,ord-00418,var-short-black-s,2,18900,2054,7100
item-000614,ord-00419,var-top-rose-s,3,21900,1463,8200
item-000615,ord-00419,var-sock-ivory-l,2,11900,2102,4200
item-000616,ord-00420,var-sock-ivory-s,2,11900,1078,4200
item-000617,ord-00420,var-legging-navy-l,3,29900,3444,11200
item-000618,ord-00421,var-sock-sage-l,2,11900,1899,4200
item-000619,ord-00422,var-short-navy-m,1,18900,1112,7100
item-000620,ord-00423,var-legging-navy-l,2,29900,3287,11200
item-000621,ord-00423,var-short-black-l,3,18900,3253,7100
item-000622,ord-00424,var-legging-black-m,1,29900,2301,11200
item-000623,ord-00424,var-sock-ivory-s,2,11900,1716,4200
item-000624,ord-00425,var-sock-sage-l,3,11900,3120,4200
item-000625,ord-00425,var-sock-coral-l,1,11900,1053,4200
item-000626,ord-00426,var-sock-sage-s,2,11900,1528,4200
item-000627,ord-00426,var-sock-ivory-l,3,11900,2732,4200
item-000628,ord-00426,var-sock-lilac-s,1,11900,303,4200
item-000629,ord-00427,var-top-sand-s,2,21900,3597,8200
item-000630,ord-00428,var-sock-black-s,1,11900,844,4200
item-000631,ord-00428,var-short-coral-l,3,18900,4109,7100
item-000632,ord-00429,var-sock-lilac-s,3,11900,2625,4200
item-000633,ord-00430,var-sock-sage-s,2,11900,1519,4200
item-000634,ord-00430,var-sock-ivory-l,1,11900,267,4200
item-000635,ord-00431,var-sock-coral-l,1,11900,730,4200
item-000636,ord-00432,var-top-rose-l,2,21900,3662,8200
item-000637,ord-00433,var-sock-sage-s,1,11900,238,4200
item-000638,ord-00433,var-legging-navy-m,2,29900,2396,11200
item-000639,ord-00434,var-short-navy-m,2,18900,2335,7100
item-000640,ord-00434,var-top-rose-l,2,21900,1454,8200
item-000641,ord-00435,var-sock-black-l,2,11900,1517,4200
item-000642,ord-00436,var-short-navy-m,2,18900,1848,7100
item-000643,ord-00436,var-legging-navy-l,1,29900,1204,11200
item-000644,ord-00437,var-sock-black-m,3,11900,769,4200
item-000645,ord-00437,var-top-black-s,2,21900,1259,8200
item-000646,ord-00438,var-sock-coral-s,2,11900,1248,4200
item-000647,ord-00438,var-top-black-m,1,21900,1731,8200
item-000648,ord-00439,var-legging-olive-l,2,29900,4663,11200
item-000649,ord-00439,var-sock-rose-m,2,11900,1760,4200
item-000650,ord-00440,var-sock-rose-s,2,11900,1124,4200
item-000651,ord-00441,var-sock-ivory-s,2,11900,1277,4200
item-000652,ord-00442,var-sock-lilac-m,2,11900,501,4200
item-000653,ord-00443,var-sock-coral-s,3,11900,2203,4200
item-000654,ord-00443,var-sock-black-l,1,11900,369,4200
item-000655,ord-00443,var-sock-sage-m,3,11900,864,4200
item-000656,ord-00444,var-sock-coral-l,3,11900,2604,4200
item-000657,ord-00444,var-top-sand-l,3,21900,2201,8200
item-000658,ord-00445,var-sock-sage-s,3,11900,2455,4200
item-000659,ord-00446,var-top-rose-l,1,21900,543,8200
item-000660,ord-00446,var-sock-sage-s,2,11900,1378,4200
item-000661,ord-00447,var-top-black-l,3,21900,2412,8200
item-000662,ord-00448,var-short-navy-s,3,18900,1745,7100
item-000663,ord-00448,var-sock-lilac-m,3,11900,1518,4200
item-000664,ord-00449,var-sock-ivory-s,2,11900,795,4200
item-000665,ord-00449,var-sock-lilac-s,3,11900,1938,4200
item-000666,ord-00450,var-sock-rose-s,3,11900,1942,4200
item-000667,ord-00451,var-legging-black-m,3,29900,3463,11200
item-000668,ord-00452,var-sock-rose-m,3,11900,1676,4200
item-000669,ord-00453,var-sock-ivory-s,3,11900,2154,4200
item-000670,ord-00454,var-sock-lilac-s,3,11900,1557,4200
item-000671,ord-00454,var-sock-lilac-l,2,11900,1979,4200
item-000672,ord-00455,var-sock-rose-m,3,11900,2077,4200
item-000673,ord-00456,var-sock-black-m,2,11900,1468,4200
item-000674,ord-00457,var-sock-sage-m,1,11900,880,4200
item-000675,ord-00458,var-sock-ivory-m,1,11900,458,4200
item-000676,ord-00458,var-legging-olive-m,1,29900,1134,11200
item-000677,ord-00459,var-short-navy-m,2,18900,1213,7100
item-000678,ord-00460,var-sock-lilac-s,1,11900,887,4200
item-000679,ord-00460,var-top-black-m,2,21900,3573,8200
item-000680,ord-00460,var-sock-ivory-s,1,11900,860,4200
item-000681,ord-00461,var-sock-coral-l,3,11900,1087,4200
item-000682,ord-00461,var-sock-rose-m,1,11900,280,4200
item-000683,ord-00462,var-sock-lilac-m,2,11900,1786,4200
item-000684,ord-00463,var-sock-lilac-s,3,11900,1799,4200
item-000685,ord-00464,var-legging-olive-s,3,29900,5661,11200
item-000686,ord-00465,var-legging-black-l,1,29900,2003,11200
item-000687,ord-00465,var-sock-sage-l,1,11900,505,4200
item-000688,ord-00466,var-top-sand-l,3,21900,1984,8200
item-000689,ord-00467,var-sock-ivory-m,2,11900,498,4200
item-000690,ord-00467,var-legging-navy-s,2,29900,3079,11200
item-000691,ord-00468,var-top-rose-l,2,21900,2786,8200
item-000692,ord-00469,var-sock-rose-s,3,11900,2258,4200
item-000693,ord-00469,var-sock-black-s,1,11900,561,4200
item-000694,ord-00470,var-sock-lilac-s,1,11900,1054,4200
item-000695,ord-00471,var-legging-black-l,1,29900,1014,11200
item-000696,ord-00472,var-sock-coral-s,2,11900,1716,4200
item-000697,ord-00473,var-top-rose-m,2,21900,3365,8200
item-000698,ord-00473,var-top-sand-s,1,21900,1885,8200
item-000699,ord-00474,var-sock-lilac-s,3,11900,3114,4200
item-000700,ord-00475,var-sock-sage-m,2,11900,1379,4200
item-000701,ord-00476,var-sock-coral-m,1,11900,596,4200
item-000702,ord-00477,var-sock-ivory-s,1,11900,502,4200
item-000703,ord-00477,var-short-coral-l,1,18900,1390,7100
item-000704,ord-00477,var-top-sand-m,2,21900,1806,8200
item-000705,ord-00478,var-sock-rose-l,3,11900,2131,4200
item-000706,ord-00478,var-sock-rose-m,1,11900,810,4200
item-000707,ord-00479,var-sock-lilac-s,2,11900,1265,4200
item-000708,ord-00480,var-legging-olive-m,3,29900,6009,11200
item-000709,ord-00481,var-top-rose-s,3,21900,2808,8200
item-000710,ord-00482,var-short-coral-l,2,18900,1798,7100
item-000711,ord-00483,var-sock-black-m,1,11900,670,4200
item-000712,ord-00484,var-sock-sage-s,2,11900,1244,4200
item-000713,ord-00484,var-sock-black-m,3,11900,2005,4200
item-000714,ord-00485,var-short-coral-m,3,18900,1671,7100
item-000715,ord-00485,var-sock-lilac-l,1,11900,387,4200
item-000716,ord-00486,var-sock-ivory-l,3,11900,2546,4200
item-000717,ord-00486,var-sock-lilac-l,3,11900,1620,4200
item-000718,ord-00487,var-sock-coral-l,2,11900,549,4200
item-000719,ord-00488,var-legging-navy-l,3,29900,2116,11200
item-000720,ord-00488,var-sock-lilac-l,2,11900,1519,4200
item-000721,ord-00489,var-sock-coral-s,3,11900,2731,4200
item-000722,ord-00489,var-top-rose-s,1,21900,770,8200
item-000723,ord-00490,var-sock-coral-l,1,11900,278,4200
item-000724,ord-00490,var-sock-sage-l,1,11900,359,4200
item-000725,ord-00491,var-sock-lilac-m,1,11900,372,4200
item-000726,ord-00492,var-sock-lilac-l,3,11900,2160,4200
item-000727,ord-00493,var-short-navy-l,3,18900,1391,7100
item-000728,ord-00494,var-sock-rose-s,3,11900,1236,4200
item-000729,ord-00494,var-sock-coral-m,1,11900,640,4200
item-000730,ord-00494,var-short-navy-m,3,18900,2273,7100
item-000731,ord-00495,var-top-rose-s,3,21900,4667,8200
item-000732,ord-00496,var-sock-rose-s,1,11900,336,4200
item-000733,ord-00496,var-sock-ivory-s,3,11900,2833,4200
item-000734,ord-00497,var-sock-sage-s,2,11900,1792,4200
item-000735,ord-00497,var-sock-coral-m,3,11900,1523,4200
item-000736,ord-00498,var-sock-sage-m,3,11900,1911,4200
item-000737,ord-00499,var-sock-sage-m,2,11900,1782,4200
item-000738,ord-00500,var-sock-sage-m,2,11900,586,4200
item-000739,ord-00501,var-short-black-s,3,18900,2680,7100
item-000740,ord-00502,var-sock-black-m,2,11900,1165,4200
item-000741,ord-00503,var-sock-ivory-l,1,11900,549,4200
item-000742,ord-00503,var-sock-rose-s,1,11900,607,4200
item-000743,ord-00504,var-top-rose-m,2,21900,3253,8200
item-000744,ord-00505,var-sock-black-m,2,11900,1121,4200
item-000745,ord-00506,var-legging-black-l,2,29900,3150,11200
item-000746,ord-00507,var-sock-sage-s,3,11900,2943,4200
item-000747,ord-00507,var-sock-rose-s,2,11900,936,4200
item-000748,ord-00508,var-sock-coral-l,3,11900,969,4200
item-000749,ord-00508,var-legging-black-l,2,29900,1788,11200
item-000750,ord-00509,var-sock-lilac-l,1,11900,346,4200
item-000751,ord-00510,var-sock-lilac-l,3,11900,1602,4200
item-000752,ord-00511,var-short-navy-s,2,18900,2258,7100
item-000753,ord-00511,var-sock-lilac-l,1,11900,617,4200
item-000754,ord-00511,var-short-coral-m,2,18900,2001,7100
item-000755,ord-00512,var-short-coral-s,2,18900,2843,7100
item-000756,ord-00512,var-top-sand-l,2,21900,968,8200
item-000757,ord-00513,var-sock-ivory-m,3,11900,971,4200
item-000758,ord-00513,var-short-navy-m,1,18900,809,7100
item-000759,ord-00514,var-sock-rose-m,3,11900,1111,4200
item-000760,ord-00515,var-sock-sage-m,3,11900,2448,4200
item-000761,ord-00516,var-legging-navy-s,3,29900,5536,11200
item-000762,ord-00517,var-sock-ivory-s,3,11900,2748,4200
item-000763,ord-00518,var-sock-ivory-m,3,11900,2971,4200
item-000764,ord-00518,var-legging-black-s,1,29900,1981,11200
item-000765,ord-00519,var-top-black-m,2,21900,2624,8200
item-000766,ord-00519,var-top-black-s,2,21900,3076,8200
item-000767,ord-00520,var-legging-black-m,2,29900,4967,11200
item-000768,ord-00521,var-legging-black-s,1,29900,1501,11200
item-000769,ord-00521,var-short-black-l,2,18900,2639,7100
item-000770,ord-00522,var-sock-lilac-s,2,11900,1875,4200
item-000771,ord-00523,var-sock-black-s,1,11900,838,4200
item-000772,ord-00523,var-sock-lilac-m,1,11900,308,4200
item-000773,ord-00524,var-short-black-m,1,18900,979,7100
item-000774,ord-00525,var-short-black-s,2,18900,2996,7100
item-000775,ord-00525,var-sock-coral-m,2,11900,1160,4200
item-000776,ord-00526,var-legging-navy-s,3,29900,4817,11200
item-000777,ord-00527,var-short-navy-s,2,18900,1986,7100
item-000778,ord-00528,var-short-coral-s,1,18900,1283,7100
item-000779,ord-00528,var-sock-sage-s,3,11900,845,4200
item-000780,ord-00528,var-sock-black-s,2,11900,1232,4200
item-000781,ord-00529,var-sock-sage-s,3,11900,2675,4200
item-000782,ord-00529,var-sock-coral-s,3,11900,1136,4200
item-000783,ord-00530,var-sock-black-l,1,11900,659,4200
item-000784,ord-00531,var-sock-ivory-l,3,11900,2560,4200
item-000785,ord-00531,var-top-black-l,1,21900,838,8200
item-000786,ord-00532,var-sock-black-l,1,11900,734,4200
item-000787,ord-00533,var-sock-ivory-l,1,11900,719,4200
item-000788,ord-00533,var-legging-black-m,3,29900,3454,11200
item-000789,ord-00534,var-top-rose-l,1,21900,1020,8200
item-000790,ord-00535,var-top-sand-l,2,21900,2956,8200
item-000791,ord-00535,var-short-coral-s,1,18900,506,7100
item-000792,ord-00536,var-legging-olive-l,2,29900,2327,11200
item-000793,ord-00537,var-legging-olive-s,3,29900,3912,11200
item-000794,ord-00538,var-sock-ivory-s,3,11900,973,4200
item-000795,ord-00539,var-legging-black-m,3,29900,5916,11200
item-000796,ord-00539,var-short-black-m,3,18900,1617,7100
item-000797,ord-00540,var-legging-olive-l,2,29900,3150,11200
item-000798,ord-00541,var-short-coral-s,2,18900,1436,7100
item-000799,ord-00542,var-sock-rose-l,1,11900,604,4200
item-000800,ord-00542,var-sock-rose-s,3,11900,1695,4200
item-000801,ord-00543,var-top-sand-l,3,21900,2505,8200
item-000802,ord-00543,var-sock-black-l,3,11900,2532,4200
item-000803,ord-00544,var-legging-olive-l,1,29900,2063,11200
item-000804,ord-00545,var-sock-lilac-s,3,11900,2665,4200
item-000805,ord-00545,var-top-rose-l,1,21900,443,8200
item-000806,ord-00545,var-short-navy-l,2,18900,1076,7100
item-000807,ord-00546,var-legging-black-l,2,29900,3433,11200
item-000808,ord-00547,var-sock-coral-l,1,11900,1043,4200
item-000809,ord-00547,var-top-black-s,3,21900,3108,8200
item-000810,ord-00548,var-sock-rose-s,1,11900,837,4200
item-000811,ord-00549,var-short-navy-m,2,18900,3313,7100
item-000812,ord-00550,var-sock-coral-m,2,11900,2042,4200
item-000813,ord-00550,var-top-rose-l,1,21900,1574,8200
item-000814,ord-00551,var-legging-black-m,1,29900,2065,11200
item-000815,ord-00552,var-sock-ivory-l,3,11900,873,4200
item-000816,ord-00553,var-top-sand-m,2,21900,3364,8200
item-000817,ord-00553,var-short-coral-s,2,18900,1613,7100
item-000818,ord-00554,var-top-black-m,1,21900,623,8200
item-000819,ord-00555,var-legging-black-m,1,29900,807,11200
item-000820,ord-00556,var-sock-black-l,3,11900,2342,4200
item-000821,ord-00556,var-top-sand-m,3,21900,5027,8200
item-000822,ord-00557,var-sock-ivory-l,3,11900,2442,4200
item-000823,ord-00558,var-top-black-l,2,21900,890,8200
item-000824,ord-00559,var-top-rose-l,3,21900,2322,8200
item-000825,ord-00560,var-sock-coral-s,2,11900,769,4200
item-000826,ord-00560,var-legging-black-m,1,29900,1947,11200
item-000827,ord-00561,var-top-rose-l,1,21900,680,8200
item-000828,ord-00561,var-sock-coral-m,1,11900,297,4200
item-000829,ord-00562,var-legging-olive-m,1,29900,1280,11200
item-000830,ord-00562,var-sock-lilac-m,1,11900,550,4200
item-000831,ord-00562,var-sock-coral-s,3,11900,1924,4200
item-000832,ord-00563,var-sock-rose-s,3,11900,1610,4200
item-000833,ord-00563,var-sock-sage-m,1,11900,264,4200
item-000834,ord-00564,var-sock-sage-m,1,11900,976,4200
item-000835,ord-00565,var-sock-rose-m,1,11900,580,4200
item-000836,ord-00566,var-sock-lilac-m,3,11900,2894,4200
item-000837,ord-00567,var-top-sand-m,1,21900,499,8200
item-000838,ord-00568,var-legging-navy-s,2,29900,3269,11200
item-000839,ord-00569,var-sock-sage-l,2,11900,874,4200
item-000840,ord-00569,var-legging-black-s,2,29900,3996,11200
item-000841,ord-00570,var-sock-ivory-m,3,11900,1726,4200
item-000842,ord-00571,var-top-rose-m,1,21900,892,8200
item-000843,ord-00571,var-short-coral-m,3,18900,3286,7100
item-000844,ord-00572,var-sock-sage-l,1,11900,330,4200
item-000845,ord-00573,var-top-rose-l,3,21900,4871,8200
item-000846,ord-00574,var-short-coral-m,1,18900,1374,7100
item-000847,ord-00575,var-sock-black-m,1,11900,548,4200
item-000848,ord-00576,var-sock-coral-l,2,11900,1228,4200
item-000849,ord-00577,var-sock-lilac-l,1,11900,304,4200
item-000850,ord-00578,var-top-rose-s,1,21900,1779,8200
item-000851,ord-00578,var-sock-black-s,2,11900,1169,4200
item-000852,ord-00579,var-top-black-s,1,21900,534,8200
item-000853,ord-00579,var-legging-olive-m,3,29900,5841,11200
item-000854,ord-00579,var-sock-sage-m,3,11900,2328,4200
item-000855,ord-00580,var-sock-sage-s,3,11900,1043,4200
item-000856,ord-00581,var-legging-black-m,1,29900,1337,11200
item-000857,ord-00582,var-sock-ivory-m,1,11900,436,4200
item-000858,ord-00582,var-sock-sage-m,3,11900,1030,4200
item-000859,ord-00583,var-legging-navy-m,2,29900,3073,11200
item-000860,ord-00584,var-sock-ivory-m,2,11900,2021,4200
item-000861,ord-00584,var-sock-coral-l,3,11900,1541,4200
item-000862,ord-00585,var-top-sand-l,2,21900,2988,8200
item-000863,ord-00586,var-sock-rose-m,2,11900,1071,4200
item-000864,ord-00586,var-sock-rose-s,3,11900,2029,4200
item-000865,ord-00587,var-top-rose-m,2,21900,1472,8200
item-000866,ord-00588,var-sock-ivory-m,3,11900,2847,4200
item-000867,ord-00589,var-sock-coral-l,1,11900,417,4200
item-000868,ord-00589,var-short-coral-l,2,18900,2882,7100
item-000869,ord-00590,var-legging-navy-m,3,29900,5548,11200
item-000870,ord-00591,var-sock-lilac-s,1,11900,243,4200
item-000871,ord-00592,var-top-black-s,3,21900,3570,8200
item-000872,ord-00592,var-short-black-m,2,18900,2063,7100
item-000873,ord-00593,var-sock-coral-s,1,11900,782,4200
item-000874,ord-00593,var-top-sand-m,1,21900,1192,8200
item-000875,ord-00594,var-short-black-m,3,18900,2569,7100
item-000876,ord-00595,var-top-black-l,3,21900,4684,8200
item-000877,ord-00596,var-top-black-l,1,21900,519,8200
item-000878,ord-00596,var-sock-sage-l,1,11900,479,4200
item-000879,ord-00596,var-sock-black-l,3,11900,1198,4200
item-000880,ord-00597,var-short-navy-l,3,18900,4308,7100
item-000881,ord-00598,var-sock-coral-m,2,11900,1097,4200
item-000882,ord-00599,var-sock-rose-m,1,11900,900,4200
item-000883,ord-00599,var-sock-coral-m,3,11900,2494,4200
item-000884,ord-00600,var-sock-black-s,2,11900,1056,4200
item-000885,ord-00600,var-legging-navy-m,2,29900,4920,11200
item-000886,ord-00601,var-legging-olive-m,1,29900,2391,11200
item-000887,ord-00601,var-sock-rose-m,2,11900,684,4200
item-000888,ord-00602,var-sock-coral-s,2,11900,546,4200
item-000889,ord-00602,var-sock-coral-m,3,11900,862,4200
item-000890,ord-00603,var-short-black-m,1,18900,1155,7100
item-000891,ord-00604,var-short-black-s,2,18900,1687,7100
item-000892,ord-00605,var-top-rose-m,1,21900,1535,8200
item-000893,ord-00606,var-short-coral-m,2,18900,1725,7100
item-000894,ord-00607,var-sock-lilac-s,2,11900,832,4200
item-000895,ord-00607,var-sock-ivory-s,2,11900,681,4200
item-000896,ord-00608,var-sock-black-m,1,11900,511,4200
item-000897,ord-00609,var-legging-olive-m,3,29900,4351,11200
item-000898,ord-00610,var-top-black-l,1,21900,457,8200
item-000899,ord-00611,var-sock-ivory-s,3,11900,3026,4200
item-000900,ord-00611,var-legging-black-l,2,29900,5278,11200
item-000901,ord-00612,var-short-coral-l,2,18900,1492,7100
item-000902,ord-00612,var-short-black-s,3,18900,2217,7100
item-000903,ord-00613,var-top-rose-m,2,21900,1327,8200
item-000904,ord-00613,var-sock-ivory-s,2,11900,1291,4200
item-000905,ord-00613,var-sock-ivory-m,1,11900,320,4200
item-000906,ord-00614,var-legging-navy-m,2,29900,3799,11200
item-000907,ord-00614,var-sock-black-l,3,11900,2592,4200
item-000908,ord-00615,var-sock-sage-m,3,11900,2080,4200
item-000909,ord-00616,var-sock-lilac-s,2,11900,1241,4200
item-000910,ord-00616,var-sock-coral-l,3,11900,2864,4200
item-000911,ord-00617,var-top-rose-s,1,21900,1310,8200
item-000912,ord-00617,var-sock-coral-l,3,11900,2061,4200
item-000913,ord-00618,var-sock-lilac-s,3,11900,2404,4200
item-000914,ord-00618,var-top-black-s,2,21900,1064,8200
item-000915,ord-00619,var-top-sand-s,1,21900,1094,8200
item-000916,ord-00620,var-short-black-s,1,18900,1582,7100
item-000917,ord-00620,var-sock-sage-s,1,11900,519,4200
item-000918,ord-00621,var-legging-olive-l,1,29900,2054,11200
item-000919,ord-00622,var-sock-coral-s,1,11900,813,4200
item-000920,ord-00622,var-top-sand-l,3,21900,2875,8200
item-000921,ord-00623,var-legging-black-l,3,29900,3138,11200
item-000922,ord-00624,var-short-coral-m,3,18900,1509,7100
item-000923,ord-00625,var-sock-black-l,3,11900,2772,4200
item-000924,ord-00626,var-sock-coral-m,2,11900,1594,4200
item-000925,ord-00626,var-sock-black-s,3,11900,2471,4200
item-000926,ord-00627,var-legging-olive-l,3,29900,5138,11200
item-000927,ord-00628,var-sock-lilac-l,1,11900,438,4200
item-000928,ord-00628,var-short-navy-s,2,18900,2989,7100
item-000929,ord-00629,var-legging-olive-l,2,29900,3900,11200
item-000930,ord-00630,var-sock-sage-s,2,11900,1284,4200
item-000931,ord-00630,var-top-sand-m,3,21900,5479,8200
item-000932,ord-00630,var-sock-rose-l,1,11900,262,4200
item-000933,ord-00631,var-short-navy-m,1,18900,451,7100
item-000934,ord-00631,var-top-black-m,3,21900,2684,8200
item-000935,ord-00632,var-sock-ivory-m,1,11900,331,4200
item-000936,ord-00633,var-sock-ivory-s,2,11900,1024,4200
item-000937,ord-00634,var-sock-ivory-s,1,11900,416,4200
item-000938,ord-00635,var-sock-ivory-s,2,11900,1385,4200
item-000939,ord-00635,var-sock-rose-m,2,11900,1941,4200
item-000940,ord-00636,var-short-black-m,1,18900,1491,7100
item-000941,ord-00636,var-legging-black-m,3,29900,7554,11200
item-000942,ord-00637,var-top-rose-l,1,21900,1752,8200
item-000943,ord-00638,var-short-navy-s,1,18900,771,7100
item-000944,ord-00638,var-legging-navy-l,2,29900,3838,11200
item-000945,ord-00639,var-top-rose-s,3,21900,3213,8200
item-000946,ord-00640,var-top-rose-m,1,21900,977,8200
item-000947,ord-00641,var-legging-navy-l,3,29900,4578,11200
item-000948,ord-00642,var-sock-ivory-l,1,11900,668,4200
item-000949,ord-00642,var-short-navy-l,3,18900,4162,7100
item-000950,ord-00643,var-legging-navy-m,2,29900,1922,11200
item-000951,ord-00644,var-sock-lilac-s,3,11900,1274,4200
item-000952,ord-00644,var-top-rose-l,3,21900,4128,8200
item-000953,ord-00645,var-short-black-m,2,18900,1150,7100
item-000954,ord-00645,var-legging-navy-l,3,29900,2530,11200
item-000955,ord-00646,var-legging-navy-s,1,29900,2091,11200
item-000956,ord-00647,var-sock-rose-s,2,11900,1686,4200
item-000957,ord-00647,var-sock-ivory-l,2,11900,1796,4200
item-000958,ord-00647,var-sock-rose-l,1,11900,752,4200
item-000959,ord-00648,var-sock-sage-m,3,11900,1707,4200
item-000960,ord-00648,var-sock-lilac-s,3,11900,1771,4200
item-000961,ord-00649,var-sock-sage-l,3,11900,3061,4200
item-000962,ord-00649,var-short-black-m,3,18900,4103,7100
item-000963,ord-00650,var-legging-navy-m,3,29900,2052,11200
item-000964,ord-00651,var-sock-sage-m,3,11900,2039,4200
item-000965,ord-00652,var-legging-olive-l,3,29900,4058,11200
item-000966,ord-00653,var-sock-ivory-l,2,11900,1703,4200
item-000967,ord-00654,var-sock-rose-s,1,11900,283,4200
item-000968,ord-00655,var-top-rose-s,1,21900,1114,8200
item-000969,ord-00656,var-sock-sage-s,1,11900,933,4200
item-000970,ord-00656,var-short-navy-l,2,18900,2246,7100
item-000971,ord-00657,var-legging-navy-l,2,29900,5048,11200
item-000972,ord-00657,var-sock-coral-s,3,11900,949,4200
item-000973,ord-00658,var-sock-ivory-s,2,11900,732,4200
item-000974,ord-00658,var-sock-coral-s,2,11900,1522,4200
item-000975,ord-00659,var-top-black-m,3,21900,5912,8200
item-000976,ord-00660,var-sock-black-l,3,11900,3092,4200
item-000977,ord-00660,var-sock-lilac-s,2,11900,772,4200
item-000978,ord-00661,var-top-black-s,3,21900,4775,8200
item-000979,ord-00661,var-legging-navy-s,2,29900,3250,11200
item-000980,ord-00662,var-top-rose-m,1,21900,1188,8200
item-000981,ord-00663,var-short-black-m,1,18900,952,7100
item-000982,ord-00664,var-short-coral-m,1,18900,1609,7100
item-000983,ord-00664,var-sock-coral-m,1,11900,480,4200
item-000984,ord-00664,var-sock-coral-s,2,11900,723,4200
item-000985,ord-00665,var-sock-black-m,3,11900,905,4200
item-000986,ord-00666,var-short-navy-l,2,18900,1696,7100
item-000987,ord-00667,var-sock-lilac-s,1,11900,307,4200
item-000988,ord-00667,var-top-black-s,2,21900,2676,8200
item-000989,ord-00668,var-short-navy-m,1,18900,657,7100
item-000990,ord-00668,var-sock-rose-l,3,11900,979,4200
item-000991,ord-00669,var-sock-lilac-s,3,11900,3127,4200
item-000992,ord-00670,var-short-coral-m,3,18900,2701,7100
item-000993,ord-00671,var-legging-olive-s,1,29900,1035,11200
item-000994,ord-00672,var-legging-navy-m,2,29900,2961,11200
item-000995,ord-00672,var-sock-ivory-m,3,11900,2469,4200
item-000996,ord-00673,var-sock-lilac-s,1,11900,516,4200
item-000997,ord-00673,var-sock-lilac-m,2,11900,1889,4200
item-000998,ord-00674,var-sock-coral-m,3,11900,2524,4200
item-000999,ord-00674,var-short-navy-l,2,18900,1369,7100
item-001000,ord-00675,var-top-rose-s,1,21900,1196,8200
item-001001,ord-00675,var-top-black-l,2,21900,3014,8200
item-001002,ord-00676,var-sock-sage-m,3,11900,2846,4200
item-001003,ord-00677,var-sock-lilac-m,3,11900,2344,4200
item-001004,ord-00678,var-sock-black-l,3,11900,1920,4200
item-001005,ord-00679,var-sock-rose-m,1,11900,701,4200
item-001006,ord-00680,var-top-rose-m,1,21900,1674,8200
item-001007,ord-00680,var-sock-ivory-s,3,11900,1280,4200
item-001008,ord-00681,var-short-navy-s,3,18900,2195,7100
item-001009,ord-00681,var-sock-coral-m,3,11900,2387,4200
item-001010,ord-00681,var-top-sand-l,2,21900,3827,8200
item-001011,ord-00682,var-legging-navy-s,3,29900,2057,11200
item-001012,ord-00683,var-sock-sage-s,3,11900,1817,4200
item-001013,ord-00684,var-sock-rose-s,2,11900,2091,4200
item-001014,ord-00684,var-legging-black-s,1,29900,2345,11200
item-001015,ord-00685,var-top-black-l,3,21900,4372,8200
item-001016,ord-00685,var-sock-coral-m,2,11900,1787,4200
item-001017,ord-00686,var-sock-sage-l,1,11900,606,4200
item-001018,ord-00687,var-sock-ivory-l,2,11900,578,4200
item-001019,ord-00687,var-short-coral-s,3,18900,1733,7100
item-001020,ord-00688,var-top-black-s,2,21900,2108,8200
item-001021,ord-00689,var-sock-rose-l,3,11900,2239,4200
item-001022,ord-00690,var-short-black-m,3,18900,2888,7100
item-001023,ord-00691,var-sock-lilac-s,3,11900,2510,4200
item-001024,ord-00691,var-top-rose-m,3,21900,2619,8200
item-001025,ord-00692,var-top-rose-l,3,21900,2503,8200
item-001026,ord-00692,var-top-black-s,3,21900,3258,8200
item-001027,ord-00693,var-sock-ivory-s,1,11900,868,4200
item-001028,ord-00693,var-top-sand-l,2,21900,2631,8200
item-001029,ord-00694,var-sock-ivory-m,3,11900,1657,4200
item-001030,ord-00694,var-legging-navy-s,2,29900,3357,11200
item-001031,ord-00695,var-sock-black-m,2,11900,1956,4200
item-001032,ord-00696,var-sock-lilac-s,2,11900,1449,4200
item-001033,ord-00697,var-top-sand-m,1,21900,659,8200
item-001034,ord-00698,var-sock-black-m,3,11900,1105,4200
item-001035,ord-00698,var-sock-ivory-s,3,11900,2843,4200
item-001036,ord-00698,var-sock-sage-l,3,11900,1437,4200
item-001037,ord-00699,var-sock-ivory-m,1,11900,890,4200
item-001038,ord-00699,var-sock-sage-s,2,11900,835,4200
item-001039,ord-00700,var-sock-sage-s,3,11900,1844,4200
item-001040,ord-00701,var-top-rose-m,3,21900,3433,8200
item-001041,ord-00702,var-short-coral-s,3,18900,2759,7100
item-001042,ord-00702,var-sock-lilac-s,2,11900,1377,4200
item-001043,ord-00703,var-short-black-s,3,18900,4293,7100
item-001044,ord-00704,var-short-black-s,1,18900,1644,7100
item-001045,ord-00704,var-sock-coral-s,3,11900,2955,4200
item-001046,ord-00705,var-sock-lilac-l,1,11900,910,4200
item-001047,ord-00705,var-top-sand-s,3,21900,1520,8200
item-001048,ord-00706,var-sock-ivory-s,3,11900,1134,4200
item-001049,ord-00706,var-sock-rose-l,1,11900,366,4200
item-001050,ord-00707,var-top-black-s,2,21900,1178,8200
item-001051,ord-00707,var-sock-sage-m,2,11900,1101,4200
item-001052,ord-00708,var-sock-coral-m,2,11900,2057,4200
item-001053,ord-00709,var-sock-rose-m,1,11900,462,4200
item-001054,ord-00710,var-sock-lilac-m,2,11900,615,4200
item-001055,ord-00711,var-short-navy-m,1,18900,1089,7100
item-001056,ord-00711,var-sock-coral-l,2,11900,545,4200
item-001057,ord-00712,var-top-rose-s,2,21900,2709,8200
item-001058,ord-00712,var-top-sand-s,2,21900,3458,8200
item-001059,ord-00713,var-sock-sage-s,1,11900,567,4200
item-001060,ord-00714,var-sock-coral-m,2,11900,1948,4200
item-001061,ord-00715,var-sock-sage-m,2,11900,826,4200
item-001062,ord-00715,var-top-black-m,1,21900,1839,8200
item-001063,ord-00715,var-sock-black-s,3,11900,1904,4200
item-001064,ord-00716,var-sock-black-l,3,11900,791,4200
item-001065,ord-00717,var-sock-ivory-l,3,11900,3172,4200
item-001066,ord-00718,var-sock-rose-l,3,11900,3016,4200
item-001067,ord-00718,var-sock-black-l,3,11900,2276,4200
item-001068,ord-00719,var-sock-rose-s,1,11900,401,4200
item-001069,ord-00719,var-top-sand-s,1,21900,1771,8200
item-001070,ord-00720,var-sock-black-l,1,11900,454,4200
item-001071,ord-00720,var-sock-rose-m,3,11900,2535,4200
item-001072,ord-00721,var-legging-black-s,2,29900,3879,11200
item-001073,ord-00722,var-top-sand-l,2,21900,1984,8200
item-001074,ord-00722,var-short-coral-l,1,18900,440,7100
item-001075,ord-00723,var-short-navy-m,1,18900,1688,7100
item-001076,ord-00723,var-sock-lilac-m,1,11900,1001,4200
item-001077,ord-00724,var-sock-black-s,3,11900,2706,4200
item-001078,ord-00724,var-short-navy-l,2,18900,1409,7100
item-001079,ord-00725,var-sock-rose-m,1,11900,884,4200
item-001080,ord-00726,var-sock-black-m,2,11900,997,4200
item-001081,ord-00726,var-legging-black-l,1,29900,727,11200
item-001082,ord-00727,var-sock-black-m,2,11900,1891,4200
item-001083,ord-00727,var-sock-lilac-m,1,11900,958,4200
item-001084,ord-00728,var-top-black-m,3,21900,5625,8200
item-001085,ord-00729,var-legging-black-l,3,29900,6750,11200
item-001086,ord-00729,var-sock-ivory-m,3,11900,1985,4200
item-001087,ord-00730,var-legging-black-m,1,29900,1250,11200
item-001088,ord-00730,var-sock-sage-l,2,11900,1448,4200
item-001089,ord-00731,var-top-rose-m,3,21900,4338,8200
item-001090,ord-00731,var-sock-rose-m,3,11900,2761,4200
item-001091,ord-00732,var-sock-black-l,2,11900,791,4200
item-001092,ord-00732,var-sock-lilac-l,3,11900,2444,4200
item-001093,ord-00732,var-short-black-s,2,18900,2386,7100
item-001094,ord-00733,var-short-black-l,1,18900,1295,7100
item-001095,ord-00734,var-sock-lilac-s,1,11900,926,4200
item-001096,ord-00735,var-sock-sage-l,1,11900,1050,4200
item-001097,ord-00735,var-sock-sage-s,1,11900,420,4200
item-001098,ord-00736,var-sock-rose-l,1,11900,255,4200
item-001099,ord-00736,var-top-sand-s,3,21900,4935,8200
item-001100,ord-00737,var-sock-ivory-l,3,11900,3155,4200
item-001101,ord-00737,var-top-sand-m,3,21900,1614,8200
item-001102,ord-00738,var-sock-lilac-m,3,11900,1325,4200
item-001103,ord-00739,var-sock-rose-m,1,11900,762,4200
item-001104,ord-00739,var-sock-ivory-m,3,11900,3133,4200
item-001105,ord-00740,var-legging-navy-l,3,29900,4230,11200
item-001106,ord-00741,var-sock-coral-s,3,11900,3102,4200
item-001107,ord-00741,var-sock-lilac-s,3,11900,3016,4200
item-001108,ord-00742,var-sock-rose-s,2,11900,1184,4200
item-001109,ord-00743,var-sock-black-l,2,11900,1216,4200
item-001110,ord-00743,var-sock-black-m,2,11900,1329,4200
item-001111,ord-00744,var-sock-lilac-s,1,11900,387,4200
item-001112,ord-00745,var-sock-coral-l,3,11900,909,4200
item-001113,ord-00745,var-sock-rose-m,1,11900,336,4200
item-001114,ord-00746,var-short-navy-s,3,18900,4489,7100
item-001115,ord-00746,var-sock-ivory-m,3,11900,2562,4200
item-001116,ord-00747,var-sock-lilac-s,3,11900,2607,4200
item-001117,ord-00748,var-legging-olive-m,1,29900,2111,11200
item-001118,ord-00749,var-sock-black-l,2,11900,1885,4200
item-001119,ord-00749,var-sock-lilac-m,1,11900,603,4200
item-001120,ord-00749,var-legging-black-s,2,29900,1777,11200
item-001121,ord-00750,var-sock-lilac-s,3,11900,2057,4200
item-001122,ord-00750,var-sock-black-s,3,11900,2676,4200
item-001123,ord-00751,var-short-black-m,3,18900,4574,7100
item-001124,ord-00752,var-sock-lilac-l,3,11900,2949,4200
item-001125,ord-00752,var-sock-ivory-s,3,11900,2095,4200
item-001126,ord-00753,var-top-black-s,1,21900,795,8200
item-001127,ord-00753,var-legging-black-l,2,29900,1436,11200
item-001128,ord-00754,var-sock-ivory-s,1,11900,684,4200
item-001129,ord-00754,var-sock-black-l,2,11900,2067,4200
item-001130,ord-00755,var-sock-sage-s,3,11900,1221,4200
item-001131,ord-00755,var-top-sand-l,2,21900,1494,8200
item-001132,ord-00756,var-top-rose-s,2,21900,2294,8200
item-001133,ord-00757,var-short-coral-m,2,18900,1790,7100
item-001134,ord-00758,var-sock-ivory-l,3,11900,2134,4200
item-001135,ord-00759,var-top-black-s,3,21900,5528,8200
item-001136,ord-00759,var-short-coral-l,1,18900,1580,7100
item-001137,ord-00760,var-top-sand-m,2,21900,1381,8200
item-001138,ord-00761,var-legging-olive-s,2,29900,1354,11200
item-001139,ord-00761,var-sock-ivory-m,2,11900,1592,4200
item-001140,ord-00762,var-sock-coral-s,2,11900,1878,4200
item-001141,ord-00763,var-sock-black-l,3,11900,2622,4200
item-001142,ord-00764,var-top-rose-l,1,21900,1115,8200
item-001143,ord-00765,var-top-sand-s,3,21900,2731,8200
item-001144,ord-00766,var-top-black-l,1,21900,744,8200
item-001145,ord-00766,var-sock-black-s,1,11900,518,4200
item-001146,ord-00766,var-sock-black-l,1,11900,1036,4200
item-001147,ord-00767,var-top-black-m,3,21900,4196,8200
item-001148,ord-00768,var-sock-sage-l,2,11900,765,4200
item-001149,ord-00768,var-sock-sage-m,1,11900,562,4200
item-001150,ord-00769,var-sock-black-l,1,11900,580,4200
item-001151,ord-00770,var-short-black-s,1,18900,711,7100
item-001152,ord-00771,var-short-coral-m,1,18900,817,7100
item-001153,ord-00772,var-sock-lilac-l,2,11900,1327,4200
item-001154,ord-00773,var-sock-ivory-s,2,11900,869,4200
item-001155,ord-00773,var-sock-rose-m,3,11900,912,4200
item-001156,ord-00774,var-sock-lilac-l,3,11900,2906,4200
item-001157,ord-00774,var-sock-sage-m,3,11900,2680,4200
item-001158,ord-00775,var-sock-sage-m,2,11900,879,4200
item-001159,ord-00776,var-short-coral-l,1,18900,1182,7100
item-001160,ord-00776,var-sock-sage-m,1,11900,606,4200
item-001161,ord-00777,var-legging-olive-s,1,29900,790,11200
item-001162,ord-00777,var-short-navy-l,1,18900,690,7100
item-001163,ord-00778,var-sock-rose-m,2,11900,951,4200
item-001164,ord-00778,var-sock-rose-s,2,11900,1912,4200
item-001165,ord-00779,var-sock-coral-m,3,11900,2550,4200
item-001166,ord-00779,var-short-navy-l,2,18900,808,7100
item-001167,ord-00780,var-legging-navy-m,3,29900,6356,11200
item-001168,ord-00781,var-sock-sage-m,1,11900,833,4200
item-001169,ord-00782,var-top-sand-s,3,21900,3030,8200
item-001170,ord-00783,var-legging-navy-s,2,29900,5097,11200
item-001171,ord-00783,var-sock-lilac-m,2,11900,1760,4200
item-001172,ord-00783,var-top-black-l,3,21900,4575,8200
item-001173,ord-00784,var-legging-olive-m,2,29900,1340,11200
item-001174,ord-00785,var-sock-ivory-m,2,11900,888,4200
item-001175,ord-00785,var-sock-ivory-l,1,11900,335,4200
item-001176,ord-00786,var-sock-lilac-m,1,11900,929,4200
item-001177,ord-00787,var-sock-sage-s,3,11900,1742,4200
item-001178,ord-00788,var-sock-rose-s,3,11900,1708,4200
item-001179,ord-00789,var-sock-lilac-m,3,11900,1755,4200
item-001180,ord-00789,var-sock-sage-m,1,11900,550,4200
item-001181,ord-00790,var-legging-navy-l,1,29900,721,11200
item-001182,ord-00791,var-short-black-m,1,18900,1526,7100
item-001183,ord-00791,var-sock-sage-s,1,11900,552,4200
item-001184,ord-00792,var-legging-black-s,1,29900,1154,11200
item-001185,ord-00793,var-sock-black-s,2,11900,1480,4200
item-001186,ord-00793,var-short-navy-s,2,18900,3222,7100
item-001187,ord-00794,var-top-black-l,3,21900,3146,8200
item-001188,ord-00795,var-sock-lilac-s,3,11900,2801,4200
item-001189,ord-00796,var-short-navy-l,1,18900,865,7100
item-001190,ord-00796,var-short-coral-s,2,18900,2118,7100
item-001191,ord-00797,var-sock-black-m,3,11900,1527,4200
item-001192,ord-00797,var-sock-coral-s,2,11900,1707,4200
item-001193,ord-00798,var-short-coral-m,1,18900,1349,7100
item-001194,ord-00799,var-top-black-s,3,21900,5896,8200
item-001195,ord-00799,var-top-sand-l,1,21900,1812,8200
item-001196,ord-00800,var-short-coral-m,1,18900,517,7100
item-001197,ord-00800,var-legging-black-s,1,29900,2542,11200
item-001198,ord-00800,var-sock-lilac-s,2,11900,843,4200
item-001199,ord-00801,var-sock-coral-l,3,11900,2526,4200
item-001200,ord-00801,var-sock-sage-m,1,11900,1014,4200
item-001201,ord-00802,var-top-sand-m,1,21900,780,8200
item-001202,ord-00803,var-sock-sage-l,1,11900,948,4200
item-001203,ord-00804,var-top-black-m,2,21900,3321,8200
item-001204,ord-00805,var-sock-lilac-l,2,11900,717,4200
item-001205,ord-00805,var-short-navy-l,1,18900,1039,7100
item-001206,ord-00806,var-sock-ivory-s,2,11900,2136,4200
item-001207,ord-00807,var-top-sand-s,1,21900,1942,8200
item-001208,ord-00808,var-sock-ivory-l,2,11900,1687,4200
item-001209,ord-00809,var-sock-coral-s,2,11900,1738,4200
item-001210,ord-00810,var-sock-ivory-s,1,11900,507,4200
item-001211,ord-00811,var-sock-ivory-m,2,11900,1635,4200
item-001212,ord-00812,var-top-black-l,3,21900,5251,8200
item-001213,ord-00812,var-sock-ivory-m,2,11900,2059,4200
item-001214,ord-00813,var-legging-navy-l,1,29900,843,11200
item-001215,ord-00813,var-sock-sage-m,3,11900,1798,4200
item-001216,ord-00814,var-sock-ivory-l,3,11900,2576,4200
item-001217,ord-00814,var-short-navy-m,3,18900,3747,7100
item-001218,ord-00815,var-top-black-l,1,21900,621,8200
item-001219,ord-00815,var-sock-coral-s,3,11900,2385,4200
item-001220,ord-00816,var-short-navy-m,3,18900,1852,7100
item-001221,ord-00816,var-sock-lilac-m,2,11900,1427,4200
item-001222,ord-00817,var-sock-black-s,2,11900,1402,4200
item-001223,ord-00817,var-sock-coral-m,2,11900,582,4200
item-001224,ord-00817,var-top-rose-l,3,21900,5079,8200
item-001225,ord-00818,var-legging-navy-l,1,29900,1759,11200
item-001226,ord-00818,var-legging-navy-s,1,29900,867,11200
item-001227,ord-00819,var-sock-sage-s,2,11900,2085,4200
item-001228,ord-00819,var-sock-black-s,1,11900,488,4200
item-001229,ord-00820,var-sock-sage-l,3,11900,2058,4200
item-001230,ord-00821,var-sock-sage-s,1,11900,1035,4200
item-001231,ord-00821,var-legging-olive-s,3,29900,4048,11200
item-001232,ord-00822,var-top-sand-s,2,21900,1131,8200
item-001233,ord-00822,var-sock-lilac-m,3,11900,1071,4200
item-001234,ord-00823,var-sock-coral-m,3,11900,1123,4200
item-001235,ord-00824,var-sock-rose-l,1,11900,680,4200
item-001236,ord-00825,var-sock-rose-l,1,11900,961,4200
item-001237,ord-00825,var-sock-black-s,1,11900,552,4200
item-001238,ord-00826,var-sock-sage-s,3,11900,2766,4200
item-001239,ord-00826,var-sock-coral-m,2,11900,1642,4200
item-001240,ord-00827,var-top-sand-s,1,21900,967,8200
item-001241,ord-00827,var-short-navy-m,3,18900,3323,7100
item-001242,ord-00828,var-sock-rose-l,1,11900,1003,4200
item-001243,ord-00829,var-sock-sage-l,2,11900,1312,4200
item-001244,ord-00830,var-sock-black-l,2,11900,1153,4200
item-001245,ord-00831,var-sock-black-m,1,11900,857,4200
item-001246,ord-00832,var-legging-navy-m,2,29900,3279,11200
item-001247,ord-00833,var-short-navy-l,3,18900,1162,7100
item-001248,ord-00833,var-sock-coral-l,3,11900,1576,4200
item-001249,ord-00834,var-sock-black-m,3,11900,1835,4200
item-001250,ord-00834,var-sock-coral-m,1,11900,383,4200
item-001251,ord-00834,var-sock-ivory-m,3,11900,1596,4200
item-001252,ord-00835,var-short-navy-l,3,18900,4510,7100
item-001253,ord-00835,var-top-black-s,2,21900,2357,8200
item-001254,ord-00836,var-sock-coral-m,1,11900,1017,4200
item-001255,ord-00836,var-top-rose-s,1,21900,983,8200
item-001256,ord-00837,var-top-sand-s,2,21900,903,8200
item-001257,ord-00837,var-sock-rose-s,1,11900,678,4200
item-001258,ord-00838,var-sock-coral-s,2,11900,1099,4200
item-001259,ord-00839,var-sock-lilac-l,1,11900,354,4200
item-001260,ord-00839,var-legging-black-s,2,29900,4894,11200
item-001261,ord-00840,var-legging-black-m,1,29900,1992,11200
item-001262,ord-00840,var-short-coral-s,2,18900,1070,7100
item-001263,ord-00841,var-short-navy-s,2,18900,2083,7100
item-001264,ord-00841,var-short-navy-l,2,18900,1103,7100
item-001265,ord-00842,var-sock-sage-m,2,11900,2102,4200
item-001266,ord-00843,var-sock-ivory-m,3,11900,1991,4200
item-001267,ord-00843,var-sock-ivory-s,2,11900,2132,4200
item-001268,ord-00844,var-sock-ivory-l,1,11900,1064,4200
item-001269,ord-00845,var-sock-rose-s,1,11900,593,4200
item-001270,ord-00845,var-legging-black-l,1,29900,1394,11200
item-001271,ord-00846,var-sock-black-m,3,11900,1781,4200
item-001272,ord-00846,var-sock-ivory-s,2,11900,1081,4200
item-001273,ord-00847,var-sock-black-s,1,11900,788,4200
item-001274,ord-00848,var-sock-coral-s,2,11900,1032,4200
item-001275,ord-00849,var-sock-sage-l,3,11900,2738,4200
item-001276,ord-00850,var-sock-ivory-s,1,11900,762,4200
item-001277,ord-00850,var-legging-black-m,3,29900,7874,11200
item-001278,ord-00851,var-sock-sage-m,2,11900,1684,4200
item-001279,ord-00851,var-legging-olive-s,3,29900,6319,11200
item-001280,ord-00851,var-sock-rose-s,2,11900,1393,4200
item-001281,ord-00852,var-top-sand-m,1,21900,1178,8200
item-001282,ord-00853,var-sock-black-m,3,11900,865,4200
item-001283,ord-00854,var-top-sand-s,3,21900,4898,8200
item-001284,ord-00854,var-sock-rose-l,1,11900,391,4200
item-001285,ord-00855,var-top-sand-l,3,21900,4568,8200
item-001286,ord-00856,var-sock-black-m,3,11900,1309,4200
item-001287,ord-00857,var-sock-black-m,3,11900,3163,4200
item-001288,ord-00858,var-top-black-m,1,21900,1888,8200
item-001289,ord-00859,var-sock-black-s,2,11900,841,4200
item-001290,ord-00859,var-legging-navy-l,2,29900,5263,11200
item-001291,ord-00860,var-sock-lilac-s,3,11900,1357,4200
item-001292,ord-00861,var-sock-lilac-s,1,11900,609,4200
item-001293,ord-00861,var-top-sand-m,2,21900,1330,8200
item-001294,ord-00862,var-sock-ivory-l,3,11900,1418,4200
item-001295,ord-00862,var-legging-olive-m,3,29900,5610,11200
item-001296,ord-00863,var-sock-black-s,3,11900,963,4200
item-001297,ord-00863,var-sock-ivory-s,1,11900,873,4200
item-001298,ord-00864,var-short-black-m,1,18900,1426,7100
item-001299,ord-00864,var-sock-ivory-s,3,11900,2553,4200
item-001300,ord-00865,var-sock-lilac-l,1,11900,494,4200
item-001301,ord-00866,var-sock-black-m,1,11900,691,4200
item-001302,ord-00867,var-sock-lilac-m,2,11900,721,4200
item-001303,ord-00868,var-short-navy-l,1,18900,1028,7100
item-001304,ord-00868,var-legging-olive-m,1,29900,2599,11200
item-001305,ord-00868,var-sock-black-l,3,11900,1547,4200
item-001306,ord-00869,var-sock-ivory-l,3,11900,1776,4200
item-001307,ord-00870,var-sock-coral-s,3,11900,1636,4200
item-001308,ord-00870,var-sock-black-l,1,11900,955,4200
item-001309,ord-00871,var-top-rose-s,1,21900,611,8200
item-001310,ord-00872,var-sock-sage-m,2,11900,1182,4200
item-001311,ord-00872,var-top-sand-m,3,21900,4963,8200
item-001312,ord-00873,var-sock-coral-s,3,11900,2047,4200
item-001313,ord-00873,var-sock-rose-m,2,11900,615,4200
item-001314,ord-00874,var-sock-black-l,1,11900,539,4200
item-001315,ord-00875,var-sock-sage-l,2,11900,1890,4200
item-001316,ord-00876,var-legging-black-m,3,29900,2659,11200
item-001317,ord-00876,var-short-coral-m,1,18900,877,7100
item-001318,ord-00877,var-sock-ivory-l,1,11900,360,4200
item-001319,ord-00878,var-sock-ivory-m,3,11900,2032,4200
item-001320,ord-00878,var-top-rose-s,2,21900,3091,8200
item-001321,ord-00879,var-short-black-m,1,18900,1043,7100
item-001322,ord-00879,var-sock-lilac-m,3,11900,3083,4200
item-001323,ord-00880,var-sock-ivory-l,2,11900,2097,4200
item-001324,ord-00881,var-sock-lilac-s,1,11900,923,4200
item-001325,ord-00881,var-short-black-m,1,18900,1458,7100
item-001326,ord-00882,var-sock-sage-l,3,11900,1774,4200
item-001327,ord-00883,var-sock-coral-l,1,11900,292,4200
item-001328,ord-00883,var-short-navy-s,2,18900,1252,7100
item-001329,ord-00884,var-sock-coral-s,1,11900,278,4200
item-001330,ord-00885,var-sock-sage-m,2,11900,1684,4200
item-001331,ord-00885,var-short-coral-m,3,18900,1520,7100
item-001332,ord-00885,var-sock-coral-m,1,11900,656,4200
item-001333,ord-00886,var-legging-black-m,2,29900,1870,11200
item-001334,ord-00887,var-short-black-l,1,18900,1395,7100
item-001335,ord-00888,var-top-black-m,2,21900,3283,8200
item-001336,ord-00889,var-short-navy-s,3,18900,2672,7100
item-001337,ord-00890,var-legging-navy-s,1,29900,896,11200
item-001338,ord-00891,var-sock-lilac-l,2,11900,758,4200
item-001339,ord-00892,var-sock-lilac-l,2,11900,2118,4200
item-001340,ord-00892,var-short-navy-s,2,18900,2476,7100
item-001341,ord-00893,var-sock-ivory-m,2,11900,1086,4200
item-001342,ord-00894,var-sock-black-m,3,11900,3156,4200
item-001343,ord-00895,var-sock-ivory-l,3,11900,1711,4200
item-001344,ord-00896,var-sock-coral-l,2,11900,657,4200
item-001345,ord-00896,var-sock-ivory-s,2,11900,1755,4200
item-001346,ord-00897,var-legging-navy-s,2,29900,3098,11200
item-001347,ord-00897,var-sock-coral-s,1,11900,771,4200
item-001348,ord-00898,var-short-navy-m,2,18900,3345,7100
item-001349,ord-00898,var-sock-rose-s,1,11900,1031,4200
item-001350,ord-00899,var-sock-black-l,2,11900,1931,4200
item-001351,ord-00899,var-sock-lilac-m,3,11900,1249,4200
item-001352,ord-00900,var-legging-navy-l,1,29900,1329,11200
item-001353,ord-00900,var-sock-coral-s,3,11900,2435,4200
item-001354,ord-00901,var-top-rose-l,3,21900,2227,8200
item-001355,ord-00902,var-legging-navy-m,2,29900,4813,11200
item-001356,ord-00902,var-sock-lilac-m,2,11900,1343,4200
item-001357,ord-00902,var-sock-lilac-l,1,11900,766,4200
item-001358,ord-00903,var-sock-ivory-l,3,11900,1657,4200
item-001359,ord-00904,var-sock-sage-l,1,11900,489,4200
item-001360,ord-00905,var-sock-lilac-m,2,11900,1062,4200
item-001361,ord-00906,var-sock-lilac-m,2,11900,770,4200
item-001362,ord-00906,var-top-rose-l,2,21900,2045,8200
item-001363,ord-00907,var-legging-navy-s,1,29900,1957,11200
item-001364,ord-00908,var-sock-lilac-l,3,11900,2166,4200
item-001365,ord-00909,var-sock-ivory-s,1,11900,951,4200
item-001366,ord-00910,var-short-coral-m,3,18900,2704,7100
item-001367,ord-00910,var-short-navy-m,1,18900,1049,7100
item-001368,ord-00911,var-sock-rose-m,1,11900,987,4200
item-001369,ord-00912,var-sock-sage-m,2,11900,759,4200
item-001370,ord-00913,var-short-navy-l,1,18900,1438,7100
item-001371,ord-00913,var-sock-ivory-m,3,11900,1689,4200
item-001372,ord-00914,var-sock-ivory-m,3,11900,1009,4200
item-001373,ord-00915,var-sock-sage-m,1,11900,315,4200
item-001374,ord-00916,var-top-rose-l,1,21900,1314,8200
item-001375,ord-00916,var-sock-ivory-m,2,11900,1533,4200
item-001376,ord-00917,var-sock-rose-m,3,11900,2663,4200
item-001377,ord-00917,var-short-navy-s,2,18900,2500,7100
item-001378,ord-00918,var-legging-navy-s,1,29900,894,11200
item-001379,ord-00918,var-sock-ivory-l,1,11900,302,4200
item-001380,ord-00919,var-sock-black-l,1,11900,810,4200
item-001381,ord-00919,var-sock-sage-m,3,11900,2983,4200
item-001382,ord-00919,var-legging-navy-l,2,29900,1238,11200
item-001383,ord-00920,var-sock-sage-l,2,11900,2133,4200
item-001384,ord-00920,var-legging-black-s,1,29900,1690,11200
item-001385,ord-00921,var-legging-olive-s,2,29900,1676,11200
item-001386,ord-00922,var-sock-black-l,2,11900,1655,4200
item-001387,ord-00922,var-top-sand-l,3,21900,5034,8200
item-001388,ord-00923,var-sock-rose-l,2,11900,647,4200
item-001389,ord-00923,var-short-black-s,2,18900,1194,7100
item-001390,ord-00924,var-short-black-m,2,18900,1891,7100
item-001391,ord-00925,var-top-rose-m,2,21900,2675,8200
item-001392,ord-00926,var-sock-black-s,1,11900,387,4200
item-001393,ord-00927,var-sock-ivory-m,2,11900,679,4200
item-001394,ord-00927,var-sock-black-s,3,11900,1535,4200
item-001395,ord-00928,var-sock-rose-s,3,11900,1257,4200
item-001396,ord-00929,var-short-black-s,3,18900,2807,7100
item-001397,ord-00930,var-sock-black-m,2,11900,1177,4200
item-001398,ord-00930,var-sock-ivory-l,3,11900,1530,4200
item-001399,ord-00931,var-sock-lilac-s,1,11900,984,4200
item-001400,ord-00932,var-short-coral-l,2,18900,1482,7100
item-001401,ord-00932,var-top-sand-s,1,21900,1291,8200
item-001402,ord-00933,var-legging-navy-s,2,29900,5121,11200
item-001403,ord-00934,var-short-coral-m,3,18900,2863,7100
item-001404,ord-00934,var-sock-rose-s,3,11900,2968,4200
item-001405,ord-00935,var-sock-black-m,1,11900,277,4200
item-001406,ord-00936,var-sock-ivory-l,1,11900,724,4200
item-001407,ord-00936,var-sock-sage-m,1,11900,865,4200
item-001408,ord-00936,var-top-sand-m,3,21900,3368,8200
item-001409,ord-00937,var-sock-coral-s,1,11900,314,4200
item-001410,ord-00938,var-legging-olive-s,3,29900,2283,11200
item-001411,ord-00939,var-sock-coral-s,1,11900,521,4200
item-001412,ord-00940,var-top-rose-m,1,21900,1839,8200
item-001413,ord-00941,var-sock-rose-l,2,11900,749,4200
item-001414,ord-00942,var-sock-lilac-l,1,11900,460,4200
item-001415,ord-00943,var-sock-lilac-m,1,11900,363,4200
item-001416,ord-00944,var-sock-lilac-s,3,11900,3033,4200
item-001417,ord-00944,var-sock-rose-s,2,11900,770,4200
item-001418,ord-00945,var-legging-navy-s,1,29900,839,11200
item-001419,ord-00946,var-short-coral-m,3,18900,2739,7100
item-001420,ord-00946,var-sock-rose-m,3,11900,2773,4200
item-001421,ord-00947,var-sock-sage-s,3,11900,721,4200
item-001422,ord-00947,var-sock-coral-s,3,11900,1477,4200
item-001423,ord-00948,var-sock-lilac-l,1,11900,1039,4200
item-001424,ord-00948,var-top-sand-m,2,21900,939,8200
item-001425,ord-00949,var-sock-coral-s,3,11900,716,4200
item-001426,ord-00949,var-top-rose-s,1,21900,507,8200
item-001427,ord-00950,var-sock-ivory-m,1,11900,321,4200
item-001428,ord-00951,var-sock-coral-s,2,11900,1082,4200
item-001429,ord-00952,var-short-coral-l,3,18900,1216,7100
item-001430,ord-00952,var-legging-olive-m,3,29900,8035,11200
item-001431,ord-00953,var-legging-olive-s,2,29900,3869,11200
item-001432,ord-00953,var-short-black-l,3,18900,3296,7100
item-001433,ord-00953,var-top-rose-m,1,21900,844,8200
item-001434,ord-00954,var-sock-rose-s,1,11900,720,4200
item-001435,ord-00955,var-top-black-l,2,21900,1213,8200
item-001436,ord-00956,var-sock-coral-l,3,11900,1120,4200
item-001437,ord-00957,var-sock-ivory-s,1,11900,644,4200
item-001438,ord-00957,var-sock-sage-l,3,11900,2798,4200
item-001439,ord-00958,var-sock-coral-l,1,11900,1032,4200
item-001440,ord-00959,var-top-black-s,1,21900,487,8200
item-001441,ord-00960,var-legging-olive-l,2,29900,3695,11200
item-001442,ord-00960,var-sock-lilac-m,3,11900,2902,4200
item-001443,ord-00961,var-sock-sage-s,1,11900,485,4200
item-001444,ord-00961,var-top-sand-l,3,21900,2157,8200
item-001445,ord-00962,var-top-black-l,2,21900,1961,8200
item-001446,ord-00963,var-sock-ivory-m,3,11900,2980,4200
item-001447,ord-00964,var-legging-navy-m,2,29900,4000,11200
item-001448,ord-00964,var-sock-coral-m,2,11900,1874,4200
item-001449,ord-00965,var-short-navy-l,2,18900,2252,7100
item-001450,ord-00965,var-legging-black-m,1,29900,2147,11200
item-001451,ord-00966,var-sock-coral-s,1,11900,424,4200
item-001452,ord-00967,var-short-navy-m,2,18900,2406,7100
item-001453,ord-00968,var-sock-ivory-s,2,11900,517,4200
item-001454,ord-00969,var-sock-ivory-l,1,11900,939,4200
item-001455,ord-00969,var-sock-lilac-l,3,11900,2256,4200
item-001456,ord-00970,var-top-rose-l,1,21900,1167,8200
item-001457,ord-00970,var-sock-ivory-s,3,11900,1945,4200
item-001458,ord-00970,var-top-sand-s,2,21900,3015,8200
item-001459,ord-00971,var-sock-lilac-s,1,11900,721,4200
item-001460,ord-00971,var-sock-lilac-l,1,11900,994,4200
item-001461,ord-00972,var-top-black-l,3,21900,5250,8200
item-001462,ord-00972,var-sock-sage-l,3,11900,2026,4200
item-001463,ord-00973,var-legging-navy-m,2,29900,4481,11200
item-001464,ord-00974,var-sock-ivory-l,3,11900,2484,4200
item-001465,ord-00974,var-sock-coral-m,2,11900,691,4200
item-001466,ord-00975,var-sock-ivory-l,1,11900,318,4200
item-001467,ord-00975,var-sock-coral-s,2,11900,1742,4200
item-001468,ord-00976,var-sock-lilac-m,1,11900,289,4200
item-001469,ord-00977,var-sock-black-s,1,11900,505,4200
item-001470,ord-00978,var-sock-rose-l,2,11900,1204,4200
item-001471,ord-00979,var-sock-ivory-s,1,11900,265,4200
item-001472,ord-00979,var-sock-black-s,2,11900,1766,4200
item-001473,ord-00980,var-sock-coral-s,3,11900,1593,4200
item-001474,ord-00980,var-top-rose-l,1,21900,1666,8200
item-001475,ord-00981,var-sock-coral-m,2,11900,644,4200
item-001476,ord-00982,var-short-navy-l,2,18900,1789,7100
item-001477,ord-00982,var-sock-ivory-l,2,11900,600,4200
item-001478,ord-00983,var-sock-black-m,3,11900,2457,4200
item-001479,ord-00984,var-sock-sage-m,2,11900,910,4200
item-001480,ord-00984,var-sock-black-m,1,11900,408,4200
item-001481,ord-00985,var-sock-black-l,3,11900,2973,4200
item-001482,ord-00986,var-legging-black-l,3,29900,4800,11200
item-001483,ord-00987,var-top-sand-m,2,21900,1806,8200
item-001484,ord-00987,var-legging-olive-m,1,29900,2547,11200
item-001485,ord-00987,var-sock-rose-s,3,11900,2233,4200
item-001486,ord-00988,var-short-coral-m,1,18900,946,7100
item-001487,ord-00988,var-sock-ivory-m,1,11900,602,4200
item-001488,ord-00989,var-sock-black-s,1,11900,582,4200
item-001489,ord-00989,var-short-navy-m,3,18900,3388,7100
item-001490,ord-00990,var-sock-sage-m,2,11900,1479,4200
item-001491,ord-00991,var-sock-coral-l,1,11900,650,4200
item-001492,ord-00992,var-sock-sage-l,3,11900,1445,4200
item-001493,ord-00993,var-short-coral-m,3,18900,3063,7100
item-001494,ord-00993,var-sock-ivory-m,3,11900,1290,4200
item-001495,ord-00994,var-sock-lilac-l,3,11900,2623,4200
item-001496,ord-00994,var-legging-black-s,2,29900,4696,11200
item-001497,ord-00995,var-top-sand-s,2,21900,933,8200
item-001498,ord-00995,var-sock-lilac-l,1,11900,424,4200
item-001499,ord-00996,var-legging-black-s,3,29900,6531,11200
item-001500,ord-00996,var-sock-rose-l,3,11900,1255,4200
item-001501,ord-00997,var-short-navy-s,1,18900,1446,7100
item-001502,ord-00998,var-top-rose-l,2,21900,2175,8200
item-001503,ord-00998,var-short-navy-s,3,18900,2166,7100
item-001504,ord-00999,var-sock-rose-l,1,11900,1070,4200
item-001505,ord-00999,var-top-black-s,2,21900,2626,8200
item-001506,ord-01000,var-short-black-m,1,18900,542,7100
item-001507,ord-01001,var-sock-black-s,2,11900,537,4200
item-001508,ord-01002,var-legging-olive-l,3,29900,5256,11200
item-001509,ord-01002,var-top-sand-l,1,21900,833,8200
item-001510,ord-01003,var-legging-black-m,1,29900,837,11200
item-001511,ord-01003,var-sock-coral-m,2,11900,1442,4200
item-001512,ord-01004,var-sock-sage-l,3,11900,2509,4200
item-001513,ord-01004,var-top-black-l,1,21900,556,8200
item-001514,ord-01004,var-sock-coral-m,1,11900,435,4200
item-001515,ord-01005,var-top-black-s,1,21900,475,8200
item-001516,ord-01005,var-top-black-l,2,21900,3865,8200
item-001517,ord-01006,var-sock-black-m,2,11900,2025,4200
item-001518,ord-01007,var-top-rose-m,3,21900,4592,8200
item-001519,ord-01008,var-legging-black-l,1,29900,2604,11200
item-001520,ord-01008,var-short-black-s,3,18900,5094,7100
item-001521,ord-01009,var-sock-black-m,3,11900,1894,4200
item-001522,ord-01010,var-sock-sage-l,1,11900,617,4200
item-001523,ord-01011,var-sock-coral-m,1,11900,999,4200
item-001524,ord-01011,var-short-black-m,1,18900,971,7100
item-001525,ord-01012,var-sock-lilac-m,3,11900,2175,4200
item-001526,ord-01012,var-sock-rose-l,2,11900,1045,4200
item-001527,ord-01013,var-short-navy-s,1,18900,1568,7100
item-001528,ord-01014,var-sock-black-m,2,11900,515,4200
item-001529,ord-01015,var-top-black-l,1,21900,1054,8200
item-001530,ord-01016,var-short-coral-l,1,18900,475,7100
item-001531,ord-01017,var-sock-ivory-m,3,11900,1172,4200
item-001532,ord-01017,var-short-navy-l,3,18900,1466,7100
item-001533,ord-01018,var-sock-ivory-l,3,11900,2519,4200
item-001534,ord-01019,var-short-black-s,3,18900,4484,7100
item-001535,ord-01020,var-sock-rose-s,2,11900,1340,4200
item-001536,ord-01021,var-sock-lilac-l,1,11900,975,4200
item-001537,ord-01021,var-sock-rose-l,3,11900,2596,4200
item-001538,ord-01021,var-short-coral-s,2,18900,1129,7100
item-001539,ord-01022,var-top-rose-l,3,21900,4988,8200
item-001540,ord-01022,var-sock-black-s,2,11900,814,4200
item-001541,ord-01023,var-sock-ivory-s,2,11900,1956,4200
item-001542,ord-01023,var-sock-black-l,1,11900,1065,4200
item-001543,ord-01024,var-sock-black-l,2,11900,737,4200
item-001544,ord-01025,var-sock-sage-m,1,11900,599,4200
item-001545,ord-01026,var-legging-black-m,3,29900,5732,11200
item-001546,ord-01027,var-sock-coral-s,1,11900,641,4200
item-001547,ord-01027,var-legging-black-s,1,29900,1013,11200
item-001548,ord-01028,var-sock-coral-l,3,11900,1235,4200
item-001549,ord-01028,var-sock-lilac-m,3,11900,1371,4200
item-001550,ord-01029,var-top-black-s,1,21900,1779,8200
item-001551,ord-01030,var-sock-rose-m,1,11900,1040,4200
item-001552,ord-01031,var-sock-lilac-l,2,11900,1576,4200
item-001553,ord-01032,var-short-black-m,2,18900,2574,7100
item-001554,ord-01033,var-legging-olive-l,3,29900,3788,11200
item-001555,ord-01033,var-sock-lilac-l,2,11900,1140,4200
item-001556,ord-01034,var-sock-ivory-l,3,11900,1229,4200
item-001557,ord-01034,var-short-black-m,3,18900,2442,7100
item-001558,ord-01035,var-sock-sage-m,2,11900,1753,4200
item-001559,ord-01036,var-short-navy-l,3,18900,2703,7100
item-001560,ord-01037,var-sock-rose-m,1,11900,268,4200
item-001561,ord-01037,var-sock-coral-m,1,11900,655,4200
item-001562,ord-01038,var-legging-black-m,2,29900,4335,11200
item-001563,ord-01038,var-top-sand-s,3,21900,3157,8200
item-001564,ord-01038,var-legging-olive-l,1,29900,758,11200
item-001565,ord-01039,var-sock-ivory-m,1,11900,850,4200
item-001566,ord-01040,var-sock-black-s,2,11900,932,4200
item-001567,ord-01041,var-sock-black-l,1,11900,1043,4200
item-001568,ord-01042,var-sock-black-s,2,11900,1688,4200
item-001569,ord-01043,var-sock-sage-l,2,11900,1414,4200
item-001570,ord-01043,var-top-black-m,1,21900,1679,8200
item-001571,ord-01044,var-sock-lilac-s,3,11900,2808,4200
item-001572,ord-01045,var-sock-sage-m,1,11900,268,4200
item-001573,ord-01045,var-short-black-m,2,18900,3061,7100
item-001574,ord-01046,var-sock-rose-m,2,11900,1244,4200
item-001575,ord-01047,var-top-sand-m,3,21900,1670,8200
item-001576,ord-01048,var-sock-ivory-s,1,11900,975,4200
item-001577,ord-01048,var-sock-coral-m,2,11900,709,4200
item-001578,ord-01049,var-short-coral-s,2,18900,2138,7100
item-001579,ord-01050,var-sock-sage-l,3,11900,2224,4200
item-001580,ord-01051,var-top-rose-s,1,21900,925,8200
item-001581,ord-01051,var-sock-coral-s,1,11900,1065,4200
item-001582,ord-01052,var-sock-black-m,3,11900,1885,4200
item-001583,ord-01053,var-sock-rose-s,2,11900,949,4200
item-001584,ord-01053,var-top-sand-m,3,21900,4668,8200
item-001585,ord-01054,var-legging-olive-s,1,29900,1838,11200
item-001586,ord-01055,var-sock-lilac-s,2,11900,1435,4200
item-001587,ord-01055,var-short-black-m,2,18900,3313,7100
item-001588,ord-01055,var-short-navy-s,2,18900,1309,7100
item-001589,ord-01056,var-sock-black-s,2,11900,605,4200
item-001590,ord-01056,var-legging-navy-m,3,29900,6862,11200
item-001591,ord-01057,var-sock-lilac-s,3,11900,1899,4200
item-001592,ord-01057,var-sock-coral-m,2,11900,1360,4200
item-001593,ord-01058,var-short-navy-l,2,18900,2239,7100
item-001594,ord-01059,var-sock-sage-l,1,11900,259,4200
item-001595,ord-01060,var-sock-rose-s,2,11900,1099,4200
item-001596,ord-01060,var-legging-black-s,1,29900,1523,11200
item-001597,ord-01061,var-top-rose-m,1,21900,1368,8200
item-001598,ord-01062,var-legging-olive-l,3,29900,2153,11200
item-001599,ord-01063,var-top-rose-s,1,21900,1163,8200
item-001600,ord-01064,var-short-coral-m,3,18900,1836,7100
item-001601,ord-01065,var-legging-black-m,2,29900,1604,11200
item-001602,ord-01065,var-sock-rose-s,3,11900,2248,4200
item-001603,ord-01066,var-short-black-s,3,18900,4881,7100
item-001604,ord-01066,var-sock-lilac-s,2,11900,1871,4200
item-001605,ord-01067,var-legging-black-l,1,29900,1526,11200
item-001606,ord-01068,var-legging-black-s,2,29900,2341,11200
item-001607,ord-01069,var-sock-ivory-s,1,11900,390,4200
item-001608,ord-01070,var-legging-olive-s,3,29900,4145,11200
item-001609,ord-01071,var-short-coral-l,3,18900,1660,7100
item-001610,ord-01072,var-sock-rose-s,2,11900,1948,4200
item-001611,ord-01072,var-sock-sage-s,2,11900,1638,4200
item-001612,ord-01072,var-sock-coral-s,2,11900,1440,4200
item-001613,ord-01073,var-sock-lilac-s,1,11900,686,4200
item-001614,ord-01074,var-sock-sage-m,3,11900,3134,4200
item-001615,ord-01075,var-sock-black-m,1,11900,668,4200
item-001616,ord-01075,var-top-rose-s,1,21900,1154,8200
item-001617,ord-01076,var-sock-ivory-s,3,11900,1610,4200
item-001618,ord-01077,var-sock-ivory-l,2,11900,1386,4200
item-001619,ord-01077,var-top-sand-l,3,21900,3413,8200
item-001620,ord-01078,var-sock-sage-m,2,11900,1606,4200
item-001621,ord-01078,var-sock-rose-m,3,11900,983,4200
item-001622,ord-01079,var-sock-sage-s,3,11900,3126,4200
item-001623,ord-01079,var-legging-olive-s,3,29900,6514,11200
item-001624,ord-01080,var-sock-ivory-m,2,11900,1240,4200
item-001625,ord-01081,var-sock-rose-m,1,11900,601,4200
item-001626,ord-01081,var-legging-navy-m,3,29900,5281,11200
item-001627,ord-01082,var-short-coral-m,1,18900,1585,7100
item-001628,ord-01083,var-sock-ivory-m,2,11900,1747,4200
item-001629,ord-01084,var-top-sand-m,3,21900,3125,8200
item-001630,ord-01085,var-sock-ivory-l,1,11900,545,4200
item-001631,ord-01086,var-legging-navy-m,2,29900,1982,11200
item-001632,ord-01087,var-sock-lilac-s,3,11900,2766,4200
item-001633,ord-01088,var-sock-ivory-s,2,11900,1819,4200
item-001634,ord-01088,var-short-coral-l,2,18900,2882,7100
item-001635,ord-01089,var-sock-lilac-s,2,11900,1761,4200
item-001636,ord-01089,var-sock-rose-l,3,11900,2298,4200
item-001637,ord-01089,var-short-navy-m,2,18900,2084,7100
item-001638,ord-01090,var-sock-ivory-l,2,11900,1361,4200
item-001639,ord-01091,var-short-coral-l,2,18900,1906,7100
item-001640,ord-01091,var-sock-black-m,1,11900,960,4200
item-001641,ord-01092,var-sock-sage-s,1,11900,690,4200
item-001642,ord-01092,var-sock-sage-l,2,11900,505,4200
item-001643,ord-01093,var-sock-lilac-s,1,11900,383,4200
item-001644,ord-01094,var-sock-lilac-l,3,11900,2256,4200
item-001645,ord-01095,var-sock-ivory-s,2,11900,1330,4200
item-001646,ord-01095,var-top-black-m,3,21900,4759,8200
item-001647,ord-01096,var-legging-black-l,2,29900,5236,11200
item-001648,ord-01096,var-short-black-s,2,18900,3388,7100
item-001649,ord-01097,var-sock-coral-s,1,11900,871,4200
item-001650,ord-01098,var-short-black-m,2,18900,3163,7100
item-001651,ord-01098,var-legging-olive-l,1,29900,1450,11200
item-001652,ord-01099,var-top-black-m,1,21900,777,8200
item-001653,ord-01100,var-short-black-m,2,18900,2311,7100
item-001654,ord-01101,var-sock-lilac-l,1,11900,622,4200
item-001655,ord-01101,var-legging-olive-s,3,29900,6175,11200
item-001656,ord-01102,var-sock-sage-l,1,11900,410,4200
item-001657,ord-01103,var-sock-ivory-m,3,11900,2175,4200
item-001658,ord-01104,var-sock-coral-s,1,11900,550,4200
item-001659,ord-01105,var-sock-rose-s,1,11900,713,4200
item-001660,ord-01105,var-sock-ivory-l,3,11900,3160,4200
item-001661,ord-01106,var-sock-ivory-s,3,11900,2925,4200
item-001662,ord-01106,var-short-navy-s,3,18900,2395,7100
item-001663,ord-01106,var-sock-lilac-s,1,11900,953,4200
item-001664,ord-01107,var-top-sand-s,2,21900,886,8200
item-001665,ord-01107,var-short-navy-s,2,18900,2492,7100
item-001666,ord-01108,var-sock-black-s,3,11900,1274,4200
item-001667,ord-01109,var-sock-rose-m,1,11900,712,4200
item-001668,ord-01110,var-legging-navy-l,2,29900,2740,11200
item-001669,ord-01111,var-sock-black-l,1,11900,410,4200
item-001670,ord-01111,var-sock-rose-m,3,11900,2221,4200
item-001671,ord-01112,var-legging-navy-l,1,29900,1565,11200
item-001672,ord-01113,var-sock-coral-s,2,11900,593,4200
item-001673,ord-01113,var-sock-rose-l,3,11900,2056,4200
item-001674,ord-01114,var-legging-black-m,2,29900,4593,11200
item-001675,ord-01115,var-top-sand-m,1,21900,596,8200
item-001676,ord-01116,var-legging-navy-m,1,29900,2263,11200
item-001677,ord-01116,var-sock-ivory-s,2,11900,1545,4200
item-001678,ord-01117,var-sock-lilac-l,2,11900,1787,4200
item-001679,ord-01118,var-sock-rose-m,2,11900,1414,4200
item-001680,ord-01118,var-top-black-s,3,21900,2042,8200
item-001681,ord-01119,var-legging-navy-m,1,29900,1869,11200
item-001682,ord-01119,var-legging-olive-l,3,29900,3225,11200
item-001683,ord-01120,var-sock-coral-m,2,11900,1270,4200
item-001684,ord-01120,var-top-black-l,3,21900,2030,8200
item-001685,ord-01121,var-top-rose-s,1,21900,1179,8200
item-001686,ord-01122,var-sock-rose-l,3,11900,2658,4200
item-001687,ord-01122,var-short-black-l,1,18900,849,7100
item-001688,ord-01123,var-short-navy-m,3,18900,4698,7100
item-001689,ord-01123,var-top-black-l,3,21900,1465,8200
item-001690,ord-01123,var-top-black-m,3,21900,1623,8200
item-001691,ord-01124,var-sock-coral-m,1,11900,441,4200
item-001692,ord-01125,var-top-sand-l,1,21900,499,8200
item-001693,ord-01125,var-top-rose-l,2,21900,1156,8200
item-001694,ord-01126,var-sock-coral-s,2,11900,639,4200
item-001695,ord-01126,var-legging-black-m,2,29900,4503,11200
item-001696,ord-01127,var-sock-rose-s,3,11900,1931,4200
item-001697,ord-01127,var-sock-lilac-m,1,11900,837,4200
item-001698,ord-01128,var-sock-black-s,2,11900,1733,4200
item-001699,ord-01129,var-top-black-s,2,21900,3535,8200
item-001700,ord-01130,var-sock-ivory-l,2,11900,486,4200
item-001701,ord-01131,var-sock-lilac-l,2,11900,1538,4200
item-001702,ord-01132,var-sock-sage-m,3,11900,1893,4200
item-001703,ord-01132,var-short-black-m,1,18900,1133,7100
item-001704,ord-01133,var-short-black-m,3,18900,1757,7100
item-001705,ord-01134,var-sock-rose-l,2,11900,2032,4200
item-001706,ord-01135,var-sock-sage-s,2,11900,1414,4200
item-001707,ord-01136,var-sock-ivory-m,2,11900,1753,4200
item-001708,ord-01136,var-sock-rose-s,1,11900,789,4200
item-001709,ord-01137,var-sock-coral-l,3,11900,1212,4200
item-001710,ord-01138,var-sock-sage-m,3,11900,1912,4200
item-001711,ord-01138,var-top-rose-s,1,21900,1635,8200
item-001712,ord-01139,var-short-black-s,2,18900,912,7100
item-001713,ord-01139,var-sock-sage-m,2,11900,1372,4200
item-001714,ord-01140,var-top-sand-m,1,21900,1777,8200
item-001715,ord-01140,var-short-black-s,1,18900,1121,7100
item-001716,ord-01140,var-sock-sage-m,3,11900,2079,4200
item-001717,ord-01141,var-sock-black-l,3,11900,2491,4200
item-001718,ord-01142,var-sock-lilac-l,2,11900,1030,4200
item-001719,ord-01142,var-short-coral-m,2,18900,1431,7100
item-001720,ord-01143,var-short-navy-m,1,18900,1478,7100
item-001721,ord-01144,var-top-black-m,3,21900,3576,8200
item-001722,ord-01145,var-short-navy-s,1,18900,1081,7100
item-001723,ord-01146,var-top-sand-m,2,21900,2303,8200
item-001724,ord-01147,var-short-coral-l,2,18900,3109,7100
item-001725,ord-01148,var-sock-lilac-m,1,11900,453,4200
item-001726,ord-01148,var-sock-sage-m,3,11900,1857,4200
item-001727,ord-01149,var-short-black-s,1,18900,627,7100
item-001728,ord-01150,var-sock-black-l,2,11900,1926,4200
item-001729,ord-01151,var-sock-rose-s,2,11900,521,4200
item-001730,ord-01152,var-legging-olive-s,2,29900,1402,11200
item-001731,ord-01153,var-sock-ivory-l,3,11900,2996,4200
item-001732,ord-01154,var-sock-sage-l,3,11900,3201,4200
item-001733,ord-01154,var-sock-rose-s,1,11900,904,4200
item-001734,ord-01155,var-sock-lilac-m,2,11900,2077,4200
item-001735,ord-01155,var-sock-sage-l,2,11900,1869,4200
item-001736,ord-01156,var-top-sand-s,2,21900,924,8200
item-001737,ord-01156,var-short-coral-l,3,18900,4695,7100
item-001738,ord-01157,var-sock-coral-s,1,11900,288,4200
item-001739,ord-01157,var-short-coral-l,3,18900,2297,7100
item-001740,ord-01157,var-short-navy-l,1,18900,932,7100
item-001741,ord-01158,var-sock-ivory-s,1,11900,262,4200
item-001742,ord-01159,var-sock-black-s,2,11900,523,4200
item-001743,ord-01160,var-sock-coral-m,1,11900,369,4200
item-001744,ord-01160,var-sock-rose-m,1,11900,587,4200
item-001745,ord-01161,var-sock-ivory-m,3,11900,2736,4200
item-001746,ord-01162,var-sock-coral-l,2,11900,2070,4200
item-001747,ord-01162,var-legging-navy-s,2,29900,3258,11200
item-001748,ord-01163,var-sock-ivory-s,3,11900,1723,4200
item-001749,ord-01163,var-legging-navy-s,1,29900,1071,11200
item-001750,ord-01164,var-top-rose-m,3,21900,5856,8200
item-001751,ord-01165,var-legging-black-m,3,29900,7482,11200
item-001752,ord-01166,var-short-navy-l,1,18900,592,7100
item-001753,ord-01166,var-sock-coral-s,2,11900,1904,4200
item-001754,ord-01167,var-top-sand-l,3,21900,2522,8200
item-001755,ord-01167,var-sock-rose-l,3,11900,2634,4200
item-001756,ord-01168,var-sock-coral-l,2,11900,1580,4200
item-001757,ord-01169,var-sock-coral-l,1,11900,316,4200
item-001758,ord-01170,var-sock-lilac-l,2,11900,1397,4200
item-001759,ord-01170,var-top-rose-m,1,21900,1047,8200
item-001760,ord-01171,var-sock-sage-l,3,11900,2215,4200
item-001761,ord-01172,var-top-rose-m,1,21900,1012,8200
item-001762,ord-01173,var-legging-navy-m,3,29900,7710,11200
item-001763,ord-01174,var-top-sand-m,2,21900,2310,8200
item-001764,ord-01174,var-sock-sage-s,1,11900,300,4200
item-001765,ord-01174,var-short-coral-s,2,18900,1308,7100
item-001766,ord-01175,var-sock-ivory-l,1,11900,563,4200
item-001767,ord-01175,var-sock-lilac-m,2,11900,1461,4200
item-001768,ord-01176,var-legging-navy-s,3,29900,6438,11200
item-001769,ord-01176,var-legging-navy-m,1,29900,1525,11200
item-001770,ord-01177,var-sock-coral-s,1,11900,788,4200
item-001771,ord-01178,var-short-coral-l,2,18900,3071,7100
item-001772,ord-01178,var-legging-black-m,2,29900,4703,11200
item-001773,ord-01179,var-short-navy-m,2,18900,2762,7100
item-001774,ord-01180,var-top-black-l,1,21900,1770,8200
item-001775,ord-01181,var-short-navy-s,2,18900,2984,7100
item-001776,ord-01182,var-legging-olive-l,2,29900,1543,11200
item-001777,ord-01182,var-sock-coral-s,1,11900,725,4200
item-001778,ord-01183,var-top-sand-s,3,21900,3700,8200
item-001779,ord-01184,var-sock-rose-m,2,11900,1442,4200
item-001780,ord-01185,var-top-sand-l,3,21900,5284,8200
item-001781,ord-01185,var-sock-lilac-s,3,11900,2574,4200
item-001782,ord-01186,var-legging-navy-s,2,29900,5049,11200
item-001783,ord-01186,var-short-coral-l,2,18900,3003,7100
item-001784,ord-01187,var-top-black-m,2,21900,3019,8200
item-001785,ord-01187,var-short-navy-s,1,18900,655,7100
item-001786,ord-01188,var-legging-navy-l,2,29900,4781,11200
item-001787,ord-01189,var-sock-sage-s,1,11900,999,4200
item-001788,ord-01190,var-sock-coral-s,2,11900,1037,4200
item-001789,ord-01191,var-sock-sage-s,3,11900,2463,4200
item-001790,ord-01191,var-sock-coral-l,3,11900,1158,4200
item-001791,ord-01191,var-legging-black-l,1,29900,793,11200
item-001792,ord-01192,var-sock-sage-m,3,11900,1598,4200
item-001793,ord-01193,var-top-black-s,3,21900,3935,8200
item-001794,ord-01194,var-sock-rose-l,1,11900,649,4200
item-001795,ord-01194,var-legging-olive-m,1,29900,2429,11200
item-001796,ord-01195,var-sock-coral-s,2,11900,1166,4200
item-001797,ord-01195,var-sock-rose-s,2,11900,785,4200
item-001798,ord-01196,var-top-black-l,2,21900,2198,8200
item-001799,ord-01197,var-short-coral-m,1,18900,1430,7100
item-001800,ord-01197,var-sock-ivory-s,3,11900,2484,4200
item-001801,ord-01198,var-sock-coral-l,1,11900,625,4200
item-001802,ord-01198,var-sock-black-m,2,11900,1506,4200
item-001803,ord-01199,var-sock-coral-l,3,11900,857,4200
item-001804,ord-01199,var-sock-ivory-m,1,11900,806,4200
item-001805,ord-01200,var-top-rose-s,2,21900,3035,8200
