id,customer_id,channel,campaign_id,date,content_asset_id
session-00001,cust-0001,Instagram,camp-studio,2025-09-22,asset-01
session-00002,cust-0002,Instagram,camp-studio,2025-09-22,asset-01
session-00003,cust-0003,Organic,organic,2025-09-22,asset-04
session-00004,cust-0004,Paid Social,camp-move,2025-09-22,asset-02
session-00005,cust-0005,Instagram,camp-studio,2025-09-22,asset-01
session-00006,cust-0006,Organic,organic,2026-08-15,asset-04
session-00007,cust-0007,Instagram,camp-studio,2026-09-16,asset-01
session-00008,cust-0008,Instagram,camp-studio,2026-01-15,asset-01
session-00009,cust-0009,Organic,organic,2026-02-09,asset-04
session-00010,cust-0010,Instagram,camp-studio,2026-07-11,asset-01
session-00011,cust-0011,Organic,organic,2026-01-14,asset-04
session-00012,cust-0012,Instagram,camp-studio,2026-06-03,asset-01
session-00013,cust-0013,DM,camp-private,2026-04-04,asset-03
session-00014,cust-0014,Paid Social,camp-move,2026-09-03,asset-02
session-00015,cust-0015,DM,camp-private,2026-06-28,asset-03
session-00016,cust-0016,DM,camp-private,2026-05-20,asset-03
session-00017,cust-0017,Paid Social,camp-move,2026-07-21,asset-02
session-00018,cust-0018,Paid Social,camp-move,2026-09-08,asset-02
session-00019,cust-0019,Paid Social,camp-move,2026-06-29,asset-02
session-00020,cust-0020,Paid Social,camp-move,2026-06-14,asset-02
session-00021,cust-0021,Instagram,camp-studio,2026-09-10,asset-01
session-00022,cust-0022,Organic,organic,2026-01-11,asset-04
session-00023,cust-0023,Organic,organic,2026-06-24,asset-04
session-00024,cust-0024,DM,camp-private,2026-08-25,asset-03
session-00025,cust-0025,DM,camp-private,2026-07-27,asset-03
session-00026,cust-0026,Instagram,camp-studio,2026-04-03,asset-01
session-00027,cust-0027,Organic,organic,2026-07-06,asset-04
session-00028,cust-0028,Organic,organic,2026-01-01,asset-04
session-00029,cust-0029,Organic,organic,2026-08-20,asset-04
session-00030,cust-0030,DM,camp-private,2026-09-16,asset-03
session-00031,cust-0031,Paid Social,camp-move,2026-06-28,asset-02
session-00032,cust-0032,DM,camp-private,2026-05-14,asset-03
session-00033,cust-0033,Instagram,camp-studio,2026-07-20,asset-01
session-00034,cust-0034,DM,camp-private,2026-07-07,asset-03
session-00035,cust-0035,Instagram,camp-studio,2026-07-20,asset-01
session-00036,cust-0036,Organic,organic,2026-05-04,asset-04
session-00037,cust-0037,Instagram,camp-studio,2026-05-12,asset-01
session-00038,cust-0038,DM,camp-private,2026-01-09,asset-03
session-00039,cust-0039,Instagram,camp-studio,2026-09-14,asset-01
session-00040,cust-0040,Paid Social,camp-move,2026-04-26,asset-02
session-00041,cust-0041,Instagram,camp-studio,2026-09-04,asset-01
session-00042,cust-0042,Instagram,camp-studio,2026-05-01,asset-01
session-00043,cust-0043,Instagram,camp-studio,2025-12-10,asset-01
session-00044,cust-0044,DM,camp-private,2026-01-10,asset-03
session-00045,cust-0045,Instagram,camp-studio,2026-06-25,asset-01
session-00046,cust-0046,Organic,organic,2026-07-07,asset-04
session-00047,cust-0047,Instagram,camp-studio,2026-04-30,asset-01
session-00048,cust-0048,Organic,organic,2026-08-28,asset-04
session-00049,cust-0049,Paid Social,camp-move,2025-12-20,asset-02
session-00050,cust-0050,Paid Social,camp-move,2026-03-24,asset-02
session-00051,cust-0051,DM,camp-private,2026-03-17,asset-03
session-00052,cust-0052,Organic,organic,2026-07-28,asset-04
session-00053,cust-0053,Paid Social,camp-move,2026-02-12,asset-02
session-00054,cust-0054,Organic,organic,2026-01-10,asset-04
session-00055,cust-0055,Paid Social,camp-move,2026-05-15,asset-02
session-00056,cust-0056,Paid Social,camp-move,2026-07-24,asset-02
session-00057,cust-0057,Instagram,camp-studio,2026-06-06,asset-01
session-00058,cust-0058,Instagram,camp-studio,2026-05-24,asset-01
session-00059,cust-0059,Instagram,camp-studio,2026-04-02,asset-01
session-00060,cust-0060,Organic,organic,2026-07-01,asset-04
session-00061,cust-0061,Instagram,camp-studio,2026-05-13,asset-01
session-00062,cust-0062,Paid Social,camp-move,2026-08-09,asset-02
session-00063,cust-0063,Organic,organic,2026-08-04,asset-04
session-00064,cust-0064,Organic,organic,2026-03-26,asset-04
session-00065,cust-0065,Organic,organic,2026-07-27,asset-04
session-00066,cust-0066,Instagram,camp-studio,2026-05-10,asset-01
session-00067,cust-0067,Organic,organic,2026-09-17,asset-04
session-00068,cust-0068,Instagram,camp-studio,2026-05-26,asset-01
session-00069,cust-0069,Paid Social,camp-move,2026-08-23,asset-02
session-00070,cust-0070,Organic,organic,2026-09-02,asset-04
session-00071,cust-0071,Instagram,camp-studio,2026-01-16,asset-01
session-00072,cust-0072,Organic,organic,2026-05-21,asset-04
session-00073,cust-0073,Organic,organic,2026-01-15,asset-04
session-00074,cust-0074,Instagram,camp-studio,2026-04-11,asset-01
session-00075,cust-0075,Instagram,camp-studio,2026-05-19,asset-01
session-00076,cust-0076,Organic,organic,2026-05-14,asset-04
session-00077,cust-0077,Paid Social,camp-move,2026-05-08,asset-02
session-00078,cust-0078,DM,camp-private,2026-05-25,asset-03
session-00079,cust-0079,Paid Social,camp-move,2026-08-13,asset-02
session-00080,cust-0080,DM,camp-private,2026-08-14,asset-03
session-00081,cust-0081,Instagram,camp-studio,2026-07-22,asset-01
session-00082,cust-0082,DM,camp-private,2026-03-30,asset-03
session-00083,cust-0083,Paid Social,camp-move,2026-05-07,asset-02
session-00084,cust-0084,Paid Social,camp-move,2026-04-10,asset-02
session-00085,cust-0085,Organic,organic,2026-08-31,asset-04
session-00086,cust-0086,DM,camp-private,2026-06-30,asset-03
session-00087,cust-0087,Instagram,camp-studio,2026-09-16,asset-01
session-00088,cust-0088,Paid Social,camp-move,2026-09-06,asset-02
session-00089,cust-0089,Instagram,camp-studio,2026-08-19,asset-01
session-00090,cust-0090,Instagram,camp-studio,2026-03-24,asset-01
session-00091,cust-0091,Paid Social,camp-move,2026-08-17,asset-02
session-00092,cust-0092,Instagram,camp-studio,2026-08-13,asset-01
session-00093,cust-0093,DM,camp-private,2026-07-07,asset-03
session-00094,cust-0094,Instagram,camp-studio,2026-06-22,asset-01
session-00095,cust-0095,Instagram,camp-studio,2026-07-21,asset-01
session-00096,cust-0096,DM,camp-private,2026-05-29,asset-03
session-00097,cust-0097,Paid Social,camp-move,2026-05-16,asset-02
session-00098,cust-0098,Paid Social,camp-move,2026-07-11,asset-02
session-00099,cust-0099,Paid Social,camp-move,2026-02-07,asset-02
session-00100,cust-0100,Instagram,camp-studio,2026-08-15,asset-01
session-00101,cust-0101,Organic,organic,2026-09-09,asset-04
session-00102,cust-0102,Organic,organic,2026-07-04,asset-04
session-00103,cust-0103,DM,camp-private,2026-05-06,asset-03
session-00104,cust-0104,Paid Social,camp-move,2026-09-07,asset-02
session-00105,cust-0105,Paid Social,camp-move,2026-05-21,asset-02
session-00106,cust-0106,Paid Social,camp-move,2025-11-01,asset-02
session-00107,cust-0107,Paid Social,camp-move,2026-03-23,asset-02
session-00108,cust-0108,Instagram,camp-studio,2025-10-20,asset-01
session-00109,cust-0109,DM,camp-private,2026-08-23,asset-03
session-00110,cust-0110,DM,camp-private,2026-04-15,asset-03
session-00111,cust-0111,Organic,organic,2026-02-18,asset-04
session-00112,cust-0112,Instagram,camp-studio,2025-12-06,asset-01
session-00113,cust-0113,Paid Social,camp-move,2026-04-16,asset-02
session-00114,cust-0114,Paid Social,camp-move,2026-07-09,asset-02
session-00115,cust-0115,Paid Social,camp-move,2026-04-05,asset-02
session-00116,cust-0116,Organic,organic,2026-05-25,asset-04
session-00117,cust-0117,Instagram,camp-studio,2026-08-23,asset-01
session-00118,cust-0118,Instagram,camp-studio,2026-06-04,asset-01
session-00119,cust-0119,DM,camp-private,2026-05-17,asset-03
session-00120,cust-0120,Paid Social,camp-move,2026-08-17,asset-02
session-00121,cust-0121,DM,camp-private,2026-05-14,asset-03
session-00122,cust-0122,Organic,organic,2025-12-04,asset-04
session-00123,cust-0123,DM,camp-private,2026-08-22,asset-03
session-00124,cust-0124,Instagram,camp-studio,2026-08-14,asset-01
session-00125,cust-0125,DM,camp-private,2026-01-26,asset-03
session-00126,cust-0126,Organic,organic,2026-07-06,asset-04
session-00127,cust-0127,Paid Social,camp-move,2026-06-24,asset-02
session-00128,cust-0128,Organic,organic,2026-03-28,asset-04
session-00129,cust-0129,Instagram,camp-studio,2026-07-18,asset-01
session-00130,cust-0130,DM,camp-private,2026-04-29,asset-03
session-00131,cust-0131,Organic,organic,2026-08-31,asset-04
session-00132,cust-0132,Paid Social,camp-move,2026-04-14,asset-02
session-00133,cust-0133,Organic,organic,2026-03-26,asset-04
session-00134,cust-0134,DM,camp-private,2026-02-01,asset-03
session-00135,cust-0135,Paid Social,camp-move,2025-12-01,asset-02
session-00136,cust-0136,Paid Social,camp-move,2026-06-09,asset-02
session-00137,cust-0137,Paid Social,camp-move,2026-06-01,asset-02
session-00138,cust-0138,Paid Social,camp-move,2026-05-20,asset-02
session-00139,cust-0139,DM,camp-private,2026-05-18,asset-03
session-00140,cust-0140,Instagram,camp-studio,2026-06-13,asset-01
session-00141,cust-0141,Instagram,camp-studio,2026-01-26,asset-01
session-00142,cust-0142,DM,camp-private,2026-08-22,asset-03
session-00143,cust-0143,Organic,organic,2026-01-03,asset-04
session-00144,cust-0144,Instagram,camp-studio,2026-09-05,asset-01
session-00145,cust-0145,Organic,organic,2026-04-26,asset-04
session-00146,cust-0146,Instagram,camp-studio,2026-07-24,asset-01
session-00147,cust-0147,Instagram,camp-studio,2026-02-27,asset-01
session-00148,cust-0148,Paid Social,camp-move,2026-06-04,asset-02
session-00149,cust-0149,Organic,organic,2026-04-05,asset-04
session-00150,cust-0150,DM,camp-private,2026-08-02,asset-03
session-00151,cust-0151,Instagram,camp-studio,2026-06-05,asset-01
session-00152,cust-0152,Instagram,camp-studio,2026-06-19,asset-01
session-00153,cust-0153,Instagram,camp-studio,2026-07-05,asset-01
session-00154,cust-0154,Instagram,camp-studio,2026-07-02,asset-01
session-00155,cust-0155,Instagram,camp-studio,2026-01-20,asset-01
session-00156,cust-0156,Organic,organic,2026-09-05,asset-04
session-00157,cust-0157,Paid Social,camp-move,2025-12-19,asset-02
session-00158,cust-0158,DM,camp-private,2026-09-06,asset-03
session-00159,cust-0159,Organic,organic,2026-07-03,asset-04
session-00160,cust-0160,Organic,organic,2026-02-13,asset-04
session-00161,cust-0161,Organic,organic,2026-08-16,asset-04
session-00162,cust-0162,Instagram,camp-studio,2026-03-15,asset-01
session-00163,cust-0163,Instagram,camp-studio,2026-02-16,asset-01
session-00164,cust-0164,Organic,organic,2026-02-19,asset-04
session-00165,cust-0165,Organic,organic,2026-05-02,asset-04
session-00166,cust-0166,Organic,organic,2026-05-29,asset-04
session-00167,cust-0167,Organic,organic,2026-05-12,asset-04
session-00168,cust-0168,Instagram,camp-studio,2026-05-19,asset-01
session-00169,cust-0169,Instagram,camp-studio,2026-09-11,asset-01
session-00170,cust-0170,Instagram,camp-studio,2026-09-09,asset-01
session-00171,cust-0171,Organic,organic,2026-05-19,asset-04
session-00172,cust-0172,Instagram,camp-studio,2026-06-08,asset-01
session-00173,cust-0173,Paid Social,camp-move,2025-11-15,asset-02
session-00174,cust-0174,Organic,organic,2026-08-08,asset-04
session-00175,cust-0175,Organic,organic,2026-02-21,asset-04
session-00176,cust-0176,Paid Social,camp-move,2026-08-15,asset-02
session-00177,cust-0177,DM,camp-private,2026-06-08,asset-03
session-00178,cust-0178,Paid Social,camp-move,2026-07-30,asset-02
session-00179,cust-0179,DM,camp-private,2026-04-20,asset-03
session-00180,cust-0180,DM,camp-private,2026-05-03,asset-03
session-00181,cust-0181,Instagram,camp-studio,2026-04-01,asset-01
session-00182,cust-0182,Organic,organic,2025-12-13,asset-04
session-00183,cust-0183,Paid Social,camp-move,2026-08-29,asset-02
session-00184,cust-0184,Organic,organic,2026-06-20,asset-04
session-00185,cust-0185,Instagram,camp-studio,2026-08-15,asset-01
session-00186,cust-0186,Organic,organic,2026-07-25,asset-04
session-00187,cust-0187,Instagram,camp-studio,2026-03-06,asset-01
session-00188,cust-0188,Paid Social,camp-move,2026-05-30,asset-02
session-00189,cust-0189,Organic,organic,2026-03-02,asset-04
session-00190,cust-0190,Instagram,camp-studio,2026-03-06,asset-01
session-00191,cust-0191,Organic,organic,2026-05-26,asset-04
session-00192,cust-0192,Paid Social,camp-move,2026-06-23,asset-02
session-00193,cust-0193,Organic,organic,2026-01-22,asset-04
session-00194,cust-0194,Instagram,camp-studio,2025-10-21,asset-01
session-00195,cust-0195,Instagram,camp-studio,2026-01-23,asset-01
session-00196,cust-0196,Instagram,camp-studio,2026-07-09,asset-01
session-00197,cust-0197,Organic,organic,2026-01-20,asset-04
session-00198,cust-0198,Paid Social,camp-move,2026-03-30,asset-02
session-00199,cust-0199,Organic,organic,2026-07-08,asset-04
session-00200,cust-0200,Organic,organic,2026-09-10,asset-04
session-00201,cust-0201,Instagram,camp-studio,2026-06-21,asset-01
session-00202,cust-0202,Organic,organic,2026-07-06,asset-04
session-00203,cust-0203,Organic,organic,2026-01-14,asset-04
session-00204,cust-0204,Paid Social,camp-move,2026-08-25,asset-02
session-00205,cust-0205,DM,camp-private,2026-05-23,asset-03
session-00206,cust-0206,Paid Social,camp-move,2026-06-30,asset-02
session-00207,cust-0207,Organic,organic,2026-04-06,asset-04
session-00208,cust-0208,Paid Social,camp-move,2026-09-04,asset-02
session-00209,cust-0209,DM,camp-private,2026-06-19,asset-03
session-00210,cust-0210,Paid Social,camp-move,2026-07-31,asset-02
session-00211,cust-0211,Instagram,camp-studio,2026-09-12,asset-01
session-00212,cust-0212,Paid Social,camp-move,2026-03-06,asset-02
session-00213,cust-0213,Organic,organic,2026-06-25,asset-04
session-00214,cust-0214,Instagram,camp-studio,2026-09-10,asset-01
session-00215,cust-0215,DM,camp-private,2026-05-21,asset-03
session-00216,cust-0216,DM,camp-private,2026-06-18,asset-03
session-00217,cust-0217,Instagram,camp-studio,2026-04-30,asset-01
session-00218,cust-0218,Organic,organic,2026-08-31,asset-04
session-00219,cust-0219,Instagram,camp-studio,2026-08-20,asset-01
session-00220,cust-0220,Instagram,camp-studio,2026-05-08,asset-01
session-00221,cust-0221,Instagram,camp-studio,2026-06-27,asset-01
session-00222,cust-0222,Paid Social,camp-move,2026-06-13,asset-02
session-00223,cust-0223,Organic,organic,2026-06-19,asset-04
session-00224,cust-0224,Instagram,camp-studio,2026-08-03,asset-01
session-00225,cust-0225,Instagram,camp-studio,2026-02-27,asset-01
session-00226,cust-0226,DM,camp-private,2026-06-21,asset-03
session-00227,cust-0227,Organic,organic,2026-02-26,asset-04
session-00228,cust-0228,DM,camp-private,2026-06-02,asset-03
session-00229,cust-0229,Paid Social,camp-move,2026-01-15,asset-02
session-00230,cust-0230,Instagram,camp-studio,2026-07-20,asset-01
session-00231,cust-0231,Organic,organic,2026-07-02,asset-04
session-00232,cust-0232,DM,camp-private,2026-07-17,asset-03
session-00233,cust-0233,Paid Social,camp-move,2026-07-20,asset-02
session-00234,cust-0234,Organic,organic,2026-04-15,asset-04
session-00235,cust-0235,Organic,organic,2026-03-05,asset-04
session-00236,cust-0236,Instagram,camp-studio,2026-05-10,asset-01
session-00237,cust-0237,Paid Social,camp-move,2026-09-19,asset-02
session-00238,cust-0238,Paid Social,camp-move,2026-08-11,asset-02
session-00239,cust-0239,Instagram,camp-studio,2026-07-10,asset-01
session-00240,cust-0240,Instagram,camp-studio,2026-04-24,asset-01
session-00241,cust-0241,Instagram,camp-studio,2026-08-20,asset-01
session-00242,cust-0242,Instagram,camp-studio,2025-11-08,asset-01
session-00243,cust-0243,Organic,organic,2026-03-14,asset-04
session-00244,cust-0244,Instagram,camp-studio,2025-11-10,asset-01
session-00245,cust-0245,DM,camp-private,2026-07-27,asset-03
session-00246,cust-0246,Instagram,camp-studio,2026-01-21,asset-01
session-00247,cust-0247,Instagram,camp-studio,2026-02-11,asset-01
session-00248,cust-0248,Paid Social,camp-move,2026-08-30,asset-02
session-00249,cust-0249,Organic,organic,2026-05-28,asset-04
session-00250,cust-0250,Instagram,camp-studio,2026-01-09,asset-01
session-00251,cust-0251,Instagram,camp-studio,2026-06-25,asset-01
session-00252,cust-0252,DM,camp-private,2026-08-15,asset-03
session-00253,cust-0253,Instagram,camp-studio,2026-07-11,asset-01
session-00254,cust-0254,Paid Social,camp-move,2026-07-14,asset-02
session-00255,cust-0255,DM,camp-private,2026-05-22,asset-03
session-00256,cust-0256,Paid Social,camp-move,2026-06-07,asset-02
session-00257,cust-0257,Organic,organic,2026-05-22,asset-04
session-00258,cust-0258,Instagram,camp-studio,2026-04-18,asset-01
session-00259,cust-0259,Organic,organic,2026-06-13,asset-04
session-00260,cust-0260,Organic,organic,2026-07-06,asset-04
session-00261,cust-0261,Instagram,camp-studio,2026-04-17,asset-01
session-00262,cust-0262,Instagram,camp-studio,2026-08-25,asset-01
session-00263,cust-0263,Paid Social,camp-move,2026-04-30,asset-02
session-00264,cust-0264,Paid Social,camp-move,2026-03-22,asset-02
session-00265,cust-0265,Organic,organic,2026-04-26,asset-04
session-00266,cust-0266,Organic,organic,2026-04-20,asset-04
session-00267,cust-0267,Instagram,camp-studio,2026-05-19,asset-01
session-00268,cust-0268,Instagram,camp-studio,2025-12-17,asset-01
session-00269,cust-0269,Instagram,camp-studio,2026-09-01,asset-01
session-00270,cust-0270,Instagram,camp-studio,2026-08-22,asset-01
session-00271,cust-0271,Instagram,camp-studio,2026-08-18,asset-01
session-00272,cust-0272,Instagram,camp-studio,2026-04-27,asset-01
session-00273,cust-0273,Paid Social,camp-move,2026-06-28,asset-02
session-00274,cust-0274,Instagram,camp-studio,2026-05-25,asset-01
session-00275,cust-0275,Paid Social,camp-move,2026-05-17,asset-02
session-00276,cust-0276,Paid Social,camp-move,2026-01-31,asset-02
session-00277,cust-0277,Instagram,camp-studio,2026-04-08,asset-01
session-00278,cust-0278,Instagram,camp-studio,2026-07-20,asset-01
session-00279,cust-0279,Paid Social,camp-move,2025-12-28,asset-02
session-00280,cust-0280,Instagram,camp-studio,2026-07-30,asset-01
session-00281,cust-0281,DM,camp-private,2026-07-15,asset-03
session-00282,cust-0282,Paid Social,camp-move,2026-08-22,asset-02
session-00283,cust-0283,DM,camp-private,2026-07-06,asset-03
session-00284,cust-0284,Instagram,camp-studio,2026-09-08,asset-01
session-00285,cust-0285,Instagram,camp-studio,2026-07-25,asset-01
session-00286,cust-0286,Instagram,camp-studio,2026-05-16,asset-01
session-00287,cust-0287,Instagram,camp-studio,2026-01-27,asset-01
session-00288,cust-0288,Organic,organic,2026-04-19,asset-04
session-00289,cust-0289,Organic,organic,2026-05-25,asset-04
session-00290,cust-0290,Instagram,camp-studio,2026-06-30,asset-01
session-00291,cust-0291,Paid Social,camp-move,2025-12-26,asset-02
session-00292,cust-0292,Organic,organic,2026-06-27,asset-04
session-00293,cust-0293,Instagram,camp-studio,2026-08-21,asset-01
session-00294,cust-0294,Paid Social,camp-move,2026-06-25,asset-02
session-00295,cust-0295,DM,camp-private,2026-09-13,asset-03
session-00296,cust-0296,Organic,organic,2026-04-07,asset-04
session-00297,cust-0297,Paid Social,camp-move,2026-01-21,asset-02
session-00298,cust-0298,Instagram,camp-studio,2026-05-06,asset-01
session-00299,cust-0299,Paid Social,camp-move,2026-09-02,asset-02
session-00300,cust-0300,Instagram,camp-studio,2026-05-28,asset-01
session-00301,cust-0301,Organic,organic,2026-06-16,asset-04
session-00302,cust-0302,Organic,organic,2026-03-16,asset-04
session-00303,cust-0303,DM,camp-private,2026-08-02,asset-03
session-00304,cust-0304,Instagram,camp-studio,2026-02-21,asset-01
session-00305,cust-0305,Organic,organic,2026-05-02,asset-04
session-00306,cust-0306,DM,camp-private,2026-04-13,asset-03
session-00307,cust-0307,Paid Social,camp-move,2026-09-20,asset-02
session-00308,cust-0308,Organic,organic,2026-04-09,asset-04
session-00309,cust-0309,DM,camp-private,2026-05-20,asset-03
session-00310,cust-0310,Instagram,camp-studio,2026-05-12,asset-01
session-00311,cust-0311,Paid Social,camp-move,2026-04-15,asset-02
session-00312,cust-0312,Organic,organic,2026-07-21,asset-04
session-00313,cust-0313,Paid Social,camp-move,2026-09-13,asset-02
session-00314,cust-0314,Organic,organic,2026-07-03,asset-04
session-00315,cust-0315,Instagram,camp-studio,2026-08-26,asset-01
session-00316,cust-0316,Instagram,camp-studio,2026-08-18,asset-01
session-00317,cust-0317,DM,camp-private,2026-02-28,asset-03
session-00318,cust-0318,DM,camp-private,2025-12-28,asset-03
session-00319,cust-0319,Organic,organic,2026-05-23,asset-04
session-00320,cust-0320,Instagram,camp-studio,2026-01-11,asset-01
session-00321,cust-0321,Instagram,camp-studio,2026-08-21,asset-01
session-00322,cust-0322,Organic,organic,2026-07-15,asset-04
session-00323,cust-0323,Paid Social,camp-move,2026-06-26,asset-02
session-00324,cust-0324,Organic,organic,2025-12-18,asset-04
session-00325,cust-0325,Paid Social,camp-move,2026-08-12,asset-02
session-00326,cust-0326,Instagram,camp-studio,2026-09-02,asset-01
session-00327,cust-0327,Instagram,camp-studio,2025-10-17,asset-01
session-00328,cust-0328,Instagram,camp-studio,2026-07-18,asset-01
session-00329,cust-0329,Organic,organic,2026-08-17,asset-04
session-00330,cust-0330,Organic,organic,2026-08-17,asset-04
session-00331,cust-0331,DM,camp-private,2026-06-20,asset-03
session-00332,cust-0332,Organic,organic,2026-01-01,asset-04
session-00333,cust-0333,Paid Social,camp-move,2026-06-27,asset-02
session-00334,cust-0334,DM,camp-private,2026-06-09,asset-03
session-00335,cust-0335,Organic,organic,2025-11-08,asset-04
session-00336,cust-0336,Organic,organic,2025-12-26,asset-04
session-00337,cust-0337,Instagram,camp-studio,2026-03-16,asset-01
session-00338,cust-0338,Organic,organic,2026-07-23,asset-04
session-00339,cust-0339,Organic,organic,2026-09-05,asset-04
session-00340,cust-0340,Instagram,camp-studio,2026-09-02,asset-01
session-00341,cust-0341,DM,camp-private,2026-09-11,asset-03
session-00342,cust-0342,Instagram,camp-studio,2026-04-16,asset-01
session-00343,cust-0343,Paid Social,camp-move,2026-07-12,asset-02
session-00344,cust-0344,Paid Social,camp-move,2026-07-10,asset-02
session-00345,cust-0345,Paid Social,camp-move,2026-06-07,asset-02
session-00346,cust-0346,Paid Social,camp-move,2026-07-15,asset-02
session-00347,cust-0347,Instagram,camp-studio,2026-08-21,asset-01
session-00348,cust-0348,Instagram,camp-studio,2026-05-27,asset-01
session-00349,cust-0349,Instagram,camp-studio,2026-08-05,asset-01
session-00350,cust-0350,Paid Social,camp-move,2026-05-09,asset-02
session-00351,cust-0351,Paid Social,camp-move,2026-07-16,asset-02
session-00352,cust-0352,DM,camp-private,2026-08-24,asset-03
session-00353,cust-0353,Paid Social,camp-move,2026-07-17,asset-02
session-00354,cust-0354,DM,camp-private,2026-07-08,asset-03
session-00355,cust-0355,Paid Social,camp-move,2026-06-16,asset-02
session-00356,cust-0356,Instagram,camp-studio,2026-06-21,asset-01
session-00357,cust-0357,Instagram,camp-studio,2026-08-29,asset-01
session-00358,cust-0358,Instagram,camp-studio,2026-02-17,asset-01
session-00359,cust-0359,Paid Social,camp-move,2026-08-30,asset-02
session-00360,cust-0360,Instagram,camp-studio,2026-03-01,asset-01
session-00361,cust-0361,Paid Social,camp-move,2026-08-19,asset-02
session-00362,cust-0362,Instagram,camp-studio,2026-09-05,asset-01
session-00363,cust-0363,Instagram,camp-studio,2026-04-12,asset-01
session-00364,cust-0364,Instagram,camp-studio,2026-08-23,asset-01
session-00365,cust-0365,Paid Social,camp-move,2026-08-31,asset-02
session-00366,cust-0366,Instagram,camp-studio,2026-08-18,asset-01
session-00367,cust-0367,Instagram,camp-studio,2026-08-30,asset-01
session-00368,cust-0368,Paid Social,camp-move,2026-05-14,asset-02
session-00369,cust-0369,Instagram,camp-studio,2026-03-02,asset-01
session-00370,cust-0370,Instagram,camp-studio,2025-11-11,asset-01
session-00371,cust-0371,DM,camp-private,2025-10-24,asset-03
session-00372,cust-0372,Paid Social,camp-move,2026-05-14,asset-02
session-00373,cust-0373,Instagram,camp-studio,2026-08-06,asset-01
session-00374,cust-0374,Instagram,camp-studio,2026-07-17,asset-01
session-00375,cust-0375,Instagram,camp-studio,2026-08-24,asset-01
session-00376,cust-0376,Paid Social,camp-move,2026-07-21,asset-02
session-00377,cust-0377,DM,camp-private,2026-06-24,asset-03
session-00378,cust-0378,Instagram,camp-studio,2026-01-09,asset-01
session-00379,cust-0379,DM,camp-private,2026-06-08,asset-03
session-00380,cust-0380,Instagram,camp-studio,2026-02-28,asset-01
session-00381,cust-0381,DM,camp-private,2025-12-18,asset-03
session-00382,cust-0382,Instagram,camp-studio,2026-08-05,asset-01
session-00383,cust-0383,Instagram,camp-studio,2026-07-17,asset-01
session-00384,cust-0384,Paid Social,camp-move,2026-03-23,asset-02
session-00385,cust-0385,Paid Social,camp-move,2026-03-30,asset-02
session-00386,cust-0386,Instagram,camp-studio,2026-06-11,asset-01
session-00387,cust-0387,Instagram,camp-studio,2026-05-27,asset-01
session-00388,cust-0388,Instagram,camp-studio,2026-05-04,asset-01
session-00389,cust-0389,Paid Social,camp-move,2026-06-27,asset-02
session-00390,cust-0390,Paid Social,camp-move,2026-09-17,asset-02
session-00391,cust-0391,Instagram,camp-studio,2026-08-17,asset-01
session-00392,cust-0392,Paid Social,camp-move,2026-08-01,asset-02
session-00393,cust-0393,DM,camp-private,2026-08-22,asset-03
session-00394,cust-0394,Organic,organic,2026-06-19,asset-04
session-00395,cust-0395,Instagram,camp-studio,2026-06-06,asset-01
session-00396,cust-0396,DM,camp-private,2026-08-29,asset-03
session-00397,cust-0397,Instagram,camp-studio,2026-07-02,asset-01
session-00398,cust-0398,Paid Social,camp-move,2026-06-15,asset-02
session-00399,cust-0399,Paid Social,camp-move,2026-09-11,asset-02
session-00400,cust-0400,Paid Social,camp-move,2026-06-24,asset-02
session-00401,cust-0353,Paid Social,camp-move,2026-07-17,asset-02
session-00402,cust-0314,Organic,organic,2026-07-03,asset-04
session-00403,cust-0397,Paid Social,camp-move,2026-09-18,asset-02
session-00404,cust-0359,Instagram,camp-studio,2026-08-30,asset-01
session-00405,cust-0200,Instagram,camp-studio,2026-08-11,asset-01
session-00406,cust-0190,DM,camp-private,2025-11-18,asset-03
session-00407,cust-0306,Organic,organic,2026-04-04,asset-04
session-00408,cust-0266,Instagram,camp-studio,2026-04-20,asset-01
session-00409,cust-0185,DM,camp-private,2026-01-22,asset-03
session-00410,cust-0287,Instagram,camp-studio,2026-07-16,asset-01
session-00411,cust-0055,Instagram,camp-studio,2026-07-03,asset-01
session-00412,cust-0227,Paid Social,camp-move,2026-03-31,asset-02
session-00413,cust-0301,Paid Social,camp-move,2026-05-26,asset-02
session-00414,cust-0162,Organic,organic,2026-04-16,asset-04
session-00415,cust-0384,Instagram,camp-studio,2026-03-16,asset-01
session-00416,cust-0350,Paid Social,camp-move,2025-12-27,asset-02
session-00417,cust-0183,Organic,organic,2026-06-25,asset-04
session-00418,cust-0278,Organic,organic,2025-12-29,asset-04
session-00419,cust-0392,Instagram,camp-studio,2026-08-01,asset-01
session-00420,cust-0358,Paid Social,camp-move,2026-06-09,asset-02
session-00421,cust-0138,Organic,organic,2026-05-21,asset-04
session-00422,cust-0144,Instagram,camp-studio,2026-09-05,asset-01
session-00423,cust-0196,Instagram,camp-studio,2026-07-09,asset-01
session-00424,cust-0162,Instagram,camp-studio,2026-05-26,asset-01
session-00425,cust-0134,Paid Social,camp-move,2026-03-21,asset-02
session-00426,cust-0146,Instagram,camp-studio,2026-07-24,asset-01
session-00427,cust-0176,Instagram,camp-studio,2026-08-15,asset-01
session-00428,cust-0400,DM,camp-private,2026-03-25,asset-03
session-00429,cust-0108,Paid Social,camp-move,2025-12-14,asset-02
session-00430,cust-0043,Instagram,camp-studio,2025-12-10,asset-01
session-00431,cust-0183,Organic,organic,2026-06-25,asset-04
session-00432,cust-0234,DM,camp-private,2026-08-06,asset-03
session-00433,cust-0247,Instagram,camp-studio,2026-06-25,asset-01
session-00434,cust-0274,DM,camp-private,2026-04-16,asset-03
session-00435,cust-0288,Paid Social,camp-move,2026-05-01,asset-02
session-00436,cust-0265,Organic,organic,2026-07-29,asset-04
session-00437,cust-0327,DM,camp-private,2026-05-09,asset-03
session-00438,cust-0225,Instagram,camp-studio,2026-01-26,asset-01
session-00439,cust-0075,Instagram,camp-studio,2025-11-12,asset-01
session-00440,cust-0227,DM,camp-private,2026-01-25,asset-03
session-00441,cust-0160,Instagram,camp-studio,2026-03-04,asset-01
session-00442,cust-0153,Paid Social,camp-move,2026-01-28,asset-02
session-00443,cust-0142,Instagram,camp-studio,2026-08-09,asset-01
session-00444,cust-0183,Instagram,camp-studio,2026-08-13,asset-01
session-00445,cust-0353,Instagram,camp-studio,2026-07-17,asset-01
session-00446,cust-0098,Instagram,camp-studio,2026-07-08,asset-01
session-00447,cust-0233,Organic,organic,2026-07-20,asset-04
session-00448,cust-0370,DM,camp-private,2025-10-29,asset-03
session-00449,cust-0050,DM,camp-private,2026-06-12,asset-03
session-00450,cust-0320,DM,camp-private,2026-09-11,asset-03
session-00451,cust-0041,Organic,organic,2026-05-19,asset-04
session-00452,cust-0021,Organic,organic,2025-11-08,asset-04
session-00453,cust-0099,DM,camp-private,2026-06-16,asset-03
session-00454,cust-0346,DM,camp-private,2026-07-15,asset-03
session-00455,cust-0282,Organic,organic,2026-03-03,asset-04
session-00456,cust-0193,Organic,organic,2026-06-25,asset-04
session-00457,cust-0266,Organic,organic,2026-04-20,asset-04
session-00458,cust-0354,Organic,organic,2026-07-08,asset-04
session-00459,cust-0154,Paid Social,camp-move,2026-07-02,asset-02
session-00460,cust-0354,Paid Social,camp-move,2026-09-13,asset-02
session-00461,cust-0309,DM,camp-private,2026-02-04,asset-03
session-00462,cust-0375,Organic,organic,2026-04-06,asset-04
session-00463,cust-0076,Instagram,camp-studio,2026-04-04,asset-01
session-00464,cust-0358,Organic,organic,2026-01-04,asset-04
session-00465,cust-0377,Instagram,camp-studio,2026-06-24,asset-01
session-00466,cust-0305,Instagram,camp-studio,2026-08-20,asset-01
session-00467,cust-0023,Instagram,camp-studio,2026-01-19,asset-01
session-00468,cust-0012,Instagram,camp-studio,2026-03-05,asset-01
session-00469,cust-0073,DM,camp-private,2026-09-12,asset-03
session-00470,cust-0139,Organic,organic,2026-08-26,asset-04
session-00471,cust-0261,Instagram,camp-studio,2026-09-18,asset-01
session-00472,cust-0235,Organic,organic,2026-07-03,asset-04
session-00473,cust-0010,DM,camp-private,2026-03-14,asset-03
session-00474,cust-0144,Instagram,camp-studio,2026-09-05,asset-01
session-00475,cust-0314,DM,camp-private,2026-08-08,asset-03
session-00476,cust-0106,Instagram,camp-studio,2026-08-21,asset-01
session-00477,cust-0395,DM,camp-private,2025-12-03,asset-03
session-00478,cust-0382,Organic,organic,2026-08-11,asset-04
session-00479,cust-0184,DM,camp-private,2026-06-20,asset-03
session-00480,cust-0084,Instagram,camp-studio,2026-01-07,asset-01
session-00481,cust-0104,Instagram,camp-studio,2026-09-07,asset-01
session-00482,cust-0235,Paid Social,camp-move,2026-01-25,asset-02
session-00483,cust-0381,DM,camp-private,2026-07-09,asset-03
session-00484,cust-0203,Paid Social,camp-move,2025-11-26,asset-02
session-00485,cust-0073,Organic,organic,2026-05-13,asset-04
session-00486,cust-0303,Organic,organic,2026-09-16,asset-04
session-00487,cust-0269,Paid Social,camp-move,2026-09-19,asset-02
session-00488,cust-0088,Paid Social,camp-move,2026-09-06,asset-02
session-00489,cust-0061,Organic,organic,2026-02-19,asset-04
session-00490,cust-0338,Paid Social,camp-move,2026-07-23,asset-02
session-00491,cust-0017,Paid Social,camp-move,2026-08-25,asset-02
session-00492,cust-0146,DM,camp-private,2026-07-26,asset-03
session-00493,cust-0019,Organic,organic,2025-11-08,asset-04
session-00494,cust-0242,Instagram,camp-studio,2025-11-28,asset-01
session-00495,cust-0312,Instagram,camp-studio,2026-04-26,asset-01
session-00496,cust-0255,Organic,organic,2026-05-29,asset-04
session-00497,cust-0316,Paid Social,camp-move,2026-05-29,asset-02
session-00498,cust-0004,DM,camp-private,2025-11-14,asset-03
session-00499,cust-0243,DM,camp-private,2026-03-10,asset-03
session-00500,cust-0212,Organic,organic,2026-01-08,asset-04
session-00501,cust-0077,Organic,organic,2026-02-11,asset-04
session-00502,cust-0305,Organic,organic,2025-12-15,asset-04
session-00503,cust-0255,Paid Social,camp-move,2026-05-22,asset-02
session-00504,cust-0013,Organic,organic,2026-05-22,asset-04
session-00505,cust-0074,Organic,organic,2026-01-19,asset-04
session-00506,cust-0268,Instagram,camp-studio,2025-11-19,asset-01
session-00507,cust-0024,Paid Social,camp-move,2026-06-07,asset-02
session-00508,cust-0164,DM,camp-private,2026-05-02,asset-03
session-00509,cust-0361,Paid Social,camp-move,2026-02-10,asset-02
session-00510,cust-0242,Instagram,camp-studio,2026-08-28,asset-01
session-00511,cust-0171,DM,camp-private,2026-01-01,asset-03
session-00512,cust-0115,Organic,organic,2026-03-02,asset-04
session-00513,cust-0244,Instagram,camp-studio,2025-11-16,asset-01
session-00514,cust-0333,Organic,organic,2025-10-25,asset-04
session-00515,cust-0247,Instagram,camp-studio,2026-04-02,asset-01
session-00516,cust-0089,DM,camp-private,2026-08-22,asset-03
session-00517,cust-0167,Instagram,camp-studio,2026-07-03,asset-01
session-00518,cust-0395,Instagram,camp-studio,2026-04-03,asset-01
session-00519,cust-0232,Instagram,camp-studio,2026-06-19,asset-01
session-00520,cust-0177,DM,camp-private,2026-06-08,asset-03
session-00521,cust-0028,DM,camp-private,2026-01-01,asset-03
session-00522,cust-0208,Paid Social,camp-move,2026-03-31,asset-02
session-00523,cust-0079,Organic,organic,2026-08-13,asset-04
session-00524,cust-0329,Organic,organic,2026-05-24,asset-04
session-00525,cust-0218,Organic,organic,2026-08-31,asset-04
session-00526,cust-0280,Paid Social,camp-move,2026-07-11,asset-02
session-00527,cust-0354,Instagram,camp-studio,2026-07-08,asset-01
session-00528,cust-0041,Organic,organic,2026-06-11,asset-04
session-00529,cust-0241,DM,camp-private,2026-07-12,asset-03
session-00530,cust-0027,Organic,organic,2026-08-23,asset-04
session-00531,cust-0143,Instagram,camp-studio,2026-01-27,asset-01
session-00532,cust-0359,Paid Social,camp-move,2026-08-30,asset-02
session-00533,cust-0079,Organic,organic,2026-08-13,asset-04
session-00534,cust-0060,Instagram,camp-studio,2026-07-01,asset-01
session-00535,cust-0362,Paid Social,camp-move,2026-04-09,asset-02
session-00536,cust-0273,Instagram,camp-studio,2026-08-13,asset-01
session-00537,cust-0051,DM,camp-private,2026-03-17,asset-03
session-00538,cust-0354,Instagram,camp-studio,2026-07-08,asset-01
session-00539,cust-0229,Instagram,camp-studio,2026-03-16,asset-01
session-00540,cust-0062,Organic,organic,2026-08-09,asset-04
session-00541,cust-0039,Paid Social,camp-move,2026-09-14,asset-02
session-00542,cust-0400,Instagram,camp-studio,2025-11-14,asset-01
session-00543,cust-0331,Instagram,camp-studio,2026-06-20,asset-01
session-00544,cust-0398,Instagram,camp-studio,2026-05-05,asset-01
session-00545,cust-0201,Instagram,camp-studio,2026-07-09,asset-01
session-00546,cust-0275,Instagram,camp-studio,2026-03-19,asset-01
session-00547,cust-0175,Organic,organic,2026-02-21,asset-04
session-00548,cust-0055,DM,camp-private,2026-08-09,asset-03
session-00549,cust-0304,Paid Social,camp-move,2026-01-20,asset-02
session-00550,cust-0009,Instagram,camp-studio,2026-02-09,asset-01
session-00551,cust-0120,Instagram,camp-studio,2026-08-17,asset-01
session-00552,cust-0067,Instagram,camp-studio,2026-09-17,asset-01
session-00553,cust-0055,Paid Social,camp-move,2026-05-15,asset-02
session-00554,cust-0351,Paid Social,camp-move,2026-07-12,asset-02
session-00555,cust-0073,Instagram,camp-studio,2026-04-20,asset-01
session-00556,cust-0324,Paid Social,camp-move,2026-07-29,asset-02
session-00557,cust-0396,DM,camp-private,2026-08-29,asset-03
session-00558,cust-0306,DM,camp-private,2026-04-04,asset-03
session-00559,cust-0121,Instagram,camp-studio,2026-05-14,asset-01
session-00560,cust-0395,DM,camp-private,2026-08-07,asset-03
session-00561,cust-0146,Paid Social,camp-move,2026-07-24,asset-02
session-00562,cust-0121,DM,camp-private,2026-05-14,asset-03
session-00563,cust-0224,Instagram,camp-studio,2025-12-01,asset-01
session-00564,cust-0292,Instagram,camp-studio,2025-10-17,asset-01
session-00565,cust-0310,Organic,organic,2026-05-12,asset-04
session-00566,cust-0268,Organic,organic,2026-05-29,asset-04
session-00567,cust-0127,Paid Social,camp-move,2026-06-24,asset-02
session-00568,cust-0241,Instagram,camp-studio,2026-06-04,asset-01
session-00569,cust-0043,Organic,organic,2026-06-30,asset-04
session-00570,cust-0083,Paid Social,camp-move,2026-09-12,asset-02
session-00571,cust-0190,Paid Social,camp-move,2026-08-08,asset-02
session-00572,cust-0107,Instagram,camp-studio,2026-09-06,asset-01
session-00573,cust-0188,DM,camp-private,2026-05-30,asset-03
session-00574,cust-0071,Instagram,camp-studio,2026-03-09,asset-01
session-00575,cust-0390,Instagram,camp-studio,2026-09-17,asset-01
session-00576,cust-0232,Paid Social,camp-move,2026-05-23,asset-02
session-00577,cust-0189,Organic,organic,2026-09-01,asset-04
session-00578,cust-0092,Organic,organic,2026-08-13,asset-04
session-00579,cust-0350,Organic,organic,2026-06-24,asset-04
session-00580,cust-0168,DM,camp-private,2026-05-25,asset-03
session-00581,cust-0157,Organic,organic,2025-12-14,asset-04
session-00582,cust-0234,DM,camp-private,2026-01-12,asset-03
session-00583,cust-0134,Instagram,camp-studio,2026-03-30,asset-01
session-00584,cust-0084,Instagram,camp-studio,2026-06-21,asset-01
session-00585,cust-0362,Paid Social,camp-move,2026-02-18,asset-02
session-00586,cust-0375,Organic,organic,2026-05-22,asset-04
session-00587,cust-0393,Instagram,camp-studio,2026-08-22,asset-01
session-00588,cust-0163,DM,camp-private,2026-07-22,asset-03
session-00589,cust-0190,Paid Social,camp-move,2026-04-07,asset-02
session-00590,cust-0148,Organic,organic,2026-04-07,asset-04
session-00591,cust-0074,Instagram,camp-studio,2026-01-19,asset-01
session-00592,cust-0328,Paid Social,camp-move,2026-07-18,asset-02
session-00593,cust-0379,Instagram,camp-studio,2026-06-08,asset-01
session-00594,cust-0353,Instagram,camp-studio,2026-08-13,asset-01
session-00595,cust-0247,Paid Social,camp-move,2026-07-08,asset-02
session-00596,cust-0009,Instagram,camp-studio,2026-02-09,asset-01
session-00597,cust-0322,Organic,organic,2026-07-15,asset-04
session-00598,cust-0139,DM,camp-private,2026-09-04,asset-03
session-00599,cust-0249,Instagram,camp-studio,2026-05-28,asset-01
session-00600,cust-0360,Paid Social,camp-move,2026-03-01,asset-02
session-00601,cust-0306,Organic,organic,2026-06-16,asset-04
session-00602,cust-0067,Paid Social,camp-move,2026-09-17,asset-02
session-00603,cust-0061,Instagram,camp-studio,2026-02-19,asset-01
session-00604,cust-0103,DM,camp-private,2026-01-12,asset-03
session-00605,cust-0257,Instagram,camp-studio,2026-07-28,asset-01
session-00606,cust-0145,Organic,organic,2026-04-26,asset-04
session-00607,cust-0302,Paid Social,camp-move,2026-01-09,asset-02
session-00608,cust-0057,Instagram,camp-studio,2026-06-14,asset-01
session-00609,cust-0060,Instagram,camp-studio,2026-07-01,asset-01
session-00610,cust-0220,Organic,organic,2026-04-01,asset-04
session-00611,cust-0346,DM,camp-private,2026-07-15,asset-03
session-00612,cust-0174,DM,camp-private,2026-08-08,asset-03
session-00613,cust-0330,Instagram,camp-studio,2026-06-06,asset-01
session-00614,cust-0028,Paid Social,camp-move,2026-01-01,asset-02
session-00615,cust-0393,Organic,organic,2026-08-22,asset-04
session-00616,cust-0392,Organic,organic,2026-08-01,asset-04
session-00617,cust-0156,Instagram,camp-studio,2026-09-14,asset-01
session-00618,cust-0241,Paid Social,camp-move,2026-05-18,asset-02
session-00619,cust-0303,Instagram,camp-studio,2026-04-15,asset-01
session-00620,cust-0183,Instagram,camp-studio,2026-06-25,asset-01
session-00621,cust-0011,Instagram,camp-studio,2026-06-22,asset-01
session-00622,cust-0302,Organic,organic,2026-01-09,asset-04
session-00623,cust-0315,Paid Social,camp-move,2026-08-26,asset-02
session-00624,cust-0136,Instagram,camp-studio,2026-06-09,asset-01
session-00625,cust-0173,Instagram,camp-studio,2026-02-08,asset-01
session-00626,cust-0259,Paid Social,camp-move,2026-02-21,asset-02
session-00627,cust-0096,Paid Social,camp-move,2026-07-12,asset-02
session-00628,cust-0315,Organic,organic,2026-08-26,asset-04
session-00629,cust-0211,Organic,organic,2026-04-26,asset-04
session-00630,cust-0132,DM,camp-private,2026-09-03,asset-03
session-00631,cust-0143,Paid Social,camp-move,2026-08-25,asset-02
session-00632,cust-0033,Organic,organic,2026-04-17,asset-04
session-00633,cust-0377,Organic,organic,2026-06-24,asset-04
session-00634,cust-0300,Organic,organic,2026-05-28,asset-04
session-00635,cust-0141,Paid Social,camp-move,2026-05-01,asset-02
session-00636,cust-0075,Paid Social,camp-move,2026-03-21,asset-02
session-00637,cust-0344,Instagram,camp-studio,2026-07-10,asset-01
session-00638,cust-0199,Organic,organic,2026-05-28,asset-04
session-00639,cust-0393,Paid Social,camp-move,2026-08-22,asset-02
session-00640,cust-0171,Organic,organic,2026-04-23,asset-04
session-00641,cust-0309,DM,camp-private,2026-06-25,asset-03
session-00642,cust-0329,Instagram,camp-studio,2026-05-24,asset-01
session-00643,cust-0305,Paid Social,camp-move,2026-09-08,asset-02
session-00644,cust-0304,Organic,organic,2026-03-07,asset-04
session-00645,cust-0118,Organic,organic,2026-06-04,asset-04
session-00646,cust-0368,Paid Social,camp-move,2026-06-15,asset-02
session-00647,cust-0098,Instagram,camp-studio,2026-04-04,asset-01
session-00648,cust-0128,DM,camp-private,2026-03-25,asset-03
session-00649,cust-0306,Instagram,camp-studio,2026-04-04,asset-01
session-00650,cust-0024,Instagram,camp-studio,2026-06-07,asset-01
session-00651,cust-0092,Instagram,camp-studio,2026-08-13,asset-01
session-00652,cust-0073,Instagram,camp-studio,2026-01-30,asset-01
session-00653,cust-0221,Organic,organic,2026-05-04,asset-04
session-00654,cust-0252,Paid Social,camp-move,2025-12-03,asset-02
session-00655,cust-0094,Paid Social,camp-move,2026-06-22,asset-02
session-00656,cust-0364,Paid Social,camp-move,2026-07-05,asset-02
session-00657,cust-0340,Instagram,camp-studio,2026-09-02,asset-01
session-00658,cust-0169,Instagram,camp-studio,2026-02-03,asset-01
session-00659,cust-0138,DM,camp-private,2026-07-19,asset-03
session-00660,cust-0292,Instagram,camp-studio,2025-11-22,asset-01
session-00661,cust-0395,Instagram,camp-studio,2026-04-14,asset-01
session-00662,cust-0222,Organic,organic,2026-06-13,asset-04
session-00663,cust-0199,Instagram,camp-studio,2026-05-28,asset-01
session-00664,cust-0219,Instagram,camp-studio,2026-08-20,asset-01
session-00665,cust-0066,Organic,organic,2026-09-03,asset-04
session-00666,cust-0024,Instagram,camp-studio,2026-06-07,asset-01
session-00667,cust-0300,Organic,organic,2026-05-28,asset-04
session-00668,cust-0233,Paid Social,camp-move,2026-08-30,asset-02
session-00669,cust-0274,Instagram,camp-studio,2026-04-16,asset-01
session-00670,cust-0309,Instagram,camp-studio,2026-05-26,asset-01
session-00671,cust-0155,Instagram,camp-studio,2025-11-01,asset-01
session-00672,cust-0333,DM,camp-private,2025-11-30,asset-03
session-00673,cust-0249,Instagram,camp-studio,2026-05-28,asset-01
session-00674,cust-0378,DM,camp-private,2026-07-14,asset-03
session-00675,cust-0032,Instagram,camp-studio,2026-06-17,asset-01
session-00676,cust-0011,Instagram,camp-studio,2026-01-14,asset-01
session-00677,cust-0367,Paid Social,camp-move,2026-08-20,asset-02
session-00678,cust-0185,Organic,organic,2026-05-16,asset-04
session-00679,cust-0089,Instagram,camp-studio,2026-08-19,asset-01
session-00680,cust-0010,Organic,organic,2026-03-23,asset-04
session-00681,cust-0288,Paid Social,camp-move,2026-01-12,asset-02
session-00682,cust-0387,Organic,organic,2025-12-11,asset-04
session-00683,cust-0054,DM,camp-private,2025-12-12,asset-03
session-00684,cust-0260,DM,camp-private,2026-05-30,asset-03
session-00685,cust-0243,Instagram,camp-studio,2026-03-15,asset-01
session-00686,cust-0071,Paid Social,camp-move,2026-04-28,asset-02
session-00687,cust-0395,DM,camp-private,2025-09-26,asset-03
session-00688,cust-0295,Organic,organic,2025-10-18,asset-04
session-00689,cust-0349,Paid Social,camp-move,2026-09-11,asset-02
session-00690,cust-0076,Paid Social,camp-move,2026-09-10,asset-02
session-00691,cust-0177,Paid Social,camp-move,2026-08-20,asset-02
session-00692,cust-0048,Paid Social,camp-move,2026-06-09,asset-02
session-00693,cust-0259,DM,camp-private,2025-12-28,asset-03
session-00694,cust-0003,Instagram,camp-studio,2026-05-09,asset-01
session-00695,cust-0099,Paid Social,camp-move,2026-03-21,asset-02
session-00696,cust-0244,Paid Social,camp-move,2026-01-04,asset-02
session-00697,cust-0326,Organic,organic,2026-04-26,asset-04
session-00698,cust-0066,DM,camp-private,2026-05-27,asset-03
session-00699,cust-0268,Instagram,camp-studio,2025-12-07,asset-01
session-00700,cust-0379,Instagram,camp-studio,2026-06-08,asset-01
session-00701,cust-0173,Paid Social,camp-move,2026-03-30,asset-02
session-00702,cust-0231,Paid Social,camp-move,2026-08-24,asset-02
session-00703,cust-0344,DM,camp-private,2026-07-10,asset-03
session-00704,cust-0363,Paid Social,camp-move,2026-04-12,asset-02
session-00705,cust-0062,Organic,organic,2026-08-23,asset-04
session-00706,cust-0012,Paid Social,camp-move,2026-03-12,asset-02
session-00707,cust-0209,Instagram,camp-studio,2026-08-31,asset-01
session-00708,cust-0062,Instagram,camp-studio,2026-08-09,asset-01
session-00709,cust-0138,Instagram,camp-studio,2025-11-07,asset-01
session-00710,cust-0301,Instagram,camp-studio,2026-09-01,asset-01
session-00711,cust-0326,Instagram,camp-studio,2026-06-03,asset-01
session-00712,cust-0238,Instagram,camp-studio,2026-08-11,asset-01
session-00713,cust-0109,Organic,organic,2026-07-14,asset-04
session-00714,cust-0063,DM,camp-private,2026-08-04,asset-03
session-00715,cust-0176,Instagram,camp-studio,2026-08-15,asset-01
session-00716,cust-0005,Instagram,camp-studio,2026-08-31,asset-01
session-00717,cust-0344,DM,camp-private,2026-07-10,asset-03
session-00718,cust-0064,Paid Social,camp-move,2026-05-13,asset-02
session-00719,cust-0368,Instagram,camp-studio,2026-05-14,asset-01
session-00720,cust-0292,Paid Social,camp-move,2026-05-31,asset-02
session-00721,cust-0141,Organic,organic,2025-12-29,asset-04
session-00722,cust-0333,Organic,organic,2025-10-21,asset-04
session-00723,cust-0216,Paid Social,camp-move,2026-06-19,asset-02
session-00724,cust-0101,Instagram,camp-studio,2026-09-09,asset-01
session-00725,cust-0243,Organic,organic,2026-03-10,asset-04
session-00726,cust-0318,Organic,organic,2026-04-29,asset-04
session-00727,cust-0227,Instagram,camp-studio,2025-10-24,asset-01
session-00728,cust-0338,Instagram,camp-studio,2026-08-06,asset-01
session-00729,cust-0014,Paid Social,camp-move,2026-09-03,asset-02
session-00730,cust-0182,Paid Social,camp-move,2026-04-22,asset-02
session-00731,cust-0278,Instagram,camp-studio,2025-12-29,asset-01
session-00732,cust-0287,Paid Social,camp-move,2026-01-27,asset-02
session-00733,cust-0215,Instagram,camp-studio,2026-03-09,asset-01
session-00734,cust-0239,Instagram,camp-studio,2026-08-06,asset-01
session-00735,cust-0004,Instagram,camp-studio,2026-03-24,asset-01
session-00736,cust-0135,Instagram,camp-studio,2025-12-17,asset-01
session-00737,cust-0057,Organic,organic,2026-03-10,asset-04
session-00738,cust-0074,Organic,organic,2026-01-19,asset-04
session-00739,cust-0024,DM,camp-private,2026-08-03,asset-03
session-00740,cust-0251,DM,camp-private,2026-06-25,asset-03
session-00741,cust-0331,Paid Social,camp-move,2026-06-20,asset-02
session-00742,cust-0299,Instagram,camp-studio,2026-08-17,asset-01
session-00743,cust-0194,Instagram,camp-studio,2026-07-07,asset-01
session-00744,cust-0173,Paid Social,camp-move,2026-04-23,asset-02
session-00745,cust-0120,DM,camp-private,2026-08-17,asset-03
session-00746,cust-0185,Paid Social,camp-move,2025-10-10,asset-02
session-00747,cust-0134,Organic,organic,2026-01-12,asset-04
session-00748,cust-0007,DM,camp-private,2026-05-18,asset-03
session-00749,cust-0108,Instagram,camp-studio,2026-05-18,asset-01
session-00750,cust-0066,Organic,organic,2026-02-20,asset-04
session-00751,cust-0072,Organic,organic,2026-02-17,asset-04
session-00752,cust-0196,Organic,organic,2026-07-09,asset-04
session-00753,cust-0017,DM,camp-private,2026-09-07,asset-03
session-00754,cust-0266,Instagram,camp-studio,2026-04-20,asset-01
session-00755,cust-0106,Organic,organic,2025-11-23,asset-04
session-00756,cust-0074,Instagram,camp-studio,2026-05-03,asset-01
session-00757,cust-0021,Instagram,camp-studio,2025-11-08,asset-01
session-00758,cust-0090,Instagram,camp-studio,2026-04-21,asset-01
session-00759,cust-0202,Organic,organic,2026-09-12,asset-04
session-00760,cust-0211,Instagram,camp-studio,2026-06-29,asset-01
session-00761,cust-0107,Instagram,camp-studio,2026-06-04,asset-01
session-00762,cust-0238,Paid Social,camp-move,2026-08-11,asset-02
session-00763,cust-0088,DM,camp-private,2026-09-06,asset-03
session-00764,cust-0347,Instagram,camp-studio,2026-07-23,asset-01
session-00765,cust-0025,Organic,organic,2026-08-11,asset-04
session-00766,cust-0027,Instagram,camp-studio,2026-07-22,asset-01
session-00767,cust-0050,Instagram,camp-studio,2026-08-24,asset-01
session-00768,cust-0320,Organic,organic,2026-01-11,asset-04
session-00769,cust-0235,Instagram,camp-studio,2026-01-12,asset-01
session-00770,cust-0393,Paid Social,camp-move,2026-08-22,asset-02
session-00771,cust-0049,Instagram,camp-studio,2026-07-24,asset-01
session-00772,cust-0326,Instagram,camp-studio,2026-09-06,asset-01
session-00773,cust-0380,Paid Social,camp-move,2026-02-04,asset-02
session-00774,cust-0071,Paid Social,camp-move,2026-03-27,asset-02
session-00775,cust-0021,Organic,organic,2026-06-15,asset-04
session-00776,cust-0277,Organic,organic,2026-01-27,asset-04
session-00777,cust-0004,Organic,organic,2025-10-23,asset-04
session-00778,cust-0041,DM,camp-private,2026-04-25,asset-03
session-00779,cust-0247,Organic,organic,2026-02-11,asset-04
session-00780,cust-0196,Organic,organic,2026-07-09,asset-04
session-00781,cust-0132,Paid Social,camp-move,2026-04-14,asset-02
session-00782,cust-0101,Organic,organic,2026-09-09,asset-04
session-00783,cust-0251,DM,camp-private,2026-06-25,asset-03
session-00784,cust-0326,Paid Social,camp-move,2026-09-06,asset-02
session-00785,cust-0186,DM,camp-private,2026-08-07,asset-03
session-00786,cust-0048,DM,camp-private,2026-08-12,asset-03
session-00787,cust-0130,Instagram,camp-studio,2026-09-11,asset-01
session-00788,cust-0373,Instagram,camp-studio,2026-08-06,asset-01
session-00789,cust-0158,Organic,organic,2026-09-06,asset-04
session-00790,cust-0361,Instagram,camp-studio,2026-01-22,asset-01
session-00791,cust-0094,Instagram,camp-studio,2026-06-22,asset-01
session-00792,cust-0142,Instagram,camp-studio,2026-08-09,asset-01
session-00793,cust-0004,DM,camp-private,2026-08-28,asset-03
session-00794,cust-0243,DM,camp-private,2026-03-12,asset-03
session-00795,cust-0313,Organic,organic,2026-09-13,asset-04
session-00796,cust-0072,DM,camp-private,2026-02-17,asset-03
session-00797,cust-0339,Instagram,camp-studio,2025-12-23,asset-01
session-00798,cust-0042,Paid Social,camp-move,2026-03-14,asset-02
session-00799,cust-0151,Instagram,camp-studio,2026-07-29,asset-01
session-00800,cust-0060,DM,camp-private,2026-07-01,asset-03
session-00801,cust-0132,Paid Social,camp-move,2026-08-26,asset-02
session-00802,cust-0393,Instagram,camp-studio,2026-08-22,asset-01
session-00803,cust-0060,Instagram,camp-studio,2026-07-01,asset-01
session-00804,cust-0195,DM,camp-private,2026-07-09,asset-03
session-00805,cust-0065,DM,camp-private,2026-07-14,asset-03
session-00806,cust-0234,DM,camp-private,2026-01-12,asset-03
session-00807,cust-0362,Paid Social,camp-move,2026-07-10,asset-02
session-00808,cust-0171,Organic,organic,2025-12-22,asset-04
session-00809,cust-0154,Organic,organic,2026-08-21,asset-04
session-00810,cust-0201,Paid Social,camp-move,2026-06-21,asset-02
session-00811,cust-0298,Organic,organic,2025-12-16,asset-04
session-00812,cust-0150,Instagram,camp-studio,2026-07-24,asset-01
session-00813,cust-0219,Organic,organic,2026-09-02,asset-04
session-00814,cust-0077,DM,camp-private,2026-08-06,asset-03
session-00815,cust-0399,Organic,organic,2026-08-27,asset-04
session-00816,cust-0261,Instagram,camp-studio,2026-01-10,asset-01
session-00817,cust-0051,Instagram,camp-studio,2026-03-17,asset-01
session-00818,cust-0334,Organic,organic,2026-06-09,asset-04
session-00819,cust-0106,Instagram,camp-studio,2026-08-20,asset-01
session-00820,cust-0266,DM,camp-private,2026-04-20,asset-03
session-00821,cust-0108,Instagram,camp-studio,2026-09-05,asset-01
session-00822,cust-0066,Paid Social,camp-move,2026-08-01,asset-02
session-00823,cust-0105,DM,camp-private,2026-03-07,asset-03
session-00824,cust-0079,Organic,organic,2026-08-13,asset-04
session-00825,cust-0351,Paid Social,camp-move,2026-06-27,asset-02
session-00826,cust-0114,Organic,organic,2026-07-09,asset-04
session-00827,cust-0145,Instagram,camp-studio,2026-06-27,asset-01
session-00828,cust-0207,DM,camp-private,2026-05-19,asset-03
session-00829,cust-0328,DM,camp-private,2026-07-18,asset-03
session-00830,cust-0142,Paid Social,camp-move,2026-08-09,asset-02
session-00831,cust-0161,DM,camp-private,2026-08-16,asset-03
session-00832,cust-0284,Organic,organic,2026-05-29,asset-04
session-00833,cust-0351,Organic,organic,2026-08-30,asset-04
session-00834,cust-0379,Organic,organic,2026-08-21,asset-04
session-00835,cust-0027,Paid Social,camp-move,2026-07-06,asset-02
session-00836,cust-0136,Instagram,camp-studio,2026-06-09,asset-01
session-00837,cust-0316,Instagram,camp-studio,2026-05-29,asset-01
session-00838,cust-0079,Instagram,camp-studio,2026-08-13,asset-01
session-00839,cust-0187,Organic,organic,2026-04-25,asset-04
session-00840,cust-0364,Instagram,camp-studio,2025-12-27,asset-01
session-00841,cust-0251,Paid Social,camp-move,2026-06-30,asset-02
session-00842,cust-0056,Instagram,camp-studio,2026-06-23,asset-01
session-00843,cust-0378,Paid Social,camp-move,2026-01-09,asset-02
session-00844,cust-0127,Organic,organic,2026-08-26,asset-04
session-00845,cust-0303,DM,camp-private,2026-08-06,asset-03
session-00846,cust-0269,DM,camp-private,2026-09-01,asset-03
session-00847,cust-0180,Paid Social,camp-move,2026-09-21,asset-02
session-00848,cust-0165,Instagram,camp-studio,2026-05-02,asset-01
session-00849,cust-0058,DM,camp-private,2026-04-03,asset-03
session-00850,cust-0381,Paid Social,camp-move,2026-07-17,asset-02
session-00851,cust-0336,Instagram,camp-studio,2025-12-26,asset-01
session-00852,cust-0130,Organic,organic,2026-06-30,asset-04
session-00853,cust-0269,Organic,organic,2026-09-01,asset-04
session-00854,cust-0356,DM,camp-private,2026-03-02,asset-03
session-00855,cust-0082,Instagram,camp-studio,2026-07-09,asset-01
session-00856,cust-0269,Instagram,camp-studio,2026-09-01,asset-01
session-00857,cust-0021,Instagram,camp-studio,2026-08-11,asset-01
session-00858,cust-0108,Instagram,camp-studio,2026-06-17,asset-01
session-00859,cust-0282,DM,camp-private,2026-02-04,asset-03
session-00860,cust-0276,Organic,organic,2026-08-23,asset-04
session-00861,cust-0321,DM,camp-private,2026-08-10,asset-03
session-00862,cust-0246,Paid Social,camp-move,2026-01-21,asset-02
session-00863,cust-0036,Instagram,camp-studio,2026-02-11,asset-01
session-00864,cust-0330,Instagram,camp-studio,2026-06-06,asset-01
session-00865,cust-0174,Instagram,camp-studio,2026-09-19,asset-01
session-00866,cust-0246,Instagram,camp-studio,2026-01-21,asset-01
session-00867,cust-0053,Organic,organic,2026-06-08,asset-04
session-00868,cust-0336,Instagram,camp-studio,2026-02-12,asset-01
session-00869,cust-0185,Organic,organic,2025-10-31,asset-04
session-00870,cust-0342,Instagram,camp-studio,2026-09-03,asset-01
session-00871,cust-0077,Instagram,camp-studio,2026-08-23,asset-01
session-00872,cust-0219,Instagram,camp-studio,2026-08-20,asset-01
session-00873,cust-0171,Organic,organic,2025-12-22,asset-04
session-00874,cust-0367,Paid Social,camp-move,2026-04-22,asset-02
session-00875,cust-0105,Paid Social,camp-move,2026-03-07,asset-02
session-00876,cust-0399,Instagram,camp-studio,2026-08-27,asset-01
session-00877,cust-0014,Organic,organic,2026-09-13,asset-04
session-00878,cust-0073,Instagram,camp-studio,2025-11-01,asset-01
session-00879,cust-0228,DM,camp-private,2026-08-16,asset-03
session-00880,cust-0233,DM,camp-private,2026-07-20,asset-03
session-00881,cust-0268,Organic,organic,2026-03-30,asset-04
session-00882,cust-0240,Instagram,camp-studio,2026-05-19,asset-01
session-00883,cust-0139,Instagram,camp-studio,2025-11-16,asset-01
session-00884,cust-0104,Organic,organic,2026-09-07,asset-04
session-00885,cust-0048,Instagram,camp-studio,2026-04-04,asset-01
session-00886,cust-0397,Instagram,camp-studio,2026-07-02,asset-01
session-00887,cust-0350,Instagram,camp-studio,2026-05-13,asset-01
session-00888,cust-0083,Paid Social,camp-move,2026-05-31,asset-02
session-00889,cust-0174,Paid Social,camp-move,2026-08-08,asset-02
session-00890,cust-0107,DM,camp-private,2026-07-30,asset-03
session-00891,cust-0159,Organic,organic,2026-06-27,asset-04
session-00892,cust-0152,Instagram,camp-studio,2026-06-19,asset-01
session-00893,cust-0072,Organic,organic,2026-02-17,asset-04
session-00894,cust-0320,Paid Social,camp-move,2026-02-24,asset-02
session-00895,cust-0030,DM,camp-private,2026-09-16,asset-03
session-00896,cust-0038,Paid Social,camp-move,2026-01-13,asset-02
session-00897,cust-0103,Instagram,camp-studio,2026-04-13,asset-01
session-00898,cust-0164,Instagram,camp-studio,2026-07-06,asset-01
session-00899,cust-0351,Instagram,camp-studio,2026-04-24,asset-01
session-00900,cust-0133,Organic,organic,2026-03-26,asset-04
session-00901,cust-0083,Paid Social,camp-move,2026-09-13,asset-02
session-00902,cust-0371,Paid Social,camp-move,2026-08-28,asset-02
session-00903,cust-0328,Instagram,camp-studio,2026-07-18,asset-01
session-00904,cust-0179,Organic,organic,2026-01-04,asset-04
session-00905,cust-0158,Organic,organic,2026-09-06,asset-04
session-00906,cust-0278,Paid Social,camp-move,2026-04-23,asset-02
session-00907,cust-0338,DM,camp-private,2026-09-09,asset-03
session-00908,cust-0316,Instagram,camp-studio,2026-05-29,asset-01
session-00909,cust-0017,Instagram,camp-studio,2026-08-27,asset-01
session-00910,cust-0064,Organic,organic,2026-03-26,asset-04
session-00911,cust-0138,Instagram,camp-studio,2026-08-21,asset-01
session-00912,cust-0213,Instagram,camp-studio,2026-06-25,asset-01
session-00913,cust-0293,Instagram,camp-studio,2026-08-21,asset-01
session-00914,cust-0373,Paid Social,camp-move,2026-08-06,asset-02
session-00915,cust-0296,Organic,organic,2026-04-08,asset-04
session-00916,cust-0014,Instagram,camp-studio,2026-09-03,asset-01
session-00917,cust-0399,Instagram,camp-studio,2026-08-27,asset-01
session-00918,cust-0141,Organic,organic,2025-12-09,asset-04
session-00919,cust-0186,Paid Social,camp-move,2026-07-25,asset-02
session-00920,cust-0092,Paid Social,camp-move,2026-08-24,asset-02
session-00921,cust-0131,Instagram,camp-studio,2026-07-17,asset-01
session-00922,cust-0112,Instagram,camp-studio,2025-10-25,asset-01
session-00923,cust-0224,Organic,organic,2026-06-07,asset-04
session-00924,cust-0106,Paid Social,camp-move,2026-05-24,asset-02
session-00925,cust-0291,Paid Social,camp-move,2026-03-21,asset-02
session-00926,cust-0151,Organic,organic,2026-07-27,asset-04
session-00927,cust-0166,Organic,organic,2026-04-27,asset-04
session-00928,cust-0239,Organic,organic,2026-07-06,asset-04
session-00929,cust-0288,DM,camp-private,2026-02-07,asset-03
session-00930,cust-0388,Instagram,camp-studio,2026-05-04,asset-01
session-00931,cust-0197,Paid Social,camp-move,2026-01-21,asset-02
session-00932,cust-0271,Instagram,camp-studio,2026-08-18,asset-01
session-00933,cust-0161,DM,camp-private,2026-08-16,asset-03
session-00934,cust-0053,Instagram,camp-studio,2026-02-04,asset-01
session-00935,cust-0189,Organic,organic,2026-06-20,asset-04
session-00936,cust-0156,Instagram,camp-studio,2026-09-05,asset-01
session-00937,cust-0063,Paid Social,camp-move,2026-08-04,asset-02
session-00938,cust-0393,DM,camp-private,2026-08-22,asset-03
session-00939,cust-0254,Instagram,camp-studio,2026-07-14,asset-01
session-00940,cust-0303,Paid Social,camp-move,2026-06-16,asset-02
session-00941,cust-0113,Paid Social,camp-move,2026-03-23,asset-02
session-00942,cust-0158,DM,camp-private,2026-09-06,asset-03
session-00943,cust-0244,Paid Social,camp-move,2026-08-26,asset-02
session-00944,cust-0258,Paid Social,camp-move,2026-04-29,asset-02
session-00945,cust-0142,DM,camp-private,2026-08-09,asset-03
session-00946,cust-0019,Instagram,camp-studio,2026-07-10,asset-01
session-00947,cust-0355,Paid Social,camp-move,2026-06-16,asset-02
session-00948,cust-0353,Instagram,camp-studio,2026-07-17,asset-01
session-00949,cust-0136,Instagram,camp-studio,2026-06-09,asset-01
session-00950,cust-0009,DM,camp-private,2026-07-08,asset-03
session-00951,cust-0377,Paid Social,camp-move,2026-06-24,asset-02
session-00952,cust-0007,Instagram,camp-studio,2026-03-18,asset-01
session-00953,cust-0183,Instagram,camp-studio,2026-06-25,asset-01
session-00954,cust-0348,Organic,organic,2026-03-14,asset-04
session-00955,cust-0360,Organic,organic,2026-03-16,asset-04
session-00956,cust-0005,Organic,organic,2026-06-03,asset-04
session-00957,cust-0250,Instagram,camp-studio,2026-02-14,asset-01
session-00958,cust-0026,Instagram,camp-studio,2026-01-25,asset-01
session-00959,cust-0366,Instagram,camp-studio,2026-08-18,asset-01
session-00960,cust-0182,Organic,organic,2026-01-22,asset-04
session-00961,cust-0297,DM,camp-private,2026-01-21,asset-03
session-00962,cust-0224,Instagram,camp-studio,2025-11-22,asset-01
session-00963,cust-0239,Organic,organic,2026-04-23,asset-04
session-00964,cust-0125,Paid Social,camp-move,2026-07-13,asset-02
session-00965,cust-0044,Instagram,camp-studio,2026-01-10,asset-01
session-00966,cust-0346,DM,camp-private,2026-07-15,asset-03
session-00967,cust-0346,Organic,organic,2026-08-15,asset-04
session-00968,cust-0103,Instagram,camp-studio,2026-01-12,asset-01
session-00969,cust-0259,Paid Social,camp-move,2026-05-05,asset-02
session-00970,cust-0222,DM,camp-private,2026-06-13,asset-03
session-00971,cust-0055,Paid Social,camp-move,2026-05-15,asset-02
session-00972,cust-0182,Paid Social,camp-move,2025-12-13,asset-02
session-00973,cust-0263,Instagram,camp-studio,2026-04-30,asset-01
session-00974,cust-0338,Organic,organic,2026-07-23,asset-04
session-00975,cust-0166,Organic,organic,2026-07-18,asset-04
session-00976,cust-0396,Instagram,camp-studio,2026-08-29,asset-01
session-00977,cust-0129,Instagram,camp-studio,2026-07-18,asset-01
session-00978,cust-0358,Paid Social,camp-move,2026-05-05,asset-02
session-00979,cust-0147,Instagram,camp-studio,2026-01-15,asset-01
session-00980,cust-0291,Organic,organic,2026-06-27,asset-04
session-00981,cust-0225,DM,camp-private,2026-04-26,asset-03
session-00982,cust-0256,Instagram,camp-studio,2026-01-24,asset-01
session-00983,cust-0295,Organic,organic,2026-01-19,asset-04
session-00984,cust-0057,Paid Social,camp-move,2026-07-12,asset-02
session-00985,cust-0376,Organic,organic,2026-03-09,asset-04
session-00986,cust-0360,Instagram,camp-studio,2026-03-01,asset-01
session-00987,cust-0067,DM,camp-private,2026-09-17,asset-03
session-00988,cust-0195,DM,camp-private,2026-09-03,asset-03
session-00989,cust-0316,Instagram,camp-studio,2026-05-29,asset-01
session-00990,cust-0008,Organic,organic,2026-01-22,asset-04
session-00991,cust-0126,Instagram,camp-studio,2026-07-06,asset-01
session-00992,cust-0377,Organic,organic,2026-06-24,asset-04
session-00993,cust-0335,Paid Social,camp-move,2026-01-23,asset-02
session-00994,cust-0380,Instagram,camp-studio,2026-06-29,asset-01
session-00995,cust-0139,DM,camp-private,2026-02-07,asset-03
session-00996,cust-0195,DM,camp-private,2026-01-23,asset-03
session-00997,cust-0015,DM,camp-private,2026-06-28,asset-03
session-00998,cust-0284,Organic,organic,2026-04-07,asset-04
session-00999,cust-0196,DM,camp-private,2026-07-09,asset-03
session-01000,cust-0020,Instagram,camp-studio,2026-07-31,asset-01
session-01001,cust-0292,Instagram,camp-studio,2026-08-22,asset-01
session-01002,cust-0184,DM,camp-private,2026-06-20,asset-03
session-01003,cust-0142,Organic,organic,2026-08-09,asset-04
session-01004,cust-0022,DM,camp-private,2026-07-01,asset-03
session-01005,cust-0167,Paid Social,camp-move,2026-07-09,asset-02
session-01006,cust-0334,Paid Social,camp-move,2026-06-09,asset-02
session-01007,cust-0303,Instagram,camp-studio,2026-04-15,asset-01
session-01008,cust-0111,Organic,organic,2026-03-29,asset-04
session-01009,cust-0323,DM,camp-private,2026-06-29,asset-03
session-01010,cust-0269,Paid Social,camp-move,2026-09-01,asset-02
session-01011,cust-0384,DM,camp-private,2026-01-25,asset-03
session-01012,cust-0215,Paid Social,camp-move,2026-01-14,asset-02
session-01013,cust-0061,Paid Social,camp-move,2026-02-19,asset-02
session-01014,cust-0233,Instagram,camp-studio,2026-07-20,asset-01
session-01015,cust-0086,Instagram,camp-studio,2026-02-05,asset-01
session-01016,cust-0286,DM,camp-private,2026-05-16,asset-03
session-01017,cust-0182,Organic,organic,2026-05-07,asset-04
session-01018,cust-0004,DM,camp-private,2026-07-19,asset-03
session-01019,cust-0144,Instagram,camp-studio,2026-09-05,asset-01
session-01020,cust-0219,Instagram,camp-studio,2026-08-20,asset-01
session-01021,cust-0295,Instagram,camp-studio,2026-08-03,asset-01
session-01022,cust-0106,Organic,organic,2026-06-30,asset-04
session-01023,cust-0293,DM,camp-private,2026-08-21,asset-03
session-01024,cust-0375,Instagram,camp-studio,2026-08-27,asset-01
session-01025,cust-0172,Paid Social,camp-move,2026-06-08,asset-02
session-01026,cust-0362,Instagram,camp-studio,2026-06-10,asset-01
session-01027,cust-0126,DM,camp-private,2026-07-06,asset-03
session-01028,cust-0046,Organic,organic,2026-06-12,asset-04
session-01029,cust-0195,DM,camp-private,2026-08-09,asset-03
session-01030,cust-0343,Paid Social,camp-move,2026-05-25,asset-02
session-01031,cust-0387,Paid Social,camp-move,2026-02-12,asset-02
session-01032,cust-0178,Paid Social,camp-move,2026-09-08,asset-02
session-01033,cust-0015,Instagram,camp-studio,2026-06-28,asset-01
session-01034,cust-0028,Paid Social,camp-move,2026-02-05,asset-02
session-01035,cust-0310,Instagram,camp-studio,2026-06-23,asset-01
session-01036,cust-0284,DM,camp-private,2025-12-24,asset-03
session-01037,cust-0368,Instagram,camp-studio,2026-05-14,asset-01
session-01038,cust-0249,Instagram,camp-studio,2026-05-28,asset-01
session-01039,cust-0259,Organic,organic,2026-09-17,asset-04
session-01040,cust-0201,Organic,organic,2026-06-21,asset-04
session-01041,cust-0104,Instagram,camp-studio,2026-09-07,asset-01
session-01042,cust-0288,Paid Social,camp-move,2026-02-08,asset-02
session-01043,cust-0191,DM,camp-private,2026-06-24,asset-03
session-01044,cust-0043,Paid Social,camp-move,2025-12-10,asset-02
session-01045,cust-0268,Organic,organic,2026-07-09,asset-04
session-01046,cust-0138,Instagram,camp-studio,2026-09-09,asset-01
session-01047,cust-0248,Paid Social,camp-move,2026-08-30,asset-02
session-01048,cust-0066,Instagram,camp-studio,2025-12-29,asset-01
session-01049,cust-0281,Paid Social,camp-move,2026-05-09,asset-02
session-01050,cust-0315,Paid Social,camp-move,2026-08-26,asset-02
session-01051,cust-0242,Instagram,camp-studio,2026-05-16,asset-01
session-01052,cust-0003,DM,camp-private,2026-02-27,asset-03
session-01053,cust-0081,Instagram,camp-studio,2025-12-14,asset-01
session-01054,cust-0189,Organic,organic,2026-08-04,asset-04
session-01055,cust-0053,Instagram,camp-studio,2026-02-04,asset-01
session-01056,cust-0002,Organic,organic,2026-01-13,asset-04
session-01057,cust-0218,Paid Social,camp-move,2026-08-31,asset-02
session-01058,cust-0310,Organic,organic,2026-05-12,asset-04
session-01059,cust-0251,Organic,organic,2026-09-10,asset-04
session-01060,cust-0188,Organic,organic,2026-05-30,asset-04
session-01061,cust-0270,Instagram,camp-studio,2026-08-22,asset-01
session-01062,cust-0018,Instagram,camp-studio,2026-08-14,asset-01
session-01063,cust-0293,Organic,organic,2026-08-21,asset-04
session-01064,cust-0332,Organic,organic,2026-06-27,asset-04
session-01065,cust-0068,Paid Social,camp-move,2025-11-01,asset-02
session-01066,cust-0009,Organic,organic,2026-03-08,asset-04
session-01067,cust-0343,Instagram,camp-studio,2025-11-22,asset-01
session-01068,cust-0142,Instagram,camp-studio,2026-08-09,asset-01
session-01069,cust-0180,Instagram,camp-studio,2025-12-09,asset-01
session-01070,cust-0045,Instagram,camp-studio,2026-03-13,asset-01
session-01071,cust-0042,Instagram,camp-studio,2026-02-11,asset-01
session-01072,cust-0028,DM,camp-private,2026-04-01,asset-03
session-01073,cust-0179,Paid Social,camp-move,2026-08-12,asset-02
session-01074,cust-0108,Paid Social,camp-move,2026-09-11,asset-02
session-01075,cust-0283,Instagram,camp-studio,2026-04-26,asset-01
session-01076,cust-0166,Paid Social,camp-move,2026-03-30,asset-02
session-01077,cust-0005,Paid Social,camp-move,2025-12-10,asset-02
session-01078,cust-0295,Paid Social,camp-move,2026-09-09,asset-02
session-01079,cust-0219,Organic,organic,2026-08-20,asset-04
session-01080,cust-0067,Instagram,camp-studio,2026-09-17,asset-01
session-01081,cust-0085,Instagram,camp-studio,2026-08-31,asset-01
session-01082,cust-0398,Instagram,camp-studio,2026-03-31,asset-01
session-01083,cust-0343,Organic,organic,2026-03-31,asset-04
session-01084,cust-0069,Organic,organic,2026-04-11,asset-04
session-01085,cust-0037,Paid Social,camp-move,2026-03-14,asset-02
session-01086,cust-0175,Organic,organic,2026-05-31,asset-04
session-01087,cust-0109,Paid Social,camp-move,2026-03-02,asset-02
session-01088,cust-0018,Organic,organic,2026-04-26,asset-04
session-01089,cust-0007,Instagram,camp-studio,2025-12-11,asset-01
session-01090,cust-0400,DM,camp-private,2026-05-19,asset-03
session-01091,cust-0197,Instagram,camp-studio,2026-08-29,asset-01
session-01092,cust-0236,Instagram,camp-studio,2026-03-23,asset-01
session-01093,cust-0167,DM,camp-private,2026-05-12,asset-03
session-01094,cust-0274,Instagram,camp-studio,2026-04-16,asset-01
session-01095,cust-0376,Paid Social,camp-move,2026-06-15,asset-02
session-01096,cust-0217,Instagram,camp-studio,2026-04-14,asset-01
session-01097,cust-0316,Paid Social,camp-move,2026-06-08,asset-02
session-01098,cust-0224,DM,camp-private,2026-02-04,asset-03
session-01099,cust-0010,DM,camp-private,2026-04-22,asset-03
session-01100,cust-0010,Instagram,camp-studio,2026-09-19,asset-01
session-01101,cust-0326,Instagram,camp-studio,2026-07-21,asset-01
session-01102,cust-0345,Instagram,camp-studio,2026-04-06,asset-01
session-01103,cust-0272,Instagram,camp-studio,2026-03-26,asset-01
session-01104,cust-0320,Paid Social,camp-move,2026-03-16,asset-02
session-01105,cust-0276,Paid Social,camp-move,2025-11-28,asset-02
session-01106,cust-0282,Instagram,camp-studio,2026-04-18,asset-01
session-01107,cust-0254,Instagram,camp-studio,2026-07-14,asset-01
session-01108,cust-0350,Paid Social,camp-move,2025-11-08,asset-02
session-01109,cust-0313,Paid Social,camp-move,2026-09-13,asset-02
session-01110,cust-0242,Instagram,camp-studio,2026-09-02,asset-01
session-01111,cust-0123,Paid Social,camp-move,2026-02-04,asset-02
session-01112,cust-0124,Organic,organic,2025-12-20,asset-04
session-01113,cust-0036,DM,camp-private,2026-02-11,asset-03
session-01114,cust-0367,DM,camp-private,2026-07-26,asset-03
session-01115,cust-0372,Paid Social,camp-move,2026-05-14,asset-02
session-01116,cust-0135,Organic,organic,2026-07-10,asset-04
session-01117,cust-0038,Organic,organic,2026-05-14,asset-04
session-01118,cust-0359,Paid Social,camp-move,2026-08-30,asset-02
session-01119,cust-0325,Paid Social,camp-move,2026-03-01,asset-02
session-01120,cust-0109,Instagram,camp-studio,2026-07-14,asset-01
session-01121,cust-0257,Paid Social,camp-move,2026-05-22,asset-02
session-01122,cust-0195,DM,camp-private,2026-01-23,asset-03
session-01123,cust-0236,Organic,organic,2026-07-10,asset-04
session-01124,cust-0284,Organic,organic,2026-06-21,asset-04
session-01125,cust-0379,DM,camp-private,2026-06-08,asset-03
session-01126,cust-0098,Organic,organic,2026-04-04,asset-04
session-01127,cust-0038,Paid Social,camp-move,2025-12-27,asset-02
session-01128,cust-0227,Instagram,camp-studio,2026-08-12,asset-01
session-01129,cust-0308,Paid Social,camp-move,2026-04-09,asset-02
session-01130,cust-0128,Instagram,camp-studio,2026-03-14,asset-01
session-01131,cust-0261,Paid Social,camp-move,2026-05-18,asset-02
session-01132,cust-0276,Instagram,camp-studio,2025-12-21,asset-01
session-01133,cust-0080,Instagram,camp-studio,2026-03-27,asset-01
session-01134,cust-0265,DM,camp-private,2026-05-17,asset-03
session-01135,cust-0156,Instagram,camp-studio,2026-09-05,asset-01
session-01136,cust-0391,Instagram,camp-studio,2026-04-22,asset-01
session-01137,cust-0132,Organic,organic,2026-04-14,asset-04
session-01138,cust-0111,Paid Social,camp-move,2026-08-01,asset-02
session-01139,cust-0200,Organic,organic,2026-09-05,asset-04
session-01140,cust-0225,Instagram,camp-studio,2026-02-09,asset-01
session-01141,cust-0339,Paid Social,camp-move,2026-02-02,asset-02
session-01142,cust-0161,Organic,organic,2026-08-16,asset-04
session-01143,cust-0383,Instagram,camp-studio,2025-10-27,asset-01
session-01144,cust-0031,Paid Social,camp-move,2026-06-28,asset-02
session-01145,cust-0295,DM,camp-private,2026-03-07,asset-03
session-01146,cust-0263,Paid Social,camp-move,2026-04-30,asset-02
session-01147,cust-0379,DM,camp-private,2026-06-08,asset-03
session-01148,cust-0206,Instagram,camp-studio,2026-07-12,asset-01
session-01149,cust-0341,Organic,organic,2026-01-20,asset-04
session-01150,cust-0076,Instagram,camp-studio,2026-04-04,asset-01
session-01151,cust-0118,Instagram,camp-studio,2026-08-20,asset-01
session-01152,cust-0226,Organic,organic,2026-01-15,asset-04
session-01153,cust-0225,Instagram,camp-studio,2026-04-14,asset-01
session-01154,cust-0371,Instagram,camp-studio,2026-06-12,asset-01
session-01155,cust-0185,Instagram,camp-studio,2026-05-22,asset-01
session-01156,cust-0223,Instagram,camp-studio,2026-08-18,asset-01
session-01157,cust-0024,Organic,organic,2026-06-07,asset-04
session-01158,cust-0090,Organic,organic,2026-06-09,asset-04
session-01159,cust-0105,Paid Social,camp-move,2026-03-07,asset-02
session-01160,cust-0241,DM,camp-private,2025-10-26,asset-03
session-01161,cust-0034,Organic,organic,2026-05-09,asset-04
session-01162,cust-0001,Paid Social,camp-move,2026-02-25,asset-02
session-01163,cust-0293,Instagram,camp-studio,2026-08-21,asset-01
session-01164,cust-0095,Instagram,camp-studio,2026-08-20,asset-01
session-01165,cust-0137,Instagram,camp-studio,2026-06-01,asset-01
session-01166,cust-0198,Instagram,camp-studio,2026-08-10,asset-01
session-01167,cust-0097,Organic,organic,2026-08-07,asset-04
session-01168,cust-0173,Organic,organic,2026-03-10,asset-04
session-01169,cust-0343,Organic,organic,2026-03-12,asset-04
session-01170,cust-0235,Instagram,camp-studio,2025-11-12,asset-01
session-01171,cust-0262,Instagram,camp-studio,2026-08-25,asset-01
session-01172,cust-0078,Organic,organic,2026-07-06,asset-04
session-01173,cust-0052,Instagram,camp-studio,2026-09-03,asset-01
session-01174,cust-0313,Organic,organic,2026-09-13,asset-04
session-01175,cust-0376,DM,camp-private,2026-07-28,asset-03
session-01176,cust-0128,Instagram,camp-studio,2026-03-15,asset-01
session-01177,cust-0345,Organic,organic,2026-02-10,asset-04
session-01178,cust-0153,Paid Social,camp-move,2026-01-28,asset-02
session-01179,cust-0131,DM,camp-private,2026-07-17,asset-03
session-01180,cust-0116,Instagram,camp-studio,2026-06-13,asset-01
session-01181,cust-0341,Organic,organic,2026-05-29,asset-04
session-01182,cust-0376,Organic,organic,2026-02-05,asset-04
session-01183,cust-0114,Paid Social,camp-move,2026-07-21,asset-02
session-01184,cust-0342,Instagram,camp-studio,2026-04-16,asset-01
session-01185,cust-0364,Paid Social,camp-move,2026-07-26,asset-02
session-01186,cust-0222,Organic,organic,2026-08-27,asset-04
session-01187,cust-0130,Organic,organic,2026-04-29,asset-04
session-01188,cust-0395,DM,camp-private,2026-06-24,asset-03
session-01189,cust-0171,DM,camp-private,2026-03-21,asset-03
session-01190,cust-0047,Paid Social,camp-move,2026-08-14,asset-02
session-01191,cust-0225,Organic,organic,2026-03-24,asset-04
session-01192,cust-0365,Organic,organic,2026-08-31,asset-04
session-01193,cust-0069,Instagram,camp-studio,2026-04-03,asset-01
session-01194,cust-0043,Organic,organic,2026-03-01,asset-04
session-01195,cust-0226,Organic,organic,2026-08-19,asset-04
session-01196,cust-0266,Paid Social,camp-move,2026-07-15,asset-02
session-01197,cust-0187,Instagram,camp-studio,2026-03-06,asset-01
session-01198,cust-0275,Instagram,camp-studio,2026-03-14,asset-01
session-01199,cust-0255,Paid Social,camp-move,2026-07-17,asset-02
session-01200,cust-0034,Paid Social,camp-move,2026-05-09,asset-02
session-public-00001,,Instagram,camp-studio,2025-11-22,
session-public-00002,,Paid Social,camp-move,2026-03-10,asset-02
session-public-00003,,DM,camp-private,2025-11-06,asset-03
session-public-00004,,Organic,organic,2025-11-09,asset-04
session-public-00005,,Instagram,camp-studio,2026-04-16,asset-01
session-public-00006,,Paid Social,camp-move,2026-07-12,asset-02
session-public-00007,,DM,camp-private,2026-09-15,asset-03
session-public-00008,,Organic,organic,2026-09-07,asset-04
session-public-00009,,Instagram,camp-studio,2026-04-08,asset-01
session-public-00010,,Paid Social,camp-move,2026-04-18,
session-public-00011,,DM,camp-private,2026-04-05,asset-03
session-public-00012,,Organic,organic,2026-09-13,asset-04
session-public-00013,,Instagram,camp-studio,2026-05-22,asset-01
session-public-00014,,Paid Social,camp-move,2025-12-01,asset-02
session-public-00015,,DM,camp-private,2026-03-16,asset-03
session-public-00016,,Organic,organic,2025-12-24,asset-04
session-public-00017,,Instagram,camp-studio,2025-11-10,asset-01
session-public-00018,,Paid Social,camp-move,2026-02-28,asset-02
session-public-00019,,DM,camp-private,2026-03-22,
session-public-00020,,Organic,organic,2025-12-21,asset-04
session-public-00021,,Instagram,camp-studio,2026-09-19,asset-01
session-public-00022,,Paid Social,camp-move,2026-04-30,asset-02
session-public-00023,,DM,camp-private,2026-01-29,asset-03
session-public-00024,,Organic,organic,2026-06-04,asset-04
session-public-00025,,Instagram,camp-studio,2025-11-07,asset-01
session-public-00026,,Paid Social,camp-move,2025-12-25,asset-02
session-public-00027,,DM,camp-private,2026-02-02,asset-03
session-public-00028,,Organic,organic,2026-04-15,
session-public-00029,,Instagram,camp-studio,2026-01-02,asset-01
session-public-00030,,Paid Social,camp-move,2026-01-16,asset-02
session-public-00031,,DM,camp-private,2026-03-20,asset-03
session-public-00032,,Organic,organic,2026-08-19,asset-04
session-public-00033,,Instagram,camp-studio,2026-08-12,asset-01
session-public-00034,,Paid Social,camp-move,2025-11-02,asset-02
session-public-00035,,DM,camp-private,2026-03-14,asset-03
session-public-00036,,Organic,organic,2026-05-11,asset-04
session-public-00037,,Instagram,camp-studio,2025-11-09,
session-public-00038,,Paid Social,camp-move,2026-06-17,asset-02
session-public-00039,,DM,camp-private,2026-01-31,asset-03
session-public-00040,,Organic,organic,2025-10-02,asset-04
session-public-00041,,Instagram,camp-studio,2026-07-29,asset-01
session-public-00042,,Paid Social,camp-move,2025-10-23,asset-02
session-public-00043,,DM,camp-private,2026-07-04,asset-03
session-public-00044,,Organic,organic,2025-10-22,asset-04
session-public-00045,,Instagram,camp-studio,2026-09-06,asset-01
session-public-00046,,Paid Social,camp-move,2026-04-01,
session-public-00047,,DM,camp-private,2025-11-09,asset-03
session-public-00048,,Organic,organic,2025-12-17,asset-04
session-public-00049,,Instagram,camp-studio,2025-09-22,asset-01
session-public-00050,,Paid Social,camp-move,2026-06-19,asset-02
session-public-00051,,DM,camp-private,2025-09-28,asset-03
session-public-00052,,Organic,organic,2025-09-24,asset-04
session-public-00053,,Instagram,camp-studio,2026-03-08,asset-01
session-public-00054,,Paid Social,camp-move,2026-04-06,asset-02
session-public-00055,,DM,camp-private,2026-02-25,
session-public-00056,,Organic,organic,2025-10-06,asset-04
session-public-00057,,Instagram,camp-studio,2026-07-09,asset-01
session-public-00058,,Paid Social,camp-move,2026-07-07,asset-02
session-public-00059,,DM,camp-private,2026-04-01,asset-03
session-public-00060,,Organic,organic,2025-10-27,asset-04
session-public-00061,,Instagram,camp-studio,2025-12-19,asset-01
session-public-00062,,Paid Social,camp-move,2025-12-27,asset-02
session-public-00063,,DM,camp-private,2026-08-13,asset-03
session-public-00064,,Organic,organic,2026-08-05,
session-public-00065,,Instagram,camp-studio,2026-06-04,asset-01
session-public-00066,,Paid Social,camp-move,2025-12-24,asset-02
session-public-00067,,DM,camp-private,2026-06-23,asset-03
session-public-00068,,Organic,organic,2026-01-11,asset-04
session-public-00069,,Instagram,camp-studio,2026-03-17,asset-01
session-public-00070,,Paid Social,camp-move,2025-11-10,asset-02
session-public-00071,,DM,camp-private,2026-09-06,asset-03
session-public-00072,,Organic,organic,2025-12-10,asset-04
session-public-00073,,Instagram,camp-studio,2026-07-26,
session-public-00074,,Paid Social,camp-move,2026-04-01,asset-02
session-public-00075,,DM,camp-private,2026-07-12,asset-03
session-public-00076,,Organic,organic,2025-12-21,asset-04
session-public-00077,,Instagram,camp-studio,2026-05-05,asset-01
session-public-00078,,Paid Social,camp-move,2026-09-18,asset-02
session-public-00079,,DM,camp-private,2025-12-21,asset-03
session-public-00080,,Organic,organic,2026-06-08,asset-04
session-public-00081,,Instagram,camp-studio,2025-12-07,asset-01
session-public-00082,,Paid Social,camp-move,2026-05-07,
session-public-00083,,DM,camp-private,2025-10-07,asset-03
session-public-00084,,Organic,organic,2026-08-06,asset-04
session-public-00085,,Instagram,camp-studio,2025-10-11,asset-01
session-public-00086,,Paid Social,camp-move,2026-06-24,asset-02
session-public-00087,,DM,camp-private,2025-11-22,asset-03
session-public-00088,,Organic,organic,2026-02-28,asset-04
session-public-00089,,Instagram,camp-studio,2026-02-18,asset-01
session-public-00090,,Paid Social,camp-move,2025-11-16,asset-02
session-public-00091,,DM,camp-private,2026-03-19,
session-public-00092,,Organic,organic,2026-09-06,asset-04
session-public-00093,,Instagram,camp-studio,2025-12-23,asset-01
session-public-00094,,Paid Social,camp-move,2026-07-21,asset-02
session-public-00095,,DM,camp-private,2026-06-14,asset-03
session-public-00096,,Organic,organic,2025-12-16,asset-04
session-public-00097,,Instagram,camp-studio,2025-11-12,asset-01
session-public-00098,,Paid Social,camp-move,2026-06-03,asset-02
session-public-00099,,DM,camp-private,2025-12-29,asset-03
session-public-00100,,Organic,organic,2026-07-27,
session-public-00101,,Instagram,camp-studio,2025-12-10,asset-01
session-public-00102,,Paid Social,camp-move,2026-08-01,asset-02
session-public-00103,,DM,camp-private,2026-03-13,asset-03
session-public-00104,,Organic,organic,2026-05-12,asset-04
session-public-00105,,Instagram,camp-studio,2026-08-25,asset-01
session-public-00106,,Paid Social,camp-move,2026-06-29,asset-02
session-public-00107,,DM,camp-private,2026-04-09,asset-03
session-public-00108,,Organic,organic,2026-05-09,asset-04
session-public-00109,,Instagram,camp-studio,2025-11-20,
session-public-00110,,Paid Social,camp-move,2026-08-30,asset-02
session-public-00111,,DM,camp-private,2026-07-02,asset-03
session-public-00112,,Organic,organic,2025-10-25,asset-04
session-public-00113,,Instagram,camp-studio,2026-03-14,asset-01
session-public-00114,,Paid Social,camp-move,2026-01-26,asset-02
session-public-00115,,DM,camp-private,2026-03-28,asset-03
session-public-00116,,Organic,organic,2025-12-03,asset-04
session-public-00117,,Instagram,camp-studio,2026-01-22,asset-01
session-public-00118,,Paid Social,camp-move,2026-05-31,
session-public-00119,,DM,camp-private,2025-12-27,asset-03
session-public-00120,,Organic,organic,2026-04-16,asset-04
session-public-00121,,Instagram,camp-studio,2025-10-13,asset-01
session-public-00122,,Paid Social,camp-move,2026-03-24,asset-02
session-public-00123,,DM,camp-private,2025-10-22,asset-03
session-public-00124,,Organic,organic,2026-05-25,asset-04
session-public-00125,,Instagram,camp-studio,2026-08-25,asset-01
session-public-00126,,Paid Social,camp-move,2026-09-19,asset-02
session-public-00127,,DM,camp-private,2026-07-21,
session-public-00128,,Organic,organic,2025-11-11,asset-04
session-public-00129,,Instagram,camp-studio,2026-06-15,asset-01
session-public-00130,,Paid Social,camp-move,2025-11-07,asset-02
session-public-00131,,DM,camp-private,2026-08-27,asset-03
session-public-00132,,Organic,organic,2026-08-23,asset-04
session-public-00133,,Instagram,camp-studio,2026-03-05,asset-01
session-public-00134,,Paid Social,camp-move,2026-06-18,asset-02
session-public-00135,,DM,camp-private,2026-07-07,asset-03
session-public-00136,,Organic,organic,2026-07-13,
session-public-00137,,Instagram,camp-studio,2026-09-16,asset-01
session-public-00138,,Paid Social,camp-move,2026-06-21,asset-02
session-public-00139,,DM,camp-private,2026-06-16,asset-03
session-public-00140,,Organic,organic,2026-04-11,asset-04
session-public-00141,,Instagram,camp-studio,2026-06-28,asset-01
session-public-00142,,Paid Social,camp-move,2026-08-17,asset-02
session-public-00143,,DM,camp-private,2026-01-02,asset-03
session-public-00144,,Organic,organic,2026-02-13,asset-04
session-public-00145,,Instagram,camp-studio,2026-03-05,
session-public-00146,,Paid Social,camp-move,2025-11-30,asset-02
session-public-00147,,DM,camp-private,2026-05-09,asset-03
session-public-00148,,Organic,organic,2026-01-01,asset-04
session-public-00149,,Instagram,camp-studio,2026-02-18,asset-01
session-public-00150,,Paid Social,camp-move,2026-08-08,asset-02
session-public-00151,,DM,camp-private,2026-04-28,asset-03
session-public-00152,,Organic,organic,2026-04-16,asset-04
session-public-00153,,Instagram,camp-studio,2026-05-02,asset-01
session-public-00154,,Paid Social,camp-move,2026-04-03,
session-public-00155,,DM,camp-private,2025-11-03,asset-03
session-public-00156,,Organic,organic,2026-05-31,asset-04
session-public-00157,,Instagram,camp-studio,2025-10-04,asset-01
session-public-00158,,Paid Social,camp-move,2026-05-31,asset-02
session-public-00159,,DM,camp-private,2025-11-14,asset-03
session-public-00160,,Organic,organic,2026-03-05,asset-04
session-public-00161,,Instagram,camp-studio,2026-07-06,asset-01
session-public-00162,,Paid Social,camp-move,2026-05-27,asset-02
session-public-00163,,DM,camp-private,2026-07-31,
session-public-00164,,Organic,organic,2026-04-09,asset-04
session-public-00165,,Instagram,camp-studio,2026-02-25,asset-01
session-public-00166,,Paid Social,camp-move,2026-06-03,asset-02
session-public-00167,,DM,camp-private,2026-02-16,asset-03
session-public-00168,,Organic,organic,2026-09-07,asset-04
session-public-00169,,Instagram,camp-studio,2026-09-14,asset-01
session-public-00170,,Paid Social,camp-move,2025-10-20,asset-02
session-public-00171,,DM,camp-private,2026-06-19,asset-03
session-public-00172,,Organic,organic,2025-10-13,
session-public-00173,,Instagram,camp-studio,2025-12-27,asset-01
session-public-00174,,Paid Social,camp-move,2025-11-06,asset-02
session-public-00175,,DM,camp-private,2026-02-26,asset-03
session-public-00176,,Organic,organic,2026-07-19,asset-04
session-public-00177,,Instagram,camp-studio,2026-07-11,asset-01
session-public-00178,,Paid Social,camp-move,2026-06-26,asset-02
session-public-00179,,DM,camp-private,2025-12-19,asset-03
session-public-00180,,Organic,organic,2026-08-16,asset-04
session-public-00181,,Instagram,camp-studio,2026-03-01,
session-public-00182,,Paid Social,camp-move,2025-10-16,asset-02
session-public-00183,,DM,camp-private,2026-06-22,asset-03
session-public-00184,,Organic,organic,2025-10-06,asset-04
session-public-00185,,Instagram,camp-studio,2025-10-16,asset-01
session-public-00186,,Paid Social,camp-move,2026-02-24,asset-02
session-public-00187,,DM,camp-private,2026-04-07,asset-03
session-public-00188,,Organic,organic,2025-12-27,asset-04
session-public-00189,,Instagram,camp-studio,2026-03-21,asset-01
session-public-00190,,Paid Social,camp-move,2026-06-24,
session-public-00191,,DM,camp-private,2025-10-18,asset-03
session-public-00192,,Organic,organic,2026-09-07,asset-04
session-public-00193,,Instagram,camp-studio,2026-05-02,asset-01
session-public-00194,,Paid Social,camp-move,2026-06-09,asset-02
session-public-00195,,DM,camp-private,2026-06-17,asset-03
session-public-00196,,Organic,organic,2025-12-22,asset-04
session-public-00197,,Instagram,camp-studio,2026-06-09,asset-01
session-public-00198,,Paid Social,camp-move,2026-03-30,asset-02
session-public-00199,,DM,camp-private,2026-09-05,
session-public-00200,,Organic,organic,2026-09-14,asset-04
session-public-00201,,Instagram,camp-studio,2025-10-14,asset-01
session-public-00202,,Paid Social,camp-move,2026-01-09,asset-02
session-public-00203,,DM,camp-private,2025-11-11,asset-03
session-public-00204,,Organic,organic,2026-05-14,asset-04
session-public-00205,,Instagram,camp-studio,2025-12-26,asset-01
session-public-00206,,Paid Social,camp-move,2026-01-13,asset-02
session-public-00207,,DM,camp-private,2026-09-21,asset-03
session-public-00208,,Organic,organic,2026-03-04,
session-public-00209,,Instagram,camp-studio,2025-10-29,asset-01
session-public-00210,,Paid Social,camp-move,2026-01-04,asset-02
session-public-00211,,DM,camp-private,2026-06-02,asset-03
session-public-00212,,Organic,organic,2026-01-05,asset-04
session-public-00213,,Instagram,camp-studio,2026-07-11,asset-01
session-public-00214,,Paid Social,camp-move,2026-08-15,asset-02
session-public-00215,,DM,camp-private,2026-08-01,asset-03
session-public-00216,,Organic,organic,2025-09-29,asset-04
session-public-00217,,Instagram,camp-studio,2025-10-15,
session-public-00218,,Paid Social,camp-move,2026-04-05,asset-02
session-public-00219,,DM,camp-private,2026-01-05,asset-03
session-public-00220,,Organic,organic,2026-09-09,asset-04
session-public-00221,,Instagram,camp-studio,2025-11-20,asset-01
session-public-00222,,Paid Social,camp-move,2026-02-17,asset-02
session-public-00223,,DM,camp-private,2025-09-24,asset-03
session-public-00224,,Organic,organic,2026-01-23,asset-04
session-public-00225,,Instagram,camp-studio,2026-08-25,asset-01
session-public-00226,,Paid Social,camp-move,2026-03-10,
session-public-00227,,DM,camp-private,2025-12-21,asset-03
session-public-00228,,Organic,organic,2026-04-09,asset-04
session-public-00229,,Instagram,camp-studio,2026-01-16,asset-01
session-public-00230,,Paid Social,camp-move,2026-03-31,asset-02
session-public-00231,,DM,camp-private,2026-04-15,asset-03
session-public-00232,,Organic,organic,2025-10-14,asset-04
session-public-00233,,Instagram,camp-studio,2025-12-10,asset-01
session-public-00234,,Paid Social,camp-move,2025-12-03,asset-02
session-public-00235,,DM,camp-private,2026-07-25,
session-public-00236,,Organic,organic,2026-01-26,asset-04
session-public-00237,,Instagram,camp-studio,2026-08-06,asset-01
session-public-00238,,Paid Social,camp-move,2026-08-30,asset-02
session-public-00239,,DM,camp-private,2026-02-01,asset-03
session-public-00240,,Organic,organic,2026-04-26,asset-04
session-public-00241,,Instagram,camp-studio,2026-09-05,asset-01
session-public-00242,,Paid Social,camp-move,2026-07-11,asset-02
session-public-00243,,DM,camp-private,2026-09-20,asset-03
session-public-00244,,Organic,organic,2026-08-08,
session-public-00245,,Instagram,camp-studio,2026-02-27,asset-01
session-public-00246,,Paid Social,camp-move,2026-01-04,asset-02
session-public-00247,,DM,camp-private,2026-08-22,asset-03
session-public-00248,,Organic,organic,2026-02-08,asset-04
session-public-00249,,Instagram,camp-studio,2026-04-19,asset-01
session-public-00250,,Paid Social,camp-move,2026-09-10,asset-02
session-public-00251,,DM,camp-private,2025-09-27,asset-03
session-public-00252,,Organic,organic,2026-04-22,asset-04
session-public-00253,,Instagram,camp-studio,2026-04-21,
session-public-00254,,Paid Social,camp-move,2026-04-03,asset-02
session-public-00255,,DM,camp-private,2026-02-11,asset-03
session-public-00256,,Organic,organic,2025-12-28,asset-04
session-public-00257,,Instagram,camp-studio,2026-05-29,asset-01
session-public-00258,,Paid Social,camp-move,2026-01-29,asset-02
session-public-00259,,DM,camp-private,2026-07-26,asset-03
session-public-00260,,Organic,organic,2025-09-27,asset-04
session-public-00261,,Instagram,camp-studio,2026-08-08,asset-01
session-public-00262,,Paid Social,camp-move,2026-09-11,
session-public-00263,,DM,camp-private,2026-04-12,asset-03
session-public-00264,,Organic,organic,2025-10-13,asset-04
session-public-00265,,Instagram,camp-studio,2026-09-13,asset-01
session-public-00266,,Paid Social,camp-move,2026-05-09,asset-02
session-public-00267,,DM,camp-private,2025-11-26,asset-03
session-public-00268,,Organic,organic,2026-08-27,asset-04
session-public-00269,,Instagram,camp-studio,2026-09-10,asset-01
session-public-00270,,Paid Social,camp-move,2026-01-14,asset-02
session-public-00271,,DM,camp-private,2025-10-28,
session-public-00272,,Organic,organic,2026-08-14,asset-04
session-public-00273,,Instagram,camp-studio,2025-11-19,asset-01
session-public-00274,,Paid Social,camp-move,2025-11-20,asset-02
session-public-00275,,DM,camp-private,2025-12-12,asset-03
session-public-00276,,Organic,organic,2026-05-30,asset-04
session-public-00277,,Instagram,camp-studio,2025-10-26,asset-01
session-public-00278,,Paid Social,camp-move,2025-12-24,asset-02
session-public-00279,,DM,camp-private,2026-06-23,asset-03
session-public-00280,,Organic,organic,2026-03-08,
session-public-00281,,Instagram,camp-studio,2025-12-16,asset-01
session-public-00282,,Paid Social,camp-move,2026-01-31,asset-02
session-public-00283,,DM,camp-private,2026-09-05,asset-03
session-public-00284,,Organic,organic,2026-09-12,asset-04
session-public-00285,,Instagram,camp-studio,2026-04-13,asset-01
session-public-00286,,Paid Social,camp-move,2026-02-14,asset-02
session-public-00287,,DM,camp-private,2026-06-23,asset-03
session-public-00288,,Organic,organic,2026-02-15,asset-04
session-public-00289,,Instagram,camp-studio,2026-02-14,
session-public-00290,,Paid Social,camp-move,2026-07-10,asset-02
session-public-00291,,DM,camp-private,2026-02-02,asset-03
session-public-00292,,Organic,organic,2025-11-16,asset-04
session-public-00293,,Instagram,camp-studio,2025-11-22,asset-01
session-public-00294,,Paid Social,camp-move,2026-04-12,asset-02
session-public-00295,,DM,camp-private,2026-01-03,asset-03
session-public-00296,,Organic,organic,2025-11-05,asset-04
session-public-00297,,Instagram,camp-studio,2026-07-03,asset-01
session-public-00298,,Paid Social,camp-move,2026-06-03,
session-public-00299,,DM,camp-private,2026-01-02,asset-03
session-public-00300,,Organic,organic,2025-11-26,asset-04
session-public-00301,,Instagram,camp-studio,2026-06-14,asset-01
session-public-00302,,Paid Social,camp-move,2025-10-10,asset-02
session-public-00303,,DM,camp-private,2026-05-20,asset-03
session-public-00304,,Organic,organic,2026-05-25,asset-04
session-public-00305,,Instagram,camp-studio,2025-11-16,asset-01
session-public-00306,,Paid Social,camp-move,2025-11-18,asset-02
session-public-00307,,DM,camp-private,2026-01-17,
session-public-00308,,Organic,organic,2025-10-11,asset-04
session-public-00309,,Instagram,camp-studio,2026-04-08,asset-01
session-public-00310,,Paid Social,camp-move,2025-12-25,asset-02
session-public-00311,,DM,camp-private,2025-11-03,asset-03
session-public-00312,,Organic,organic,2026-09-12,asset-04
session-public-00313,,Instagram,camp-studio,2025-10-26,asset-01
session-public-00314,,Paid Social,camp-move,2026-01-23,asset-02
session-public-00315,,DM,camp-private,2026-05-03,asset-03
session-public-00316,,Organic,organic,2026-08-03,
session-public-00317,,Instagram,camp-studio,2026-03-30,asset-01
session-public-00318,,Paid Social,camp-move,2026-05-04,asset-02
session-public-00319,,DM,camp-private,2025-12-04,asset-03
session-public-00320,,Organic,organic,2026-05-06,asset-04
session-public-00321,,Instagram,camp-studio,2026-07-24,asset-01
session-public-00322,,Paid Social,camp-move,2025-10-13,asset-02
session-public-00323,,DM,camp-private,2026-08-27,asset-03
session-public-00324,,Organic,organic,2026-06-06,asset-04
session-public-00325,,Instagram,camp-studio,2025-12-27,
session-public-00326,,Paid Social,camp-move,2026-01-07,asset-02
session-public-00327,,DM,camp-private,2026-03-03,asset-03
session-public-00328,,Organic,organic,2025-10-14,asset-04
session-public-00329,,Instagram,camp-studio,2026-07-10,asset-01
session-public-00330,,Paid Social,camp-move,2025-09-29,asset-02
session-public-00331,,DM,camp-private,2025-12-09,asset-03
session-public-00332,,Organic,organic,2026-03-15,asset-04
session-public-00333,,Instagram,camp-studio,2026-01-28,asset-01
session-public-00334,,Paid Social,camp-move,2025-12-20,
session-public-00335,,DM,camp-private,2026-03-20,asset-03
session-public-00336,,Organic,organic,2026-05-16,asset-04
session-public-00337,,Instagram,camp-studio,2026-01-02,asset-01
session-public-00338,,Paid Social,camp-move,2026-08-17,asset-02
session-public-00339,,DM,camp-private,2025-10-20,asset-03
session-public-00340,,Organic,organic,2026-04-10,asset-04
session-public-00341,,Instagram,camp-studio,2026-04-04,asset-01
session-public-00342,,Paid Social,camp-move,2025-12-09,asset-02
session-public-00343,,DM,camp-private,2026-02-18,
session-public-00344,,Organic,organic,2026-06-07,asset-04
session-public-00345,,Instagram,camp-studio,2025-10-24,asset-01
session-public-00346,,Paid Social,camp-move,2026-01-15,asset-02
session-public-00347,,DM,camp-private,2025-12-25,asset-03
session-public-00348,,Organic,organic,2026-08-09,asset-04
session-public-00349,,Instagram,camp-studio,2025-12-30,asset-01
session-public-00350,,Paid Social,camp-move,2026-03-12,asset-02
session-public-00351,,DM,camp-private,2026-08-24,asset-03
session-public-00352,,Organic,organic,2026-05-04,
session-public-00353,,Instagram,camp-studio,2025-10-04,asset-01
session-public-00354,,Paid Social,camp-move,2026-05-05,asset-02
session-public-00355,,DM,camp-private,2025-10-27,asset-03
session-public-00356,,Organic,organic,2026-01-25,asset-04
session-public-00357,,Instagram,camp-studio,2026-07-27,asset-01
session-public-00358,,Paid Social,camp-move,2026-06-19,asset-02
session-public-00359,,DM,camp-private,2026-02-16,asset-03
session-public-00360,,Organic,organic,2026-07-04,asset-04
session-public-00361,,Instagram,camp-studio,2025-12-13,
session-public-00362,,Paid Social,camp-move,2025-12-04,asset-02
session-public-00363,,DM,camp-private,2026-06-29,asset-03
session-public-00364,,Organic,organic,2026-03-03,asset-04
session-public-00365,,Instagram,camp-studio,2025-10-21,asset-01
session-public-00366,,Paid Social,camp-move,2025-11-18,asset-02
session-public-00367,,DM,camp-private,2026-09-07,asset-03
session-public-00368,,Organic,organic,2025-10-25,asset-04
session-public-00369,,Instagram,camp-studio,2026-04-19,asset-01
session-public-00370,,Paid Social,camp-move,2026-06-14,
session-public-00371,,DM,camp-private,2026-06-22,asset-03
session-public-00372,,Organic,organic,2025-09-30,asset-04
session-public-00373,,Instagram,camp-studio,2026-08-04,asset-01
session-public-00374,,Paid Social,camp-move,2025-12-17,asset-02
session-public-00375,,DM,camp-private,2026-03-05,asset-03
session-public-00376,,Organic,organic,2026-03-30,asset-04
session-public-00377,,Instagram,camp-studio,2025-10-11,asset-01
session-public-00378,,Paid Social,camp-move,2025-12-04,asset-02
session-public-00379,,DM,camp-private,2025-11-14,
session-public-00380,,Organic,organic,2026-09-07,asset-04
session-public-00381,,Instagram,camp-studio,2026-01-19,asset-01
session-public-00382,,Paid Social,camp-move,2025-09-25,asset-02
session-public-00383,,DM,camp-private,2026-04-05,asset-03
session-public-00384,,Organic,organic,2025-09-23,asset-04
session-public-00385,,Instagram,camp-studio,2026-07-07,asset-01
session-public-00386,,Paid Social,camp-move,2025-10-21,asset-02
session-public-00387,,DM,camp-private,2026-04-08,asset-03
session-public-00388,,Organic,organic,2026-07-09,
session-public-00389,,Instagram,camp-studio,2025-11-22,asset-01
session-public-00390,,Paid Social,camp-move,2026-01-14,asset-02
session-public-00391,,DM,camp-private,2026-08-09,asset-03
session-public-00392,,Organic,organic,2025-10-10,asset-04
session-public-00393,,Instagram,camp-studio,2026-07-07,asset-01
session-public-00394,,Paid Social,camp-move,2026-06-28,asset-02
session-public-00395,,DM,camp-private,2025-10-29,asset-03
session-public-00396,,Organic,organic,2025-10-02,asset-04
session-public-00397,,Instagram,camp-studio,2026-08-20,
session-public-00398,,Paid Social,camp-move,2026-05-23,asset-02
session-public-00399,,DM,camp-private,2026-07-11,asset-03
session-public-00400,,Organic,organic,2026-08-18,asset-04
session-public-00401,,Instagram,camp-studio,2026-04-07,asset-01
session-public-00402,,Paid Social,camp-move,2026-02-13,asset-02
session-public-00403,,DM,camp-private,2026-09-08,asset-03
session-public-00404,,Organic,organic,2026-08-03,asset-04
session-public-00405,,Instagram,camp-studio,2026-04-08,asset-01
session-public-00406,,Paid Social,camp-move,2026-05-10,
session-public-00407,,DM,camp-private,2026-01-21,asset-03
session-public-00408,,Organic,organic,2026-09-06,asset-04
session-public-00409,,Instagram,camp-studio,2026-05-31,asset-01
session-public-00410,,Paid Social,camp-move,2026-08-01,asset-02
session-public-00411,,DM,camp-private,2026-01-28,asset-03
session-public-00412,,Organic,organic,2026-03-17,asset-04
session-public-00413,,Instagram,camp-studio,2026-08-13,asset-01
session-public-00414,,Paid Social,camp-move,2026-05-12,asset-02
session-public-00415,,DM,camp-private,2026-05-25,
session-public-00416,,Organic,organic,2025-12-09,asset-04
session-public-00417,,Instagram,camp-studio,2026-05-12,asset-01
session-public-00418,,Paid Social,camp-move,2026-06-23,asset-02
session-public-00419,,DM,camp-private,2026-03-25,asset-03
session-public-00420,,Organic,organic,2026-01-14,asset-04
session-public-00421,,Instagram,camp-studio,2025-12-04,asset-01
session-public-00422,,Paid Social,camp-move,2026-02-15,asset-02
session-public-00423,,DM,camp-private,2026-08-14,asset-03
session-public-00424,,Organic,organic,2025-12-20,
session-public-00425,,Instagram,camp-studio,2026-04-08,asset-01
session-public-00426,,Paid Social,camp-move,2026-01-31,asset-02
session-public-00427,,DM,camp-private,2025-12-13,asset-03
session-public-00428,,Organic,organic,2026-03-29,asset-04
session-public-00429,,Instagram,camp-studio,2025-10-02,asset-01
session-public-00430,,Paid Social,camp-move,2026-05-01,asset-02
session-public-00431,,DM,camp-private,2026-02-22,asset-03
session-public-00432,,Organic,organic,2025-12-04,asset-04
session-public-00433,,Instagram,camp-studio,2025-10-13,
session-public-00434,,Paid Social,camp-move,2026-05-15,asset-02
session-public-00435,,DM,camp-private,2026-04-20,asset-03
session-public-00436,,Organic,organic,2026-09-20,asset-04
session-public-00437,,Instagram,camp-studio,2026-06-26,asset-01
session-public-00438,,Paid Social,camp-move,2026-01-16,asset-02
session-public-00439,,DM,camp-private,2026-04-15,asset-03
session-public-00440,,Organic,organic,2025-11-25,asset-04
session-public-00441,,Instagram,camp-studio,2026-08-08,asset-01
session-public-00442,,Paid Social,camp-move,2026-03-21,
session-public-00443,,DM,camp-private,2026-01-06,asset-03
session-public-00444,,Organic,organic,2026-04-17,asset-04
session-public-00445,,Instagram,camp-studio,2026-04-25,asset-01
session-public-00446,,Paid Social,camp-move,2026-04-23,asset-02
session-public-00447,,DM,camp-private,2026-05-15,asset-03
session-public-00448,,Organic,organic,2026-05-11,asset-04
session-public-00449,,Instagram,camp-studio,2026-05-07,asset-01
session-public-00450,,Paid Social,camp-move,2026-04-08,asset-02
session-public-00451,,DM,camp-private,2026-05-17,
session-public-00452,,Organic,organic,2026-03-27,asset-04
session-public-00453,,Instagram,camp-studio,2026-03-13,asset-01
session-public-00454,,Paid Social,camp-move,2026-03-07,asset-02
session-public-00455,,DM,camp-private,2026-08-28,asset-03
session-public-00456,,Organic,organic,2026-04-14,asset-04
session-public-00457,,Instagram,camp-studio,2025-11-29,asset-01
session-public-00458,,Paid Social,camp-move,2026-06-20,asset-02
session-public-00459,,DM,camp-private,2026-01-05,asset-03
session-public-00460,,Organic,organic,2026-01-25,
session-public-00461,,Instagram,camp-studio,2026-01-11,asset-01
session-public-00462,,Paid Social,camp-move,2026-09-21,asset-02
session-public-00463,,DM,camp-private,2025-12-28,asset-03
session-public-00464,,Organic,organic,2026-07-10,asset-04
session-public-00465,,Instagram,camp-studio,2025-12-30,asset-01
session-public-00466,,Paid Social,camp-move,2026-08-25,asset-02
session-public-00467,,DM,camp-private,2026-08-04,asset-03
session-public-00468,,Organic,organic,2026-03-27,asset-04
session-public-00469,,Instagram,camp-studio,2026-05-17,
session-public-00470,,Paid Social,camp-move,2026-06-29,asset-02
session-public-00471,,DM,camp-private,2026-04-19,asset-03
session-public-00472,,Organic,organic,2026-04-01,asset-04
session-public-00473,,Instagram,camp-studio,2026-08-17,asset-01
session-public-00474,,Paid Social,camp-move,2026-02-26,asset-02
session-public-00475,,DM,camp-private,2026-01-09,asset-03
session-public-00476,,Organic,organic,2026-04-11,asset-04
session-public-00477,,Instagram,camp-studio,2025-12-03,asset-01
session-public-00478,,Paid Social,camp-move,2026-05-20,
session-public-00479,,DM,camp-private,2025-11-16,asset-03
session-public-00480,,Organic,organic,2026-06-26,asset-04
session-public-00481,,Instagram,camp-studio,2026-08-21,asset-01
session-public-00482,,Paid Social,camp-move,2026-05-11,asset-02
session-public-00483,,DM,camp-private,2026-02-22,asset-03
session-public-00484,,Organic,organic,2026-08-07,asset-04
session-public-00485,,Instagram,camp-studio,2026-04-21,asset-01
session-public-00486,,Paid Social,camp-move,2025-10-18,asset-02
session-public-00487,,DM,camp-private,2026-01-02,
session-public-00488,,Organic,organic,2026-01-11,asset-04
session-public-00489,,Instagram,camp-studio,2026-03-13,asset-01
session-public-00490,,Paid Social,camp-move,2026-07-01,asset-02
session-public-00491,,DM,camp-private,2025-12-11,asset-03
session-public-00492,,Organic,organic,2026-08-25,asset-04
session-public-00493,,Instagram,camp-studio,2026-04-06,asset-01
session-public-00494,,Paid Social,camp-move,2026-06-13,asset-02
session-public-00495,,DM,camp-private,2026-05-01,asset-03
session-public-00496,,Organic,organic,2025-12-23,
session-public-00497,,Instagram,camp-studio,2026-05-06,asset-01
session-public-00498,,Paid Social,camp-move,2025-10-04,asset-02
session-public-00499,,DM,camp-private,2026-09-12,asset-03
session-public-00500,,Organic,organic,2026-01-05,asset-04
session-public-00501,,Instagram,camp-studio,2026-04-07,asset-01
session-public-00502,,Paid Social,camp-move,2026-07-09,asset-02
session-public-00503,,DM,camp-private,2026-08-29,asset-03
session-public-00504,,Organic,organic,2025-12-19,asset-04
session-public-00505,,Instagram,camp-studio,2026-02-08,
session-public-00506,,Paid Social,camp-move,2026-09-05,asset-02
session-public-00507,,DM,camp-private,2026-07-07,asset-03
session-public-00508,,Organic,organic,2025-12-10,asset-04
session-public-00509,,Instagram,camp-studio,2026-08-16,asset-01
session-public-00510,,Paid Social,camp-move,2026-04-15,asset-02
session-public-00511,,DM,camp-private,2026-07-13,asset-03
session-public-00512,,Organic,organic,2026-01-01,asset-04
session-public-00513,,Instagram,camp-studio,2025-12-08,asset-01
session-public-00514,,Paid Social,camp-move,2026-04-20,
session-public-00515,,DM,camp-private,2026-03-03,asset-03
session-public-00516,,Organic,organic,2026-05-19,asset-04
session-public-00517,,Instagram,camp-studio,2026-01-25,asset-01
session-public-00518,,Paid Social,camp-move,2025-11-27,asset-02
session-public-00519,,DM,camp-private,2026-05-29,asset-03
session-public-00520,,Organic,organic,2026-03-02,asset-04
session-public-00521,,Instagram,camp-studio,2026-07-31,asset-01
session-public-00522,,Paid Social,camp-move,2026-08-01,asset-02
session-public-00523,,DM,camp-private,2026-06-20,
session-public-00524,,Organic,organic,2026-08-09,asset-04
session-public-00525,,Instagram,camp-studio,2025-10-10,asset-01
session-public-00526,,Paid Social,camp-move,2026-09-03,asset-02
session-public-00527,,DM,camp-private,2025-11-10,asset-03
session-public-00528,,Organic,organic,2025-10-25,asset-04
session-public-00529,,Instagram,camp-studio,2025-11-04,asset-01
session-public-00530,,Paid Social,camp-move,2025-10-02,asset-02
session-public-00531,,DM,camp-private,2025-09-26,asset-03
session-public-00532,,Organic,organic,2025-10-19,
session-public-00533,,Instagram,camp-studio,2026-03-10,asset-01
session-public-00534,,Paid Social,camp-move,2025-11-07,asset-02
session-public-00535,,DM,camp-private,2026-03-01,asset-03
session-public-00536,,Organic,organic,2026-03-23,asset-04
session-public-00537,,Instagram,camp-studio,2026-01-03,asset-01
session-public-00538,,Paid Social,camp-move,2025-12-08,asset-02
session-public-00539,,DM,camp-private,2026-01-09,asset-03
session-public-00540,,Organic,organic,2026-02-26,asset-04
session-public-00541,,Instagram,camp-studio,2025-10-25,
session-public-00542,,Paid Social,camp-move,2026-03-26,asset-02
session-public-00543,,DM,camp-private,2026-08-07,asset-03
session-public-00544,,Organic,organic,2026-03-02,asset-04
session-public-00545,,Instagram,camp-studio,2026-07-17,asset-01
session-public-00546,,Paid Social,camp-move,2026-05-08,asset-02
session-public-00547,,DM,camp-private,2026-05-23,asset-03
session-public-00548,,Organic,organic,2026-03-14,asset-04
session-public-00549,,Instagram,camp-studio,2026-09-17,asset-01
session-public-00550,,Paid Social,camp-move,2025-12-20,
session-public-00551,,DM,camp-private,2026-02-17,asset-03
session-public-00552,,Organic,organic,2026-02-24,asset-04
session-public-00553,,Instagram,camp-studio,2025-11-12,asset-01
session-public-00554,,Paid Social,camp-move,2026-07-06,asset-02
session-public-00555,,DM,camp-private,2025-12-12,asset-03
session-public-00556,,Organic,organic,2025-12-08,asset-04
session-public-00557,,Instagram,camp-studio,2025-12-14,asset-01
session-public-00558,,Paid Social,camp-move,2026-04-22,asset-02
session-public-00559,,DM,camp-private,2025-11-21,
session-public-00560,,Organic,organic,2026-06-21,asset-04
session-public-00561,,Instagram,camp-studio,2026-08-04,asset-01
session-public-00562,,Paid Social,camp-move,2026-04-19,asset-02
session-public-00563,,DM,camp-private,2025-12-12,asset-03
session-public-00564,,Organic,organic,2026-07-06,asset-04
session-public-00565,,Instagram,camp-studio,2026-07-01,asset-01
session-public-00566,,Paid Social,camp-move,2026-08-09,asset-02
session-public-00567,,DM,camp-private,2026-05-20,asset-03
session-public-00568,,Organic,organic,2026-09-15,
session-public-00569,,Instagram,camp-studio,2026-02-12,asset-01
session-public-00570,,Paid Social,camp-move,2026-09-10,asset-02
session-public-00571,,DM,camp-private,2026-01-27,asset-03
session-public-00572,,Organic,organic,2025-11-19,asset-04
session-public-00573,,Instagram,camp-studio,2026-08-27,asset-01
session-public-00574,,Paid Social,camp-move,2025-12-06,asset-02
session-public-00575,,DM,camp-private,2026-05-07,asset-03
session-public-00576,,Organic,organic,2025-11-10,asset-04
session-public-00577,,Instagram,camp-studio,2025-10-12,
session-public-00578,,Paid Social,camp-move,2025-11-30,asset-02
session-public-00579,,DM,camp-private,2026-04-05,asset-03
session-public-00580,,Organic,organic,2026-05-22,asset-04
session-public-00581,,Instagram,camp-studio,2026-04-04,asset-01
session-public-00582,,Paid Social,camp-move,2026-05-24,asset-02
session-public-00583,,DM,camp-private,2025-12-18,asset-03
session-public-00584,,Organic,organic,2025-10-02,asset-04
session-public-00585,,Instagram,camp-studio,2026-07-19,asset-01
session-public-00586,,Paid Social,camp-move,2026-09-09,
session-public-00587,,DM,camp-private,2026-03-26,asset-03
session-public-00588,,Organic,organic,2026-05-05,asset-04
session-public-00589,,Instagram,camp-studio,2026-07-18,asset-01
session-public-00590,,Paid Social,camp-move,2026-07-11,asset-02
session-public-00591,,DM,camp-private,2025-12-24,asset-03
session-public-00592,,Organic,organic,2026-05-09,asset-04
session-public-00593,,Instagram,camp-studio,2025-10-02,asset-01
session-public-00594,,Paid Social,camp-move,2026-05-31,asset-02
session-public-00595,,DM,camp-private,2026-08-31,
session-public-00596,,Organic,organic,2026-07-09,asset-04
session-public-00597,,Instagram,camp-studio,2026-03-17,asset-01
session-public-00598,,Paid Social,camp-move,2026-03-14,asset-02
session-public-00599,,DM,camp-private,2025-11-04,asset-03
session-public-00600,,Organic,organic,2026-03-30,asset-04
session-public-00601,,Instagram,camp-studio,2025-10-27,asset-01
session-public-00602,,Paid Social,camp-move,2025-12-21,asset-02
session-public-00603,,DM,camp-private,2025-11-30,asset-03
session-public-00604,,Organic,organic,2026-08-07,
session-public-00605,,Instagram,camp-studio,2026-02-22,asset-01
session-public-00606,,Paid Social,camp-move,2026-09-03,asset-02
session-public-00607,,DM,camp-private,2026-04-11,asset-03
session-public-00608,,Organic,organic,2025-12-07,asset-04
session-public-00609,,Instagram,camp-studio,2025-11-17,asset-01
session-public-00610,,Paid Social,camp-move,2026-08-30,asset-02
session-public-00611,,DM,camp-private,2025-12-31,asset-03
session-public-00612,,Organic,organic,2026-08-12,asset-04
session-public-00613,,Instagram,camp-studio,2026-03-05,
session-public-00614,,Paid Social,camp-move,2026-02-18,asset-02
session-public-00615,,DM,camp-private,2026-09-21,asset-03
session-public-00616,,Organic,organic,2025-11-03,asset-04
session-public-00617,,Instagram,camp-studio,2026-03-22,asset-01
session-public-00618,,Paid Social,camp-move,2026-07-27,asset-02
session-public-00619,,DM,camp-private,2026-06-02,asset-03
session-public-00620,,Organic,organic,2025-09-30,asset-04
session-public-00621,,Instagram,camp-studio,2026-08-06,asset-01
session-public-00622,,Paid Social,camp-move,2026-07-21,
session-public-00623,,DM,camp-private,2026-04-23,asset-03
session-public-00624,,Organic,organic,2025-12-17,asset-04
session-public-00625,,Instagram,camp-studio,2026-03-27,asset-01
session-public-00626,,Paid Social,camp-move,2026-01-29,asset-02
session-public-00627,,DM,camp-private,2025-12-29,asset-03
session-public-00628,,Organic,organic,2026-06-11,asset-04
session-public-00629,,Instagram,camp-studio,2026-02-12,asset-01
session-public-00630,,Paid Social,camp-move,2026-06-15,asset-02
session-public-00631,,DM,camp-private,2025-10-04,
session-public-00632,,Organic,organic,2026-05-30,asset-04
session-public-00633,,Instagram,camp-studio,2026-03-04,asset-01
session-public-00634,,Paid Social,camp-move,2025-12-16,asset-02
session-public-00635,,DM,camp-private,2025-10-18,asset-03
session-public-00636,,Organic,organic,2026-08-20,asset-04
session-public-00637,,Instagram,camp-studio,2026-01-22,asset-01
session-public-00638,,Paid Social,camp-move,2026-09-15,asset-02
session-public-00639,,DM,camp-private,2026-02-25,asset-03
session-public-00640,,Organic,organic,2026-02-03,
session-public-00641,,Instagram,camp-studio,2026-05-09,asset-01
session-public-00642,,Paid Social,camp-move,2026-05-01,asset-02
session-public-00643,,DM,camp-private,2026-03-13,asset-03
session-public-00644,,Organic,organic,2025-10-12,asset-04
session-public-00645,,Instagram,camp-studio,2026-02-08,asset-01
session-public-00646,,Paid Social,camp-move,2026-08-24,asset-02
session-public-00647,,DM,camp-private,2026-05-14,asset-03
session-public-00648,,Organic,organic,2026-08-25,asset-04
session-public-00649,,Instagram,camp-studio,2025-11-02,
session-public-00650,,Paid Social,camp-move,2026-03-11,asset-02
session-public-00651,,DM,camp-private,2026-07-01,asset-03
session-public-00652,,Organic,organic,2025-10-08,asset-04
session-public-00653,,Instagram,camp-studio,2025-11-27,asset-01
session-public-00654,,Paid Social,camp-move,2026-08-07,asset-02
session-public-00655,,DM,camp-private,2025-09-27,asset-03
session-public-00656,,Organic,organic,2026-07-12,asset-04
session-public-00657,,Instagram,camp-studio,2025-10-01,asset-01
session-public-00658,,Paid Social,camp-move,2026-02-23,
session-public-00659,,DM,camp-private,2026-04-04,asset-03
session-public-00660,,Organic,organic,2026-01-02,asset-04
session-public-00661,,Instagram,camp-studio,2026-05-20,asset-01
session-public-00662,,Paid Social,camp-move,2026-04-04,asset-02
session-public-00663,,DM,camp-private,2026-04-08,asset-03
session-public-00664,,Organic,organic,2025-10-10,asset-04
session-public-00665,,Instagram,camp-studio,2026-09-12,asset-01
session-public-00666,,Paid Social,camp-move,2026-09-01,asset-02
session-public-00667,,DM,camp-private,2026-02-07,
session-public-00668,,Organic,organic,2026-09-13,asset-04
session-public-00669,,Instagram,camp-studio,2026-04-02,asset-01
session-public-00670,,Paid Social,camp-move,2026-03-12,asset-02
session-public-00671,,DM,camp-private,2026-03-28,asset-03
session-public-00672,,Organic,organic,2026-06-11,asset-04
session-public-00673,,Instagram,camp-studio,2026-04-27,asset-01
session-public-00674,,Paid Social,camp-move,2026-04-18,asset-02
session-public-00675,,DM,camp-private,2026-09-19,asset-03
session-public-00676,,Organic,organic,2026-03-16,
session-public-00677,,Instagram,camp-studio,2025-11-28,asset-01
session-public-00678,,Paid Social,camp-move,2026-03-18,asset-02
session-public-00679,,DM,camp-private,2026-02-02,asset-03
session-public-00680,,Organic,organic,2026-07-01,asset-04
session-public-00681,,Instagram,camp-studio,2025-12-29,asset-01
session-public-00682,,Paid Social,camp-move,2026-05-30,asset-02
session-public-00683,,DM,camp-private,2026-02-13,asset-03
session-public-00684,,Organic,organic,2026-02-05,asset-04
session-public-00685,,Instagram,camp-studio,2025-11-03,
session-public-00686,,Paid Social,camp-move,2026-05-10,asset-02
session-public-00687,,DM,camp-private,2026-08-31,asset-03
session-public-00688,,Organic,organic,2025-11-04,asset-04
session-public-00689,,Instagram,camp-studio,2026-08-29,asset-01
session-public-00690,,Paid Social,camp-move,2026-03-04,asset-02
session-public-00691,,DM,camp-private,2026-06-09,asset-03
session-public-00692,,Organic,organic,2025-11-19,asset-04
session-public-00693,,Instagram,camp-studio,2025-10-03,asset-01
session-public-00694,,Paid Social,camp-move,2025-11-26,
session-public-00695,,DM,camp-private,2025-11-15,asset-03
session-public-00696,,Organic,organic,2026-01-24,asset-04
session-public-00697,,Instagram,camp-studio,2025-10-30,asset-01
session-public-00698,,Paid Social,camp-move,2025-12-21,asset-02
session-public-00699,,DM,camp-private,2026-04-01,asset-03
session-public-00700,,Organic,organic,2025-10-25,asset-04
session-public-00701,,Instagram,camp-studio,2025-12-09,asset-01
session-public-00702,,Paid Social,camp-move,2026-07-11,asset-02
session-public-00703,,DM,camp-private,2026-01-21,
session-public-00704,,Organic,organic,2025-11-05,asset-04
session-public-00705,,Instagram,camp-studio,2025-10-30,asset-01
session-public-00706,,Paid Social,camp-move,2025-09-26,asset-02
session-public-00707,,DM,camp-private,2025-09-28,asset-03
session-public-00708,,Organic,organic,2026-03-15,asset-04
session-public-00709,,Instagram,camp-studio,2026-08-04,asset-01
session-public-00710,,Paid Social,camp-move,2025-10-28,asset-02
session-public-00711,,DM,camp-private,2025-12-10,asset-03
session-public-00712,,Organic,organic,2026-07-17,
session-public-00713,,Instagram,camp-studio,2026-08-08,asset-01
session-public-00714,,Paid Social,camp-move,2026-05-15,asset-02
session-public-00715,,DM,camp-private,2026-08-11,asset-03
session-public-00716,,Organic,organic,2026-03-10,asset-04
session-public-00717,,Instagram,camp-studio,2026-08-28,asset-01
session-public-00718,,Paid Social,camp-move,2025-11-15,asset-02
session-public-00719,,DM,camp-private,2026-08-01,asset-03
session-public-00720,,Organic,organic,2025-11-23,asset-04
session-public-00721,,Instagram,camp-studio,2025-10-20,
session-public-00722,,Paid Social,camp-move,2026-09-17,asset-02
session-public-00723,,DM,camp-private,2025-12-02,asset-03
session-public-00724,,Organic,organic,2026-01-02,asset-04
session-public-00725,,Instagram,camp-studio,2025-11-02,asset-01
session-public-00726,,Paid Social,camp-move,2025-12-26,asset-02
session-public-00727,,DM,camp-private,2025-11-07,asset-03
session-public-00728,,Organic,organic,2025-11-07,asset-04
session-public-00729,,Instagram,camp-studio,2025-09-23,asset-01
session-public-00730,,Paid Social,camp-move,2026-05-01,
session-public-00731,,DM,camp-private,2026-09-08,asset-03
session-public-00732,,Organic,organic,2026-01-19,asset-04
session-public-00733,,Instagram,camp-studio,2026-01-07,asset-01
session-public-00734,,Paid Social,camp-move,2025-10-17,asset-02
session-public-00735,,DM,camp-private,2025-11-01,asset-03
session-public-00736,,Organic,organic,2026-04-08,asset-04
session-public-00737,,Instagram,camp-studio,2026-03-05,asset-01
session-public-00738,,Paid Social,camp-move,2026-08-08,asset-02
session-public-00739,,DM,camp-private,2026-06-20,
session-public-00740,,Organic,organic,2025-12-29,asset-04
session-public-00741,,Instagram,camp-studio,2026-05-23,asset-01
session-public-00742,,Paid Social,camp-move,2026-01-01,asset-02
session-public-00743,,DM,camp-private,2026-09-19,asset-03
session-public-00744,,Organic,organic,2026-06-02,asset-04
session-public-00745,,Instagram,camp-studio,2026-07-28,asset-01
session-public-00746,,Paid Social,camp-move,2026-09-18,asset-02
session-public-00747,,DM,camp-private,2025-12-26,asset-03
session-public-00748,,Organic,organic,2026-05-20,
session-public-00749,,Instagram,camp-studio,2026-02-16,asset-01
session-public-00750,,Paid Social,camp-move,2026-09-03,asset-02
session-public-00751,,DM,camp-private,2026-07-22,asset-03
session-public-00752,,Organic,organic,2025-10-23,asset-04
session-public-00753,,Instagram,camp-studio,2026-05-06,asset-01
session-public-00754,,Paid Social,camp-move,2025-12-25,asset-02
session-public-00755,,DM,camp-private,2026-06-08,asset-03
session-public-00756,,Organic,organic,2025-09-25,asset-04
session-public-00757,,Instagram,camp-studio,2025-11-01,
session-public-00758,,Paid Social,camp-move,2025-12-21,asset-02
session-public-00759,,DM,camp-private,2026-01-01,asset-03
session-public-00760,,Organic,organic,2026-02-03,asset-04
session-public-00761,,Instagram,camp-studio,2025-12-04,asset-01
session-public-00762,,Paid Social,camp-move,2026-06-26,asset-02
session-public-00763,,DM,camp-private,2026-07-13,asset-03
session-public-00764,,Organic,organic,2025-12-27,asset-04
session-public-00765,,Instagram,camp-studio,2026-09-15,asset-01
session-public-00766,,Paid Social,camp-move,2025-11-24,
session-public-00767,,DM,camp-private,2026-09-16,asset-03
session-public-00768,,Organic,organic,2025-10-30,asset-04
session-public-00769,,Instagram,camp-studio,2025-12-27,asset-01
session-public-00770,,Paid Social,camp-move,2025-12-26,asset-02
session-public-00771,,DM,camp-private,2026-03-05,asset-03
session-public-00772,,Organic,organic,2026-01-16,asset-04
session-public-00773,,Instagram,camp-studio,2025-12-14,asset-01
session-public-00774,,Paid Social,camp-move,2026-04-12,asset-02
session-public-00775,,DM,camp-private,2026-08-13,
session-public-00776,,Organic,organic,2026-07-22,asset-04
session-public-00777,,Instagram,camp-studio,2026-02-20,asset-01
session-public-00778,,Paid Social,camp-move,2026-07-26,asset-02
session-public-00779,,DM,camp-private,2026-04-21,asset-03
session-public-00780,,Organic,organic,2026-06-08,asset-04
session-public-00781,,Instagram,camp-studio,2026-08-15,asset-01
session-public-00782,,Paid Social,camp-move,2026-02-15,asset-02
session-public-00783,,DM,camp-private,2026-01-11,asset-03
session-public-00784,,Organic,organic,2026-04-28,
session-public-00785,,Instagram,camp-studio,2026-01-28,asset-01
session-public-00786,,Paid Social,camp-move,2026-03-17,asset-02
session-public-00787,,DM,camp-private,2026-01-23,asset-03
session-public-00788,,Organic,organic,2026-06-20,asset-04
session-public-00789,,Instagram,camp-studio,2025-09-25,asset-01
session-public-00790,,Paid Social,camp-move,2026-08-23,asset-02
session-public-00791,,DM,camp-private,2026-09-06,asset-03
session-public-00792,,Organic,organic,2026-01-28,asset-04
session-public-00793,,Instagram,camp-studio,2026-02-13,
session-public-00794,,Paid Social,camp-move,2025-12-13,asset-02
session-public-00795,,DM,camp-private,2025-10-25,asset-03
session-public-00796,,Organic,organic,2025-10-23,asset-04
session-public-00797,,Instagram,camp-studio,2025-10-24,asset-01
session-public-00798,,Paid Social,camp-move,2026-06-01,asset-02
session-public-00799,,DM,camp-private,2026-03-17,asset-03
session-public-00800,,Organic,organic,2025-10-22,asset-04
session-public-00801,,Instagram,camp-studio,2026-08-05,asset-01
session-public-00802,,Paid Social,camp-move,2026-04-30,
session-public-00803,,DM,camp-private,2025-11-01,asset-03
session-public-00804,,Organic,organic,2026-09-02,asset-04
session-public-00805,,Instagram,camp-studio,2026-05-08,asset-01
session-public-00806,,Paid Social,camp-move,2025-09-28,asset-02
session-public-00807,,DM,camp-private,2026-09-02,asset-03
session-public-00808,,Organic,organic,2025-11-06,asset-04
session-public-00809,,Instagram,camp-studio,2026-03-04,asset-01
session-public-00810,,Paid Social,camp-move,2026-07-20,asset-02
session-public-00811,,DM,camp-private,2026-03-26,
session-public-00812,,Organic,organic,2026-09-14,asset-04
session-public-00813,,Instagram,camp-studio,2026-09-05,asset-01
session-public-00814,,Paid Social,camp-move,2026-07-29,asset-02
session-public-00815,,DM,camp-private,2026-09-04,asset-03
session-public-00816,,Organic,organic,2025-10-25,asset-04
session-public-00817,,Instagram,camp-studio,2026-07-10,asset-01
session-public-00818,,Paid Social,camp-move,2026-02-03,asset-02
session-public-00819,,DM,camp-private,2026-03-04,asset-03
session-public-00820,,Organic,organic,2026-05-10,
session-public-00821,,Instagram,camp-studio,2026-03-24,asset-01
session-public-00822,,Paid Social,camp-move,2026-05-25,asset-02
session-public-00823,,DM,camp-private,2026-03-30,asset-03
session-public-00824,,Organic,organic,2026-06-04,asset-04
session-public-00825,,Instagram,camp-studio,2026-02-22,asset-01
session-public-00826,,Paid Social,camp-move,2026-05-30,asset-02
session-public-00827,,DM,camp-private,2026-03-01,asset-03
session-public-00828,,Organic,organic,2026-06-28,asset-04
session-public-00829,,Instagram,camp-studio,2025-12-28,
session-public-00830,,Paid Social,camp-move,2026-01-16,asset-02
session-public-00831,,DM,camp-private,2026-07-19,asset-03
session-public-00832,,Organic,organic,2025-12-18,asset-04
session-public-00833,,Instagram,camp-studio,2025-10-13,asset-01
session-public-00834,,Paid Social,camp-move,2026-09-10,asset-02
session-public-00835,,DM,camp-private,2026-03-21,asset-03
session-public-00836,,Organic,organic,2026-04-19,asset-04
session-public-00837,,Instagram,camp-studio,2026-05-18,asset-01
session-public-00838,,Paid Social,camp-move,2026-05-16,
session-public-00839,,DM,camp-private,2026-03-07,asset-03
session-public-00840,,Organic,organic,2026-04-16,asset-04
session-public-00841,,Instagram,camp-studio,2026-05-17,asset-01
session-public-00842,,Paid Social,camp-move,2026-05-17,asset-02
session-public-00843,,DM,camp-private,2026-05-11,asset-03
session-public-00844,,Organic,organic,2025-12-09,asset-04
session-public-00845,,Instagram,camp-studio,2025-12-03,asset-01
session-public-00846,,Paid Social,camp-move,2026-04-07,asset-02
session-public-00847,,DM,camp-private,2026-04-24,
session-public-00848,,Organic,organic,2025-10-04,asset-04
session-public-00849,,Instagram,camp-studio,2025-12-02,asset-01
session-public-00850,,Paid Social,camp-move,2026-03-03,asset-02
session-public-00851,,DM,camp-private,2026-04-05,asset-03
session-public-00852,,Organic,organic,2026-08-11,asset-04
session-public-00853,,Instagram,camp-studio,2025-12-07,asset-01
session-public-00854,,Paid Social,camp-move,2026-04-14,asset-02
session-public-00855,,DM,camp-private,2026-03-28,asset-03
session-public-00856,,Organic,organic,2025-09-29,
session-public-00857,,Instagram,camp-studio,2026-05-02,asset-01
session-public-00858,,Paid Social,camp-move,2026-08-26,asset-02
session-public-00859,,DM,camp-private,2025-12-19,asset-03
session-public-00860,,Organic,organic,2025-12-08,asset-04
session-public-00861,,Instagram,camp-studio,2026-07-22,asset-01
session-public-00862,,Paid Social,camp-move,2025-12-25,asset-02
session-public-00863,,DM,camp-private,2026-01-11,asset-03
session-public-00864,,Organic,organic,2025-11-09,asset-04
session-public-00865,,Instagram,camp-studio,2025-09-30,
session-public-00866,,Paid Social,camp-move,2026-04-10,asset-02
session-public-00867,,DM,camp-private,2026-05-21,asset-03
session-public-00868,,Organic,organic,2025-12-07,asset-04
session-public-00869,,Instagram,camp-studio,2026-02-07,asset-01
session-public-00870,,Paid Social,camp-move,2026-03-13,asset-02
session-public-00871,,DM,camp-private,2026-01-01,asset-03
session-public-00872,,Organic,organic,2025-10-03,asset-04
session-public-00873,,Instagram,camp-studio,2026-06-03,asset-01
session-public-00874,,Paid Social,camp-move,2026-04-10,
session-public-00875,,DM,camp-private,2025-12-12,asset-03
session-public-00876,,Organic,organic,2026-02-24,asset-04
session-public-00877,,Instagram,camp-studio,2026-06-30,asset-01
session-public-00878,,Paid Social,camp-move,2026-02-11,asset-02
session-public-00879,,DM,camp-private,2026-01-16,asset-03
session-public-00880,,Organic,organic,2025-12-28,asset-04
session-public-00881,,Instagram,camp-studio,2026-05-29,asset-01
session-public-00882,,Paid Social,camp-move,2026-07-29,asset-02
session-public-00883,,DM,camp-private,2026-06-04,
session-public-00884,,Organic,organic,2026-05-01,asset-04
session-public-00885,,Instagram,camp-studio,2026-05-02,asset-01
session-public-00886,,Paid Social,camp-move,2025-12-12,asset-02
session-public-00887,,DM,camp-private,2026-05-29,asset-03
session-public-00888,,Organic,organic,2026-08-28,asset-04
session-public-00889,,Instagram,camp-studio,2025-10-22,asset-01
session-public-00890,,Paid Social,camp-move,2026-03-21,asset-02
session-public-00891,,DM,camp-private,2025-11-15,asset-03
session-public-00892,,Organic,organic,2025-10-26,
session-public-00893,,Instagram,camp-studio,2026-03-06,asset-01
session-public-00894,,Paid Social,camp-move,2026-09-18,asset-02
session-public-00895,,DM,camp-private,2026-05-24,asset-03
session-public-00896,,Organic,organic,2026-07-30,asset-04
session-public-00897,,Instagram,camp-studio,2026-02-17,asset-01
session-public-00898,,Paid Social,camp-move,2025-12-03,asset-02
session-public-00899,,DM,camp-private,2026-01-20,asset-03
session-public-00900,,Organic,organic,2026-06-14,asset-04
session-public-00901,,Instagram,camp-studio,2026-06-02,
session-public-00902,,Paid Social,camp-move,2026-01-10,asset-02
session-public-00903,,DM,camp-private,2026-04-23,asset-03
session-public-00904,,Organic,organic,2026-05-31,asset-04
session-public-00905,,Instagram,camp-studio,2025-09-28,asset-01
session-public-00906,,Paid Social,camp-move,2026-02-26,asset-02
session-public-00907,,DM,camp-private,2026-08-11,asset-03
session-public-00908,,Organic,organic,2025-12-12,asset-04
session-public-00909,,Instagram,camp-studio,2026-03-14,asset-01
session-public-00910,,Paid Social,camp-move,2026-08-10,
session-public-00911,,DM,camp-private,2026-02-28,asset-03
session-public-00912,,Organic,organic,2026-09-07,asset-04
session-public-00913,,Instagram,camp-studio,2026-08-04,asset-01
session-public-00914,,Paid Social,camp-move,2026-04-29,asset-02
session-public-00915,,DM,camp-private,2026-08-01,asset-03
session-public-00916,,Organic,organic,2025-11-23,asset-04
session-public-00917,,Instagram,camp-studio,2026-07-25,asset-01
session-public-00918,,Paid Social,camp-move,2025-11-27,asset-02
session-public-00919,,DM,camp-private,2026-06-20,
session-public-00920,,Organic,organic,2026-02-13,asset-04
session-public-00921,,Instagram,camp-studio,2026-03-15,asset-01
session-public-00922,,Paid Social,camp-move,2026-04-01,asset-02
session-public-00923,,DM,camp-private,2026-09-09,asset-03
session-public-00924,,Organic,organic,2025-11-26,asset-04
session-public-00925,,Instagram,camp-studio,2026-03-30,asset-01
session-public-00926,,Paid Social,camp-move,2026-07-08,asset-02
session-public-00927,,DM,camp-private,2026-05-22,asset-03
session-public-00928,,Organic,organic,2025-10-24,
session-public-00929,,Instagram,camp-studio,2025-10-01,asset-01
session-public-00930,,Paid Social,camp-move,2026-05-08,asset-02
session-public-00931,,DM,camp-private,2026-03-30,asset-03
session-public-00932,,Organic,organic,2026-04-23,asset-04
session-public-00933,,Instagram,camp-studio,2026-01-26,asset-01
session-public-00934,,Paid Social,camp-move,2026-01-07,asset-02
session-public-00935,,DM,camp-private,2026-03-08,asset-03
session-public-00936,,Organic,organic,2026-09-09,asset-04
session-public-00937,,Instagram,camp-studio,2026-01-19,
session-public-00938,,Paid Social,camp-move,2026-03-01,asset-02
session-public-00939,,DM,camp-private,2026-08-12,asset-03
session-public-00940,,Organic,organic,2026-05-23,asset-04
session-public-00941,,Instagram,camp-studio,2026-02-12,asset-01
session-public-00942,,Paid Social,camp-move,2026-07-03,asset-02
session-public-00943,,DM,camp-private,2026-03-15,asset-03
session-public-00944,,Organic,organic,2026-07-14,asset-04
session-public-00945,,Instagram,camp-studio,2026-03-10,asset-01
session-public-00946,,Paid Social,camp-move,2026-09-14,
session-public-00947,,DM,camp-private,2025-12-30,asset-03
session-public-00948,,Organic,organic,2025-11-26,asset-04
session-public-00949,,Instagram,camp-studio,2026-03-05,asset-01
session-public-00950,,Paid Social,camp-move,2026-08-11,asset-02
session-public-00951,,DM,camp-private,2026-07-12,asset-03
session-public-00952,,Organic,organic,2026-01-17,asset-04
session-public-00953,,Instagram,camp-studio,2026-09-19,asset-01
session-public-00954,,Paid Social,camp-move,2026-07-22,asset-02
session-public-00955,,DM,camp-private,2026-07-31,
session-public-00956,,Organic,organic,2026-01-21,asset-04
session-public-00957,,Instagram,camp-studio,2026-01-27,asset-01
session-public-00958,,Paid Social,camp-move,2026-05-30,asset-02
session-public-00959,,DM,camp-private,2026-07-07,asset-03
session-public-00960,,Organic,organic,2026-05-20,asset-04
session-public-00961,,Instagram,camp-studio,2025-10-01,asset-01
session-public-00962,,Paid Social,camp-move,2026-03-01,asset-02
session-public-00963,,DM,camp-private,2026-06-10,asset-03
session-public-00964,,Organic,organic,2025-11-09,
session-public-00965,,Instagram,camp-studio,2026-04-06,asset-01
session-public-00966,,Paid Social,camp-move,2025-12-06,asset-02
session-public-00967,,DM,camp-private,2026-08-07,asset-03
session-public-00968,,Organic,organic,2026-03-05,asset-04
session-public-00969,,Instagram,camp-studio,2025-11-02,asset-01
session-public-00970,,Paid Social,camp-move,2026-06-19,asset-02
session-public-00971,,DM,camp-private,2026-05-31,asset-03
session-public-00972,,Organic,organic,2026-05-16,asset-04
session-public-00973,,Instagram,camp-studio,2026-07-27,
session-public-00974,,Paid Social,camp-move,2026-02-05,asset-02
session-public-00975,,DM,camp-private,2025-10-26,asset-03
session-public-00976,,Organic,organic,2026-05-10,asset-04
session-public-00977,,Instagram,camp-studio,2026-04-09,asset-01
session-public-00978,,Paid Social,camp-move,2025-12-29,asset-02
session-public-00979,,DM,camp-private,2026-02-10,asset-03
session-public-00980,,Organic,organic,2026-09-21,asset-04
session-public-00981,,Instagram,camp-studio,2025-12-04,asset-01
session-public-00982,,Paid Social,camp-move,2026-03-27,
session-public-00983,,DM,camp-private,2025-10-22,asset-03
session-public-00984,,Organic,organic,2026-05-22,asset-04
session-public-00985,,Instagram,camp-studio,2026-01-26,asset-01
session-public-00986,,Paid Social,camp-move,2026-01-14,asset-02
session-public-00987,,DM,camp-private,2026-08-12,asset-03
session-public-00988,,Organic,organic,2025-09-23,asset-04
session-public-00989,,Instagram,camp-studio,2026-03-08,asset-01
session-public-00990,,Paid Social,camp-move,2026-03-23,asset-02
session-public-00991,,DM,camp-private,2026-08-05,
session-public-00992,,Organic,organic,2026-05-27,asset-04
session-public-00993,,Instagram,camp-studio,2026-07-06,asset-01
session-public-00994,,Paid Social,camp-move,2025-12-05,asset-02
session-public-00995,,DM,camp-private,2026-02-08,asset-03
session-public-00996,,Organic,organic,2026-03-04,asset-04
session-public-00997,,Instagram,camp-studio,2026-05-28,asset-01
session-public-00998,,Paid Social,camp-move,2026-03-01,asset-02
session-public-00999,,DM,camp-private,2026-07-28,asset-03
session-public-01000,,Organic,organic,2026-06-23,
session-public-01001,,Instagram,camp-studio,2026-01-02,asset-01
session-public-01002,,Paid Social,camp-move,2026-08-18,asset-02
session-public-01003,,DM,camp-private,2025-12-27,asset-03
session-public-01004,,Organic,organic,2026-07-24,asset-04
session-public-01005,,Instagram,camp-studio,2026-07-28,asset-01
session-public-01006,,Paid Social,camp-move,2025-11-22,asset-02
session-public-01007,,DM,camp-private,2026-02-20,asset-03
session-public-01008,,Organic,organic,2025-10-23,asset-04
session-public-01009,,Instagram,camp-studio,2025-12-30,
session-public-01010,,Paid Social,camp-move,2026-06-17,asset-02
session-public-01011,,DM,camp-private,2026-06-07,asset-03
session-public-01012,,Organic,organic,2026-02-13,asset-04
session-public-01013,,Instagram,camp-studio,2026-01-27,asset-01
session-public-01014,,Paid Social,camp-move,2026-04-02,asset-02
session-public-01015,,DM,camp-private,2026-04-26,asset-03
session-public-01016,,Organic,organic,2026-09-15,asset-04
session-public-01017,,Instagram,camp-studio,2025-09-27,asset-01
session-public-01018,,Paid Social,camp-move,2026-02-21,
session-public-01019,,DM,camp-private,2026-02-02,asset-03
session-public-01020,,Organic,organic,2026-01-04,asset-04
session-public-01021,,Instagram,camp-studio,2025-12-04,asset-01
session-public-01022,,Paid Social,camp-move,2026-02-20,asset-02
session-public-01023,,DM,camp-private,2025-10-04,asset-03
session-public-01024,,Organic,organic,2025-10-06,asset-04
session-public-01025,,Instagram,camp-studio,2026-08-21,asset-01
session-public-01026,,Paid Social,camp-move,2026-08-17,asset-02
session-public-01027,,DM,camp-private,2026-04-25,
session-public-01028,,Organic,organic,2025-11-01,asset-04
session-public-01029,,Instagram,camp-studio,2026-03-29,asset-01
session-public-01030,,Paid Social,camp-move,2026-05-18,asset-02
session-public-01031,,DM,camp-private,2025-12-06,asset-03
session-public-01032,,Organic,organic,2026-05-08,asset-04
session-public-01033,,Instagram,camp-studio,2026-08-08,asset-01
session-public-01034,,Paid Social,camp-move,2026-04-05,asset-02
session-public-01035,,DM,camp-private,2026-07-03,asset-03
session-public-01036,,Organic,organic,2025-12-11,
session-public-01037,,Instagram,camp-studio,2026-07-23,asset-01
session-public-01038,,Paid Social,camp-move,2026-05-07,asset-02
session-public-01039,,DM,camp-private,2026-03-01,asset-03
session-public-01040,,Organic,organic,2025-11-16,asset-04
session-public-01041,,Instagram,camp-studio,2026-02-09,asset-01
session-public-01042,,Paid Social,camp-move,2026-05-13,asset-02
session-public-01043,,DM,camp-private,2026-02-10,asset-03
session-public-01044,,Organic,organic,2026-01-01,asset-04
session-public-01045,,Instagram,camp-studio,2026-09-18,
session-public-01046,,Paid Social,camp-move,2026-07-29,asset-02
session-public-01047,,DM,camp-private,2026-05-12,asset-03
session-public-01048,,Organic,organic,2026-02-14,asset-04
session-public-01049,,Instagram,camp-studio,2025-12-14,asset-01
session-public-01050,,Paid Social,camp-move,2026-07-19,asset-02
session-public-01051,,DM,camp-private,2025-11-26,asset-03
session-public-01052,,Organic,organic,2026-03-06,asset-04
session-public-01053,,Instagram,camp-studio,2025-09-30,asset-01
session-public-01054,,Paid Social,camp-move,2025-11-24,
session-public-01055,,DM,camp-private,2025-10-18,asset-03
session-public-01056,,Organic,organic,2026-03-08,asset-04
session-public-01057,,Instagram,camp-studio,2026-07-01,asset-01
session-public-01058,,Paid Social,camp-move,2026-05-24,asset-02
session-public-01059,,DM,camp-private,2026-03-29,asset-03
session-public-01060,,Organic,organic,2025-12-03,asset-04
session-public-01061,,Instagram,camp-studio,2026-03-02,asset-01
session-public-01062,,Paid Social,camp-move,2026-04-02,asset-02
session-public-01063,,DM,camp-private,2026-06-30,
session-public-01064,,Organic,organic,2025-10-05,asset-04
session-public-01065,,Instagram,camp-studio,2026-08-09,asset-01
session-public-01066,,Paid Social,camp-move,2026-05-02,asset-02
session-public-01067,,DM,camp-private,2026-08-18,asset-03
session-public-01068,,Organic,organic,2026-03-06,asset-04
session-public-01069,,Instagram,camp-studio,2026-04-12,asset-01
session-public-01070,,Paid Social,camp-move,2025-12-22,asset-02
session-public-01071,,DM,camp-private,2026-03-08,asset-03
session-public-01072,,Organic,organic,2026-08-01,
session-public-01073,,Instagram,camp-studio,2025-10-09,asset-01
session-public-01074,,Paid Social,camp-move,2026-08-17,asset-02
session-public-01075,,DM,camp-private,2026-02-13,asset-03
session-public-01076,,Organic,organic,2026-03-06,asset-04
session-public-01077,,Instagram,camp-studio,2026-07-08,asset-01
session-public-01078,,Paid Social,camp-move,2026-07-10,asset-02
session-public-01079,,DM,camp-private,2025-10-12,asset-03
session-public-01080,,Organic,organic,2026-06-10,asset-04
session-public-01081,,Instagram,camp-studio,2025-10-20,
session-public-01082,,Paid Social,camp-move,2025-11-28,asset-02
session-public-01083,,DM,camp-private,2026-06-03,asset-03
session-public-01084,,Organic,organic,2025-10-24,asset-04
session-public-01085,,Instagram,camp-studio,2025-10-26,asset-01
session-public-01086,,Paid Social,camp-move,2025-12-02,asset-02
session-public-01087,,DM,camp-private,2025-12-08,asset-03
session-public-01088,,Organic,organic,2025-11-13,asset-04
session-public-01089,,Instagram,camp-studio,2026-06-16,asset-01
session-public-01090,,Paid Social,camp-move,2025-12-14,
session-public-01091,,DM,camp-private,2026-01-20,asset-03
session-public-01092,,Organic,organic,2025-11-08,asset-04
session-public-01093,,Instagram,camp-studio,2026-03-25,asset-01
session-public-01094,,Paid Social,camp-move,2026-03-23,asset-02
session-public-01095,,DM,camp-private,2026-03-14,asset-03
session-public-01096,,Organic,organic,2025-11-02,asset-04
session-public-01097,,Instagram,camp-studio,2026-04-21,asset-01
session-public-01098,,Paid Social,camp-move,2026-03-16,asset-02
session-public-01099,,DM,camp-private,2025-10-27,
session-public-01100,,Organic,organic,2026-06-01,asset-04
session-public-01101,,Instagram,camp-studio,2026-04-15,asset-01
session-public-01102,,Paid Social,camp-move,2026-06-28,asset-02
session-public-01103,,DM,camp-private,2025-10-23,asset-03
session-public-01104,,Organic,organic,2026-06-17,asset-04
session-public-01105,,Instagram,camp-studio,2026-04-23,asset-01
session-public-01106,,Paid Social,camp-move,2026-08-16,asset-02
session-public-01107,,DM,camp-private,2026-04-12,asset-03
session-public-01108,,Organic,organic,2026-09-12,
session-public-01109,,Instagram,camp-studio,2025-12-10,asset-01
session-public-01110,,Paid Social,camp-move,2026-06-29,asset-02
session-public-01111,,DM,camp-private,2025-11-06,asset-03
session-public-01112,,Organic,organic,2026-01-06,asset-04
session-public-01113,,Instagram,camp-studio,2026-05-09,asset-01
session-public-01114,,Paid Social,camp-move,2025-12-12,asset-02
session-public-01115,,DM,camp-private,2025-11-20,asset-03
session-public-01116,,Organic,organic,2026-02-02,asset-04
session-public-01117,,Instagram,camp-studio,2026-01-16,
session-public-01118,,Paid Social,camp-move,2026-01-22,asset-02
session-public-01119,,DM,camp-private,2025-10-20,asset-03
session-public-01120,,Organic,organic,2026-08-18,asset-04
session-public-01121,,Instagram,camp-studio,2026-09-06,asset-01
session-public-01122,,Paid Social,camp-move,2026-07-04,asset-02
session-public-01123,,DM,camp-private,2025-10-04,asset-03
session-public-01124,,Organic,organic,2025-10-18,asset-04
session-public-01125,,Instagram,camp-studio,2026-08-17,asset-01
session-public-01126,,Paid Social,camp-move,2026-09-14,
session-public-01127,,DM,camp-private,2026-01-15,asset-03
session-public-01128,,Organic,organic,2026-05-25,asset-04
session-public-01129,,Instagram,camp-studio,2025-10-13,asset-01
session-public-01130,,Paid Social,camp-move,2025-10-13,asset-02
session-public-01131,,DM,camp-private,2026-01-12,asset-03
session-public-01132,,Organic,organic,2026-01-19,asset-04
session-public-01133,,Instagram,camp-studio,2025-12-09,asset-01
session-public-01134,,Paid Social,camp-move,2025-12-01,asset-02
session-public-01135,,DM,camp-private,2026-06-05,
session-public-01136,,Organic,organic,2026-03-04,asset-04
session-public-01137,,Instagram,camp-studio,2026-03-06,asset-01
session-public-01138,,Paid Social,camp-move,2026-04-08,asset-02
session-public-01139,,DM,camp-private,2026-08-12,asset-03
session-public-01140,,Organic,organic,2026-08-31,asset-04
session-public-01141,,Instagram,camp-studio,2026-04-12,asset-01
session-public-01142,,Paid Social,camp-move,2025-10-01,asset-02
session-public-01143,,DM,camp-private,2026-06-10,asset-03
session-public-01144,,Organic,organic,2026-02-17,
session-public-01145,,Instagram,camp-studio,2026-06-01,asset-01
session-public-01146,,Paid Social,camp-move,2025-10-04,asset-02
session-public-01147,,DM,camp-private,2026-08-30,asset-03
session-public-01148,,Organic,organic,2026-09-13,asset-04
session-public-01149,,Instagram,camp-studio,2026-04-22,asset-01
session-public-01150,,Paid Social,camp-move,2026-06-30,asset-02
session-public-01151,,DM,camp-private,2025-10-26,asset-03
session-public-01152,,Organic,organic,2025-10-12,asset-04
session-public-01153,,Instagram,camp-studio,2026-01-02,
session-public-01154,,Paid Social,camp-move,2026-07-20,asset-02
session-public-01155,,DM,camp-private,2025-10-10,asset-03
session-public-01156,,Organic,organic,2026-01-06,asset-04
session-public-01157,,Instagram,camp-studio,2026-01-17,asset-01
session-public-01158,,Paid Social,camp-move,2026-07-17,asset-02
session-public-01159,,DM,camp-private,2026-05-31,asset-03
session-public-01160,,Organic,organic,2025-09-25,asset-04
session-public-01161,,Instagram,camp-studio,2026-03-19,asset-01
session-public-01162,,Paid Social,camp-move,2026-09-16,
session-public-01163,,DM,camp-private,2025-11-02,asset-03
session-public-01164,,Organic,organic,2026-07-16,asset-04
session-public-01165,,Instagram,camp-studio,2026-03-29,asset-01
session-public-01166,,Paid Social,camp-move,2026-06-09,asset-02
session-public-01167,,DM,camp-private,2025-12-15,asset-03
session-public-01168,,Organic,organic,2026-04-13,asset-04
session-public-01169,,Instagram,camp-studio,2026-01-08,asset-01
session-public-01170,,Paid Social,camp-move,2025-12-08,asset-02
session-public-01171,,DM,camp-private,2026-06-23,
session-public-01172,,Organic,organic,2025-09-25,asset-04
session-public-01173,,Instagram,camp-studio,2026-08-09,asset-01
session-public-01174,,Paid Social,camp-move,2026-08-06,asset-02
session-public-01175,,DM,camp-private,2026-02-13,asset-03
session-public-01176,,Organic,organic,2026-02-05,asset-04
session-public-01177,,Instagram,camp-studio,2026-07-03,asset-01
session-public-01178,,Paid Social,camp-move,2026-04-01,asset-02
session-public-01179,,DM,camp-private,2026-06-10,asset-03
session-public-01180,,Organic,organic,2026-04-08,
session-public-01181,,Instagram,camp-studio,2025-12-12,asset-01
session-public-01182,,Paid Social,camp-move,2026-01-03,asset-02
session-public-01183,,DM,camp-private,2026-07-30,asset-03
session-public-01184,,Organic,organic,2026-01-31,asset-04
session-public-01185,,Instagram,camp-studio,2026-03-12,asset-01
session-public-01186,,Paid Social,camp-move,2025-12-31,asset-02
session-public-01187,,DM,camp-private,2026-03-08,asset-03
session-public-01188,,Organic,organic,2026-02-02,asset-04
session-public-01189,,Instagram,camp-studio,2026-04-11,
session-public-01190,,Paid Social,camp-move,2025-11-22,asset-02
session-public-01191,,DM,camp-private,2026-08-21,asset-03
session-public-01192,,Organic,organic,2026-02-15,asset-04
session-public-01193,,Instagram,camp-studio,2026-05-11,asset-01
session-public-01194,,Paid Social,camp-move,2025-10-06,asset-02
session-public-01195,,DM,camp-private,2026-05-08,asset-03
session-public-01196,,Organic,organic,2026-07-27,asset-04
session-public-01197,,Instagram,camp-studio,2026-08-21,asset-01
session-public-01198,,Paid Social,camp-move,2026-08-31,
session-public-01199,,DM,camp-private,2026-06-11,asset-03
session-public-01200,,Organic,organic,2026-04-17,asset-04
session-public-01201,,Instagram,camp-studio,2026-01-04,asset-01
session-public-01202,,Paid Social,camp-move,2025-12-25,asset-02
session-public-01203,,DM,camp-private,2025-11-18,asset-03
session-public-01204,,Organic,organic,2025-10-13,asset-04
session-public-01205,,Instagram,camp-studio,2026-04-08,asset-01
session-public-01206,,Paid Social,camp-move,2025-11-15,asset-02
session-public-01207,,DM,camp-private,2026-01-05,
session-public-01208,,Organic,organic,2026-01-02,asset-04
session-public-01209,,Instagram,camp-studio,2026-07-10,asset-01
session-public-01210,,Paid Social,camp-move,2026-02-21,asset-02
session-public-01211,,DM,camp-private,2026-09-10,asset-03
session-public-01212,,Organic,organic,2026-09-02,asset-04
session-public-01213,,Instagram,camp-studio,2026-01-09,asset-01
session-public-01214,,Paid Social,camp-move,2026-07-22,asset-02
session-public-01215,,DM,camp-private,2026-02-24,asset-03
session-public-01216,,Organic,organic,2026-03-25,
session-public-01217,,Instagram,camp-studio,2026-05-17,asset-01
session-public-01218,,Paid Social,camp-move,2025-10-19,asset-02
session-public-01219,,DM,camp-private,2026-08-19,asset-03
session-public-01220,,Organic,organic,2026-08-08,asset-04
session-public-01221,,Instagram,camp-studio,2026-01-17,asset-01
session-public-01222,,Paid Social,camp-move,2026-07-09,asset-02
session-public-01223,,DM,camp-private,2026-01-29,asset-03
session-public-01224,,Organic,organic,2026-01-11,asset-04
session-public-01225,,Instagram,camp-studio,2026-06-10,
session-public-01226,,Paid Social,camp-move,2025-10-04,asset-02
session-public-01227,,DM,camp-private,2026-02-27,asset-03
session-public-01228,,Organic,organic,2025-09-28,asset-04
session-public-01229,,Instagram,camp-studio,2026-01-10,asset-01
session-public-01230,,Paid Social,camp-move,2025-12-23,asset-02
session-public-01231,,DM,camp-private,2026-03-11,asset-03
session-public-01232,,Organic,organic,2026-01-05,asset-04
session-public-01233,,Instagram,camp-studio,2026-06-04,asset-01
session-public-01234,,Paid Social,camp-move,2026-04-08,
session-public-01235,,DM,camp-private,2026-03-08,asset-03
session-public-01236,,Organic,organic,2026-05-14,asset-04
session-public-01237,,Instagram,camp-studio,2026-04-10,asset-01
session-public-01238,,Paid Social,camp-move,2026-07-27,asset-02
session-public-01239,,DM,camp-private,2025-12-15,asset-03
session-public-01240,,Organic,organic,2026-05-31,asset-04
session-public-01241,,Instagram,camp-studio,2026-05-25,asset-01
session-public-01242,,Paid Social,camp-move,2026-07-06,asset-02
session-public-01243,,DM,camp-private,2026-07-24,
session-public-01244,,Organic,organic,2026-02-15,asset-04
session-public-01245,,Instagram,camp-studio,2026-08-29,asset-01
session-public-01246,,Paid Social,camp-move,2026-01-27,asset-02
session-public-01247,,DM,camp-private,2025-10-31,asset-03
session-public-01248,,Organic,organic,2026-08-03,asset-04
session-public-01249,,Instagram,camp-studio,2025-11-15,asset-01
session-public-01250,,Paid Social,camp-move,2025-09-22,asset-02
session-public-01251,,DM,camp-private,2025-10-07,asset-03
session-public-01252,,Organic,organic,2026-08-05,
session-public-01253,,Instagram,camp-studio,2025-10-17,asset-01
session-public-01254,,Paid Social,camp-move,2025-09-27,asset-02
session-public-01255,,DM,camp-private,2026-02-09,asset-03
session-public-01256,,Organic,organic,2025-09-22,asset-04
session-public-01257,,Instagram,camp-studio,2026-02-24,asset-01
session-public-01258,,Paid Social,camp-move,2026-05-07,asset-02
session-public-01259,,DM,camp-private,2026-04-05,asset-03
session-public-01260,,Organic,organic,2026-07-09,asset-04
session-public-01261,,Instagram,camp-studio,2025-12-12,
session-public-01262,,Paid Social,camp-move,2025-11-10,asset-02
session-public-01263,,DM,camp-private,2025-10-19,asset-03
session-public-01264,,Organic,organic,2026-03-29,asset-04
session-public-01265,,Instagram,camp-studio,2026-01-10,asset-01
session-public-01266,,Paid Social,camp-move,2026-08-18,asset-02
session-public-01267,,DM,camp-private,2025-12-28,asset-03
session-public-01268,,Organic,organic,2026-04-26,asset-04
session-public-01269,,Instagram,camp-studio,2026-03-31,asset-01
session-public-01270,,Paid Social,camp-move,2025-10-30,
session-public-01271,,DM,camp-private,2026-02-12,asset-03
session-public-01272,,Organic,organic,2026-04-23,asset-04
session-public-01273,,Instagram,camp-studio,2026-08-22,asset-01
session-public-01274,,Paid Social,camp-move,2025-10-03,asset-02
session-public-01275,,DM,camp-private,2026-02-21,asset-03
session-public-01276,,Organic,organic,2025-10-09,asset-04
session-public-01277,,Instagram,camp-studio,2025-11-22,asset-01
session-public-01278,,Paid Social,camp-move,2026-02-23,asset-02
session-public-01279,,DM,camp-private,2025-12-03,
session-public-01280,,Organic,organic,2026-02-03,asset-04
session-public-01281,,Instagram,camp-studio,2026-05-13,asset-01
session-public-01282,,Paid Social,camp-move,2026-01-04,asset-02
session-public-01283,,DM,camp-private,2025-11-22,asset-03
session-public-01284,,Organic,organic,2026-08-13,asset-04
session-public-01285,,Instagram,camp-studio,2026-09-06,asset-01
session-public-01286,,Paid Social,camp-move,2025-10-07,asset-02
session-public-01287,,DM,camp-private,2026-05-23,asset-03
session-public-01288,,Organic,organic,2025-12-20,
session-public-01289,,Instagram,camp-studio,2025-09-29,asset-01
session-public-01290,,Paid Social,camp-move,2025-11-18,asset-02
session-public-01291,,DM,camp-private,2025-11-05,asset-03
session-public-01292,,Organic,organic,2026-01-20,asset-04
session-public-01293,,Instagram,camp-studio,2026-05-13,asset-01
session-public-01294,,Paid Social,camp-move,2026-07-15,asset-02
session-public-01295,,DM,camp-private,2026-09-12,asset-03
session-public-01296,,Organic,organic,2026-07-04,asset-04
session-public-01297,,Instagram,camp-studio,2026-02-08,
session-public-01298,,Paid Social,camp-move,2026-02-07,asset-02
session-public-01299,,DM,camp-private,2025-10-03,asset-03
session-public-01300,,Organic,organic,2026-09-16,asset-04
session-public-01301,,Instagram,camp-studio,2026-07-07,asset-01
session-public-01302,,Paid Social,camp-move,2026-05-25,asset-02
session-public-01303,,DM,camp-private,2025-10-24,asset-03
session-public-01304,,Organic,organic,2026-09-11,asset-04
session-public-01305,,Instagram,camp-studio,2025-12-09,asset-01
session-public-01306,,Paid Social,camp-move,2026-01-10,
session-public-01307,,DM,camp-private,2025-10-25,asset-03
session-public-01308,,Organic,organic,2026-04-13,asset-04
session-public-01309,,Instagram,camp-studio,2026-09-04,asset-01
session-public-01310,,Paid Social,camp-move,2026-04-03,asset-02
session-public-01311,,DM,camp-private,2025-10-07,asset-03
session-public-01312,,Organic,organic,2025-10-11,asset-04
session-public-01313,,Instagram,camp-studio,2026-06-03,asset-01
session-public-01314,,Paid Social,camp-move,2026-05-01,asset-02
session-public-01315,,DM,camp-private,2026-05-18,
session-public-01316,,Organic,organic,2026-04-21,asset-04
session-public-01317,,Instagram,camp-studio,2025-12-20,asset-01
session-public-01318,,Paid Social,camp-move,2025-09-28,asset-02
session-public-01319,,DM,camp-private,2026-07-14,asset-03
session-public-01320,,Organic,organic,2025-10-14,asset-04
session-public-01321,,Instagram,camp-studio,2026-08-24,asset-01
session-public-01322,,Paid Social,camp-move,2025-10-24,asset-02
session-public-01323,,DM,camp-private,2026-02-12,asset-03
session-public-01324,,Organic,organic,2026-09-20,
session-public-01325,,Instagram,camp-studio,2026-02-13,asset-01
session-public-01326,,Paid Social,camp-move,2026-05-25,asset-02
session-public-01327,,DM,camp-private,2026-01-03,asset-03
session-public-01328,,Organic,organic,2026-02-05,asset-04
session-public-01329,,Instagram,camp-studio,2025-10-04,asset-01
session-public-01330,,Paid Social,camp-move,2026-08-31,asset-02
session-public-01331,,DM,camp-private,2026-02-08,asset-03
session-public-01332,,Organic,organic,2025-12-27,asset-04
session-public-01333,,Instagram,camp-studio,2026-01-20,
session-public-01334,,Paid Social,camp-move,2026-09-10,asset-02
session-public-01335,,DM,camp-private,2026-05-09,asset-03
session-public-01336,,Organic,organic,2025-09-22,asset-04
session-public-01337,,Instagram,camp-studio,2026-08-20,asset-01
session-public-01338,,Paid Social,camp-move,2025-10-14,asset-02
session-public-01339,,DM,camp-private,2026-07-07,asset-03
session-public-01340,,Organic,organic,2026-05-02,asset-04
session-public-01341,,Instagram,camp-studio,2026-07-05,asset-01
session-public-01342,,Paid Social,camp-move,2026-09-16,
session-public-01343,,DM,camp-private,2026-05-30,asset-03
session-public-01344,,Organic,organic,2026-01-18,asset-04
session-public-01345,,Instagram,camp-studio,2025-10-16,asset-01
session-public-01346,,Paid Social,camp-move,2026-02-15,asset-02
session-public-01347,,DM,camp-private,2026-03-27,asset-03
session-public-01348,,Organic,organic,2025-11-06,asset-04
session-public-01349,,Instagram,camp-studio,2026-07-25,asset-01
session-public-01350,,Paid Social,camp-move,2026-03-29,asset-02
session-public-01351,,DM,camp-private,2026-05-13,
session-public-01352,,Organic,organic,2026-05-21,asset-04
session-public-01353,,Instagram,camp-studio,2026-06-27,asset-01
session-public-01354,,Paid Social,camp-move,2025-12-14,asset-02
session-public-01355,,DM,camp-private,2026-04-01,asset-03
session-public-01356,,Organic,organic,2026-08-25,asset-04
session-public-01357,,Instagram,camp-studio,2026-03-31,asset-01
session-public-01358,,Paid Social,camp-move,2026-07-01,asset-02
session-public-01359,,DM,camp-private,2026-06-25,asset-03
session-public-01360,,Organic,organic,2025-12-05,
session-public-01361,,Instagram,camp-studio,2026-03-05,asset-01
session-public-01362,,Paid Social,camp-move,2026-08-15,asset-02
session-public-01363,,DM,camp-private,2026-03-18,asset-03
session-public-01364,,Organic,organic,2026-04-18,asset-04
session-public-01365,,Instagram,camp-studio,2025-12-20,asset-01
session-public-01366,,Paid Social,camp-move,2026-07-16,asset-02
session-public-01367,,DM,camp-private,2026-04-15,asset-03
session-public-01368,,Organic,organic,2026-03-31,asset-04
session-public-01369,,Instagram,camp-studio,2026-05-19,
session-public-01370,,Paid Social,camp-move,2026-03-18,asset-02
session-public-01371,,DM,camp-private,2026-02-18,asset-03
session-public-01372,,Organic,organic,2025-12-06,asset-04
session-public-01373,,Instagram,camp-studio,2026-09-01,asset-01
session-public-01374,,Paid Social,camp-move,2026-06-02,asset-02
session-public-01375,,DM,camp-private,2026-09-02,asset-03
session-public-01376,,Organic,organic,2026-06-26,asset-04
session-public-01377,,Instagram,camp-studio,2026-04-18,asset-01
session-public-01378,,Paid Social,camp-move,2026-03-25,
session-public-01379,,DM,camp-private,2026-05-01,asset-03
session-public-01380,,Organic,organic,2025-11-05,asset-04
session-public-01381,,Instagram,camp-studio,2026-07-27,asset-01
session-public-01382,,Paid Social,camp-move,2026-01-29,asset-02
session-public-01383,,DM,camp-private,2025-12-01,asset-03
session-public-01384,,Organic,organic,2026-03-11,asset-04
session-public-01385,,Instagram,camp-studio,2026-03-24,asset-01
session-public-01386,,Paid Social,camp-move,2026-08-18,asset-02
session-public-01387,,DM,camp-private,2026-05-18,
session-public-01388,,Organic,organic,2026-05-10,asset-04
session-public-01389,,Instagram,camp-studio,2026-06-25,asset-01
session-public-01390,,Paid Social,camp-move,2026-09-05,asset-02
session-public-01391,,DM,camp-private,2025-12-15,asset-03
session-public-01392,,Organic,organic,2025-10-13,asset-04
session-public-01393,,Instagram,camp-studio,2026-03-16,asset-01
session-public-01394,,Paid Social,camp-move,2026-06-08,asset-02
session-public-01395,,DM,camp-private,2026-08-08,asset-03
session-public-01396,,Organic,organic,2025-12-05,
session-public-01397,,Instagram,camp-studio,2026-07-25,asset-01
session-public-01398,,Paid Social,camp-move,2026-03-15,asset-02
session-public-01399,,DM,camp-private,2026-06-25,asset-03
session-public-01400,,Organic,organic,2026-08-11,asset-04
session-public-01401,,Instagram,camp-studio,2025-12-12,asset-01
session-public-01402,,Paid Social,camp-move,2026-07-12,asset-02
session-public-01403,,DM,camp-private,2025-12-02,asset-03
session-public-01404,,Organic,organic,2026-01-05,asset-04
session-public-01405,,Instagram,camp-studio,2026-09-11,
session-public-01406,,Paid Social,camp-move,2026-04-12,asset-02
session-public-01407,,DM,camp-private,2025-11-02,asset-03
session-public-01408,,Organic,organic,2026-04-24,asset-04
session-public-01409,,Instagram,camp-studio,2025-11-18,asset-01
session-public-01410,,Paid Social,camp-move,2026-06-05,asset-02
session-public-01411,,DM,camp-private,2026-06-27,asset-03
session-public-01412,,Organic,organic,2025-10-13,asset-04
session-public-01413,,Instagram,camp-studio,2026-06-15,asset-01
session-public-01414,,Paid Social,camp-move,2025-11-14,
session-public-01415,,DM,camp-private,2026-07-13,asset-03
session-public-01416,,Organic,organic,2025-09-24,asset-04
session-public-01417,,Instagram,camp-studio,2026-01-30,asset-01
session-public-01418,,Paid Social,camp-move,2026-06-30,asset-02
session-public-01419,,DM,camp-private,2026-08-28,asset-03
session-public-01420,,Organic,organic,2025-12-15,asset-04
session-public-01421,,Instagram,camp-studio,2026-01-16,asset-01
session-public-01422,,Paid Social,camp-move,2026-09-07,asset-02
session-public-01423,,DM,camp-private,2026-09-20,
session-public-01424,,Organic,organic,2026-03-12,asset-04
session-public-01425,,Instagram,camp-studio,2026-05-30,asset-01
session-public-01426,,Paid Social,camp-move,2025-11-20,asset-02
session-public-01427,,DM,camp-private,2026-03-07,asset-03
session-public-01428,,Organic,organic,2026-04-01,asset-04
session-public-01429,,Instagram,camp-studio,2026-06-29,asset-01
session-public-01430,,Paid Social,camp-move,2026-04-12,asset-02
session-public-01431,,DM,camp-private,2026-06-16,asset-03
session-public-01432,,Organic,organic,2026-08-24,
session-public-01433,,Instagram,camp-studio,2026-04-11,asset-01
session-public-01434,,Paid Social,camp-move,2026-01-12,asset-02
session-public-01435,,DM,camp-private,2026-07-14,asset-03
session-public-01436,,Organic,organic,2026-03-20,asset-04
session-public-01437,,Instagram,camp-studio,2026-04-18,asset-01
session-public-01438,,Paid Social,camp-move,2026-09-09,asset-02
session-public-01439,,DM,camp-private,2025-11-15,asset-03
session-public-01440,,Organic,organic,2026-01-15,asset-04
session-public-01441,,Instagram,camp-studio,2026-08-15,
session-public-01442,,Paid Social,camp-move,2026-08-17,asset-02
session-public-01443,,DM,camp-private,2026-05-12,asset-03
session-public-01444,,Organic,organic,2025-12-10,asset-04
session-public-01445,,Instagram,camp-studio,2026-09-12,asset-01
session-public-01446,,Paid Social,camp-move,2025-12-27,asset-02
session-public-01447,,DM,camp-private,2025-09-22,asset-03
session-public-01448,,Organic,organic,2026-06-07,asset-04
session-public-01449,,Instagram,camp-studio,2025-11-16,asset-01
session-public-01450,,Paid Social,camp-move,2026-06-02,
session-public-01451,,DM,camp-private,2025-12-04,asset-03
session-public-01452,,Organic,organic,2025-10-28,asset-04
session-public-01453,,Instagram,camp-studio,2026-09-12,asset-01
session-public-01454,,Paid Social,camp-move,2026-02-25,asset-02
session-public-01455,,DM,camp-private,2026-01-23,asset-03
session-public-01456,,Organic,organic,2026-04-17,asset-04
session-public-01457,,Instagram,camp-studio,2026-02-24,asset-01
session-public-01458,,Paid Social,camp-move,2026-01-07,asset-02
session-public-01459,,DM,camp-private,2026-06-26,
session-public-01460,,Organic,organic,2026-08-14,asset-04
session-public-01461,,Instagram,camp-studio,2025-11-10,asset-01
session-public-01462,,Paid Social,camp-move,2025-12-28,asset-02
session-public-01463,,DM,camp-private,2025-10-04,asset-03
session-public-01464,,Organic,organic,2025-09-30,asset-04
session-public-01465,,Instagram,camp-studio,2025-10-07,asset-01
session-public-01466,,Paid Social,camp-move,2026-02-20,asset-02
session-public-01467,,DM,camp-private,2025-11-22,asset-03
session-public-01468,,Organic,organic,2026-01-06,
session-public-01469,,Instagram,camp-studio,2025-12-26,asset-01
session-public-01470,,Paid Social,camp-move,2026-09-05,asset-02
session-public-01471,,DM,camp-private,2025-10-28,asset-03
session-public-01472,,Organic,organic,2025-10-26,asset-04
session-public-01473,,Instagram,camp-studio,2026-01-29,asset-01
session-public-01474,,Paid Social,camp-move,2026-05-11,asset-02
session-public-01475,,DM,camp-private,2025-11-21,asset-03
session-public-01476,,Organic,organic,2026-04-26,asset-04
session-public-01477,,Instagram,camp-studio,2026-03-24,
session-public-01478,,Paid Social,camp-move,2026-08-26,asset-02
session-public-01479,,DM,camp-private,2026-04-16,asset-03
session-public-01480,,Organic,organic,2025-09-27,asset-04
session-public-01481,,Instagram,camp-studio,2026-09-14,asset-01
session-public-01482,,Paid Social,camp-move,2026-07-24,asset-02
session-public-01483,,DM,camp-private,2026-02-22,asset-03
session-public-01484,,Organic,organic,2026-03-16,asset-04
session-public-01485,,Instagram,camp-studio,2026-04-08,asset-01
session-public-01486,,Paid Social,camp-move,2026-04-01,
session-public-01487,,DM,camp-private,2026-01-06,asset-03
session-public-01488,,Organic,organic,2026-02-24,asset-04
session-public-01489,,Instagram,camp-studio,2026-04-29,asset-01
session-public-01490,,Paid Social,camp-move,2026-08-05,asset-02
session-public-01491,,DM,camp-private,2026-07-20,asset-03
session-public-01492,,Organic,organic,2026-05-24,asset-04
session-public-01493,,Instagram,camp-studio,2026-08-13,asset-01
session-public-01494,,Paid Social,camp-move,2026-08-02,asset-02
session-public-01495,,DM,camp-private,2026-07-22,
session-public-01496,,Organic,organic,2025-10-13,asset-04
session-public-01497,,Instagram,camp-studio,2026-09-04,asset-01
session-public-01498,,Paid Social,camp-move,2026-05-31,asset-02
session-public-01499,,DM,camp-private,2025-10-08,asset-03
session-public-01500,,Organic,organic,2026-06-04,asset-04
session-public-01501,,Instagram,camp-studio,2026-03-04,asset-01
session-public-01502,,Paid Social,camp-move,2026-03-20,asset-02
session-public-01503,,DM,camp-private,2025-10-07,asset-03
session-public-01504,,Organic,organic,2026-01-30,
session-public-01505,,Instagram,camp-studio,2026-09-15,asset-01
session-public-01506,,Paid Social,camp-move,2026-05-22,asset-02
session-public-01507,,DM,camp-private,2026-04-06,asset-03
session-public-01508,,Organic,organic,2026-06-24,asset-04
session-public-01509,,Instagram,camp-studio,2025-11-11,asset-01
session-public-01510,,Paid Social,camp-move,2026-04-26,asset-02
session-public-01511,,DM,camp-private,2026-09-09,asset-03
session-public-01512,,Organic,organic,2026-07-19,asset-04
session-public-01513,,Instagram,camp-studio,2026-08-05,
session-public-01514,,Paid Social,camp-move,2026-03-20,asset-02
session-public-01515,,DM,camp-private,2026-09-07,asset-03
session-public-01516,,Organic,organic,2026-05-31,asset-04
session-public-01517,,Instagram,camp-studio,2025-10-05,asset-01
session-public-01518,,Paid Social,camp-move,2026-04-04,asset-02
session-public-01519,,DM,camp-private,2025-10-11,asset-03
session-public-01520,,Organic,organic,2026-05-29,asset-04
session-public-01521,,Instagram,camp-studio,2025-11-05,asset-01
session-public-01522,,Paid Social,camp-move,2026-05-23,
session-public-01523,,DM,camp-private,2026-01-29,asset-03
session-public-01524,,Organic,organic,2026-06-27,asset-04
session-public-01525,,Instagram,camp-studio,2025-11-08,asset-01
session-public-01526,,Paid Social,camp-move,2025-11-03,asset-02
session-public-01527,,DM,camp-private,2026-01-25,asset-03
session-public-01528,,Organic,organic,2026-08-11,asset-04
session-public-01529,,Instagram,camp-studio,2025-11-09,asset-01
session-public-01530,,Paid Social,camp-move,2026-05-12,asset-02
session-public-01531,,DM,camp-private,2026-04-04,
session-public-01532,,Organic,organic,2026-03-13,asset-04
session-public-01533,,Instagram,camp-studio,2026-01-23,asset-01
session-public-01534,,Paid Social,camp-move,2026-07-28,asset-02
session-public-01535,,DM,camp-private,2026-05-20,asset-03
session-public-01536,,Organic,organic,2025-10-09,asset-04
session-public-01537,,Instagram,camp-studio,2026-03-06,asset-01
session-public-01538,,Paid Social,camp-move,2026-02-27,asset-02
session-public-01539,,DM,camp-private,2026-07-01,asset-03
session-public-01540,,Organic,organic,2026-09-17,
session-public-01541,,Instagram,camp-studio,2026-05-11,asset-01
session-public-01542,,Paid Social,camp-move,2026-01-10,asset-02
session-public-01543,,DM,camp-private,2026-08-02,asset-03
session-public-01544,,Organic,organic,2026-04-20,asset-04
session-public-01545,,Instagram,camp-studio,2025-11-09,asset-01
session-public-01546,,Paid Social,camp-move,2025-09-27,asset-02
session-public-01547,,DM,camp-private,2026-09-07,asset-03
session-public-01548,,Organic,organic,2025-11-26,asset-04
session-public-01549,,Instagram,camp-studio,2026-07-22,
session-public-01550,,Paid Social,camp-move,2026-09-02,asset-02
session-public-01551,,DM,camp-private,2025-10-06,asset-03
session-public-01552,,Organic,organic,2026-06-08,asset-04
session-public-01553,,Instagram,camp-studio,2026-05-07,asset-01
session-public-01554,,Paid Social,camp-move,2025-10-27,asset-02
session-public-01555,,DM,camp-private,2026-06-06,asset-03
session-public-01556,,Organic,organic,2025-12-23,asset-04
session-public-01557,,Instagram,camp-studio,2026-05-17,asset-01
session-public-01558,,Paid Social,camp-move,2026-02-09,
session-public-01559,,DM,camp-private,2026-09-13,asset-03
session-public-01560,,Organic,organic,2026-07-08,asset-04
session-public-01561,,Instagram,camp-studio,2026-04-08,asset-01
session-public-01562,,Paid Social,camp-move,2026-06-23,asset-02
session-public-01563,,DM,camp-private,2026-08-22,asset-03
session-public-01564,,Organic,organic,2025-10-16,asset-04
session-public-01565,,Instagram,camp-studio,2026-01-29,asset-01
session-public-01566,,Paid Social,camp-move,2026-07-18,asset-02
session-public-01567,,DM,camp-private,2025-11-21,
session-public-01568,,Organic,organic,2026-09-14,asset-04
session-public-01569,,Instagram,camp-studio,2026-06-13,asset-01
session-public-01570,,Paid Social,camp-move,2026-05-31,asset-02
session-public-01571,,DM,camp-private,2025-12-20,asset-03
session-public-01572,,Organic,organic,2026-05-11,asset-04
session-public-01573,,Instagram,camp-studio,2026-02-19,asset-01
session-public-01574,,Paid Social,camp-move,2025-12-14,asset-02
session-public-01575,,DM,camp-private,2025-10-12,asset-03
session-public-01576,,Organic,organic,2026-02-17,
session-public-01577,,Instagram,camp-studio,2026-07-26,asset-01
session-public-01578,,Paid Social,camp-move,2026-03-10,asset-02
session-public-01579,,DM,camp-private,2026-04-28,asset-03
session-public-01580,,Organic,organic,2025-11-17,asset-04
session-public-01581,,Instagram,camp-studio,2026-09-08,asset-01
session-public-01582,,Paid Social,camp-move,2025-12-10,asset-02
session-public-01583,,DM,camp-private,2025-10-31,asset-03
session-public-01584,,Organic,organic,2026-01-01,asset-04
session-public-01585,,Instagram,camp-studio,2026-05-26,
session-public-01586,,Paid Social,camp-move,2026-05-28,asset-02
session-public-01587,,DM,camp-private,2026-01-27,asset-03
session-public-01588,,Organic,organic,2025-09-24,asset-04
session-public-01589,,Instagram,camp-studio,2026-04-08,asset-01
session-public-01590,,Paid Social,camp-move,2026-08-22,asset-02
session-public-01591,,DM,camp-private,2025-12-21,asset-03
session-public-01592,,Organic,organic,2026-04-02,asset-04
session-public-01593,,Instagram,camp-studio,2025-10-14,asset-01
session-public-01594,,Paid Social,camp-move,2026-02-23,
session-public-01595,,DM,camp-private,2025-12-24,asset-03
session-public-01596,,Organic,organic,2026-01-14,asset-04
session-public-01597,,Instagram,camp-studio,2026-03-15,asset-01
session-public-01598,,Paid Social,camp-move,2026-09-06,asset-02
session-public-01599,,DM,camp-private,2026-07-17,asset-03
session-public-01600,,Organic,organic,2026-06-01,asset-04
session-public-01601,,Instagram,camp-studio,2026-01-17,asset-01
session-public-01602,,Paid Social,camp-move,2026-05-07,asset-02
session-public-01603,,DM,camp-private,2026-09-15,
session-public-01604,,Organic,organic,2025-11-20,asset-04
session-public-01605,,Instagram,camp-studio,2025-11-12,asset-01
session-public-01606,,Paid Social,camp-move,2025-12-15,asset-02
session-public-01607,,DM,camp-private,2025-12-02,asset-03
session-public-01608,,Organic,organic,2025-11-28,asset-04
session-public-01609,,Instagram,camp-studio,2026-07-28,asset-01
session-public-01610,,Paid Social,camp-move,2026-07-07,asset-02
session-public-01611,,DM,camp-private,2025-10-04,asset-03
session-public-01612,,Organic,organic,2026-05-04,
session-public-01613,,Instagram,camp-studio,2026-06-03,asset-01
session-public-01614,,Paid Social,camp-move,2026-03-28,asset-02
session-public-01615,,DM,camp-private,2026-09-14,asset-03
session-public-01616,,Organic,organic,2026-04-30,asset-04
session-public-01617,,Instagram,camp-studio,2025-10-02,asset-01
session-public-01618,,Paid Social,camp-move,2026-09-19,asset-02
session-public-01619,,DM,camp-private,2026-06-17,asset-03
session-public-01620,,Organic,organic,2026-09-12,asset-04
session-public-01621,,Instagram,camp-studio,2026-03-29,
session-public-01622,,Paid Social,camp-move,2026-08-13,asset-02
session-public-01623,,DM,camp-private,2026-06-27,asset-03
session-public-01624,,Organic,organic,2025-11-15,asset-04
session-public-01625,,Instagram,camp-studio,2026-04-24,asset-01
session-public-01626,,Paid Social,camp-move,2026-05-22,asset-02
session-public-01627,,DM,camp-private,2025-10-09,asset-03
session-public-01628,,Organic,organic,2026-02-11,asset-04
session-public-01629,,Instagram,camp-studio,2026-05-03,asset-01
session-public-01630,,Paid Social,camp-move,2026-07-04,
session-public-01631,,DM,camp-private,2026-09-16,asset-03
session-public-01632,,Organic,organic,2026-04-26,asset-04
session-public-01633,,Instagram,camp-studio,2025-10-26,asset-01
session-public-01634,,Paid Social,camp-move,2025-10-25,asset-02
session-public-01635,,DM,camp-private,2025-11-05,asset-03
session-public-01636,,Organic,organic,2026-02-03,asset-04
session-public-01637,,Instagram,camp-studio,2026-08-28,asset-01
session-public-01638,,Paid Social,camp-move,2026-03-24,asset-02
session-public-01639,,DM,camp-private,2026-05-23,
session-public-01640,,Organic,organic,2026-04-15,asset-04
session-public-01641,,Instagram,camp-studio,2026-06-08,asset-01
session-public-01642,,Paid Social,camp-move,2026-01-24,asset-02
session-public-01643,,DM,camp-private,2025-12-01,asset-03
session-public-01644,,Organic,organic,2025-11-22,asset-04
session-public-01645,,Instagram,camp-studio,2025-10-04,asset-01
session-public-01646,,Paid Social,camp-move,2025-12-13,asset-02
session-public-01647,,DM,camp-private,2025-11-05,asset-03
session-public-01648,,Organic,organic,2026-07-11,
session-public-01649,,Instagram,camp-studio,2025-12-26,asset-01
session-public-01650,,Paid Social,camp-move,2026-08-28,asset-02
session-public-01651,,DM,camp-private,2025-12-31,asset-03
session-public-01652,,Organic,organic,2026-05-08,asset-04
session-public-01653,,Instagram,camp-studio,2026-08-25,asset-01
session-public-01654,,Paid Social,camp-move,2026-06-28,asset-02
session-public-01655,,DM,camp-private,2026-04-01,asset-03
session-public-01656,,Organic,organic,2026-07-04,asset-04
session-public-01657,,Instagram,camp-studio,2026-02-03,
session-public-01658,,Paid Social,camp-move,2026-05-24,asset-02
session-public-01659,,DM,camp-private,2025-10-26,asset-03
session-public-01660,,Organic,organic,2026-08-24,asset-04
session-public-01661,,Instagram,camp-studio,2025-12-25,asset-01
session-public-01662,,Paid Social,camp-move,2026-07-17,asset-02
session-public-01663,,DM,camp-private,2026-04-21,asset-03
session-public-01664,,Organic,organic,2025-11-20,asset-04
session-public-01665,,Instagram,camp-studio,2026-07-05,asset-01
session-public-01666,,Paid Social,camp-move,2025-10-12,
session-public-01667,,DM,camp-private,2026-01-18,asset-03
session-public-01668,,Organic,organic,2026-01-03,asset-04
session-public-01669,,Instagram,camp-studio,2025-12-06,asset-01
session-public-01670,,Paid Social,camp-move,2026-02-22,asset-02
session-public-01671,,DM,camp-private,2025-11-29,asset-03
session-public-01672,,Organic,organic,2026-09-16,asset-04
session-public-01673,,Instagram,camp-studio,2026-04-10,asset-01
session-public-01674,,Paid Social,camp-move,2025-09-27,asset-02
session-public-01675,,DM,camp-private,2026-03-31,
session-public-01676,,Organic,organic,2025-10-22,asset-04
session-public-01677,,Instagram,camp-studio,2026-06-10,asset-01
session-public-01678,,Paid Social,camp-move,2025-09-28,asset-02
session-public-01679,,DM,camp-private,2025-11-18,asset-03
session-public-01680,,Organic,organic,2026-06-17,asset-04
session-public-01681,,Instagram,camp-studio,2026-08-28,asset-01
session-public-01682,,Paid Social,camp-move,2026-02-05,asset-02
session-public-01683,,DM,camp-private,2026-07-18,asset-03
session-public-01684,,Organic,organic,2026-06-20,
session-public-01685,,Instagram,camp-studio,2025-09-26,asset-01
session-public-01686,,Paid Social,camp-move,2026-02-24,asset-02
session-public-01687,,DM,camp-private,2025-12-01,asset-03
session-public-01688,,Organic,organic,2026-03-04,asset-04
session-public-01689,,Instagram,camp-studio,2026-01-24,asset-01
session-public-01690,,Paid Social,camp-move,2026-05-25,asset-02
session-public-01691,,DM,camp-private,2026-01-09,asset-03
session-public-01692,,Organic,organic,2025-12-27,asset-04
session-public-01693,,Instagram,camp-studio,2026-08-27,
session-public-01694,,Paid Social,camp-move,2026-05-23,asset-02
session-public-01695,,DM,camp-private,2026-05-24,asset-03
session-public-01696,,Organic,organic,2026-05-25,asset-04
session-public-01697,,Instagram,camp-studio,2026-01-09,asset-01
session-public-01698,,Paid Social,camp-move,2025-11-11,asset-02
session-public-01699,,DM,camp-private,2025-12-19,asset-03
session-public-01700,,Organic,organic,2026-04-08,asset-04
session-public-01701,,Instagram,camp-studio,2026-07-02,asset-01
session-public-01702,,Paid Social,camp-move,2026-08-12,
session-public-01703,,DM,camp-private,2026-08-09,asset-03
session-public-01704,,Organic,organic,2026-06-26,asset-04
session-public-01705,,Instagram,camp-studio,2025-10-28,asset-01
session-public-01706,,Paid Social,camp-move,2025-12-05,asset-02
session-public-01707,,DM,camp-private,2026-08-29,asset-03
session-public-01708,,Organic,organic,2025-11-26,asset-04
session-public-01709,,Instagram,camp-studio,2026-06-10,asset-01
session-public-01710,,Paid Social,camp-move,2025-12-05,asset-02
session-public-01711,,DM,camp-private,2025-10-26,
session-public-01712,,Organic,organic,2026-05-24,asset-04
session-public-01713,,Instagram,camp-studio,2026-06-11,asset-01
session-public-01714,,Paid Social,camp-move,2025-10-29,asset-02
session-public-01715,,DM,camp-private,2026-07-08,asset-03
session-public-01716,,Organic,organic,2025-12-15,asset-04
session-public-01717,,Instagram,camp-studio,2026-01-26,asset-01
session-public-01718,,Paid Social,camp-move,2026-08-08,asset-02
session-public-01719,,DM,camp-private,2026-04-21,asset-03
session-public-01720,,Organic,organic,2026-08-08,
session-public-01721,,Instagram,camp-studio,2026-03-26,asset-01
session-public-01722,,Paid Social,camp-move,2026-01-15,asset-02
session-public-01723,,DM,camp-private,2026-02-03,asset-03
session-public-01724,,Organic,organic,2026-04-18,asset-04
session-public-01725,,Instagram,camp-studio,2025-10-22,asset-01
session-public-01726,,Paid Social,camp-move,2026-05-01,asset-02
session-public-01727,,DM,camp-private,2025-10-13,asset-03
session-public-01728,,Organic,organic,2026-03-05,asset-04
session-public-01729,,Instagram,camp-studio,2026-04-12,
session-public-01730,,Paid Social,camp-move,2025-10-06,asset-02
session-public-01731,,DM,camp-private,2025-12-29,asset-03
session-public-01732,,Organic,organic,2026-08-31,asset-04
session-public-01733,,Instagram,camp-studio,2026-04-01,asset-01
session-public-01734,,Paid Social,camp-move,2026-04-10,asset-02
session-public-01735,,DM,camp-private,2026-05-10,asset-03
session-public-01736,,Organic,organic,2026-07-29,asset-04
session-public-01737,,Instagram,camp-studio,2026-01-15,asset-01
session-public-01738,,Paid Social,camp-move,2025-11-26,
session-public-01739,,DM,camp-private,2026-05-25,asset-03
session-public-01740,,Organic,organic,2026-08-02,asset-04
session-public-01741,,Instagram,camp-studio,2026-06-09,asset-01
session-public-01742,,Paid Social,camp-move,2026-04-18,asset-02
session-public-01743,,DM,camp-private,2026-08-18,asset-03
session-public-01744,,Organic,organic,2026-08-13,asset-04
session-public-01745,,Instagram,camp-studio,2025-12-11,asset-01
session-public-01746,,Paid Social,camp-move,2026-01-23,asset-02
session-public-01747,,DM,camp-private,2026-07-25,
session-public-01748,,Organic,organic,2026-06-15,asset-04
session-public-01749,,Instagram,camp-studio,2026-02-16,asset-01
session-public-01750,,Paid Social,camp-move,2026-06-03,asset-02
session-public-01751,,DM,camp-private,2025-10-30,asset-03
session-public-01752,,Organic,organic,2026-05-01,asset-04
session-public-01753,,Instagram,camp-studio,2026-07-26,asset-01
session-public-01754,,Paid Social,camp-move,2025-10-07,asset-02
session-public-01755,,DM,camp-private,2026-04-23,asset-03
session-public-01756,,Organic,organic,2025-10-25,
session-public-01757,,Instagram,camp-studio,2026-07-06,asset-01
session-public-01758,,Paid Social,camp-move,2025-11-04,asset-02
session-public-01759,,DM,camp-private,2026-09-17,asset-03
session-public-01760,,Organic,organic,2025-12-05,asset-04
session-public-01761,,Instagram,camp-studio,2026-08-16,asset-01
session-public-01762,,Paid Social,camp-move,2025-10-12,asset-02
session-public-01763,,DM,camp-private,2026-03-30,asset-03
session-public-01764,,Organic,organic,2026-02-11,asset-04
session-public-01765,,Instagram,camp-studio,2026-04-11,
session-public-01766,,Paid Social,camp-move,2026-02-12,asset-02
session-public-01767,,DM,camp-private,2026-05-17,asset-03
session-public-01768,,Organic,organic,2026-08-20,asset-04
session-public-01769,,Instagram,camp-studio,2026-03-15,asset-01
session-public-01770,,Paid Social,camp-move,2026-02-24,asset-02
session-public-01771,,DM,camp-private,2026-06-23,asset-03
session-public-01772,,Organic,organic,2026-07-28,asset-04
session-public-01773,,Instagram,camp-studio,2026-03-08,asset-01
session-public-01774,,Paid Social,camp-move,2026-02-26,
session-public-01775,,DM,camp-private,2026-05-20,asset-03
session-public-01776,,Organic,organic,2026-06-10,asset-04
session-public-01777,,Instagram,camp-studio,2026-05-29,asset-01
session-public-01778,,Paid Social,camp-move,2026-04-07,asset-02
session-public-01779,,DM,camp-private,2026-09-09,asset-03
session-public-01780,,Organic,organic,2026-07-20,asset-04
session-public-01781,,Instagram,camp-studio,2026-09-12,asset-01
session-public-01782,,Paid Social,camp-move,2026-07-05,asset-02
session-public-01783,,DM,camp-private,2026-09-06,
session-public-01784,,Organic,organic,2026-07-28,asset-04
session-public-01785,,Instagram,camp-studio,2026-07-25,asset-01
session-public-01786,,Paid Social,camp-move,2026-08-26,asset-02
session-public-01787,,DM,camp-private,2026-07-12,asset-03
session-public-01788,,Organic,organic,2025-12-01,asset-04
session-public-01789,,Instagram,camp-studio,2026-05-20,asset-01
session-public-01790,,Paid Social,camp-move,2026-03-13,asset-02
session-public-01791,,DM,camp-private,2025-11-07,asset-03
session-public-01792,,Organic,organic,2026-09-11,
session-public-01793,,Instagram,camp-studio,2026-05-30,asset-01
session-public-01794,,Paid Social,camp-move,2026-03-16,asset-02
session-public-01795,,DM,camp-private,2026-06-21,asset-03
session-public-01796,,Organic,organic,2026-06-13,asset-04
session-public-01797,,Instagram,camp-studio,2026-08-03,asset-01
session-public-01798,,Paid Social,camp-move,2026-08-11,asset-02
session-public-01799,,DM,camp-private,2025-10-24,asset-03
session-public-01800,,Organic,organic,2026-01-28,asset-04
session-public-01801,,Instagram,camp-studio,2026-08-10,
session-public-01802,,Paid Social,camp-move,2026-02-06,asset-02
session-public-01803,,DM,camp-private,2026-02-07,asset-03
session-public-01804,,Organic,organic,2026-02-16,asset-04
session-public-01805,,Instagram,camp-studio,2026-07-23,asset-01
session-public-01806,,Paid Social,camp-move,2026-06-11,asset-02
session-public-01807,,DM,camp-private,2026-01-16,asset-03
session-public-01808,,Organic,organic,2026-03-01,asset-04
session-public-01809,,Instagram,camp-studio,2026-03-06,asset-01
session-public-01810,,Paid Social,camp-move,2026-01-22,
session-public-01811,,DM,camp-private,2026-07-08,asset-03
session-public-01812,,Organic,organic,2025-12-28,asset-04
session-public-01813,,Instagram,camp-studio,2026-03-19,asset-01
session-public-01814,,Paid Social,camp-move,2026-02-25,asset-02
session-public-01815,,DM,camp-private,2025-12-29,asset-03
session-public-01816,,Organic,organic,2026-03-12,asset-04
session-public-01817,,Instagram,camp-studio,2026-06-14,asset-01
session-public-01818,,Paid Social,camp-move,2026-09-03,asset-02
session-public-01819,,DM,camp-private,2026-04-20,
session-public-01820,,Organic,organic,2026-02-11,asset-04
session-public-01821,,Instagram,camp-studio,2026-02-04,asset-01
session-public-01822,,Paid Social,camp-move,2026-07-25,asset-02
session-public-01823,,DM,camp-private,2026-04-27,asset-03
session-public-01824,,Organic,organic,2026-08-30,asset-04
session-public-01825,,Instagram,camp-studio,2026-08-25,asset-01
session-public-01826,,Paid Social,camp-move,2025-12-27,asset-02
session-public-01827,,DM,camp-private,2026-08-01,asset-03
session-public-01828,,Organic,organic,2025-12-02,
session-public-01829,,Instagram,camp-studio,2026-09-09,asset-01
session-public-01830,,Paid Social,camp-move,2026-02-20,asset-02
session-public-01831,,DM,camp-private,2025-12-28,asset-03
session-public-01832,,Organic,organic,2026-09-08,asset-04
session-public-01833,,Instagram,camp-studio,2026-09-08,asset-01
session-public-01834,,Paid Social,camp-move,2026-03-26,asset-02
session-public-01835,,DM,camp-private,2026-09-21,asset-03
session-public-01836,,Organic,organic,2026-06-26,asset-04
session-public-01837,,Instagram,camp-studio,2026-07-02,
session-public-01838,,Paid Social,camp-move,2026-03-05,asset-02
session-public-01839,,DM,camp-private,2026-01-04,asset-03
session-public-01840,,Organic,organic,2026-05-16,asset-04
session-public-01841,,Instagram,camp-studio,2026-07-16,asset-01
session-public-01842,,Paid Social,camp-move,2026-06-15,asset-02
session-public-01843,,DM,camp-private,2025-12-19,asset-03
session-public-01844,,Organic,organic,2025-11-21,asset-04
session-public-01845,,Instagram,camp-studio,2026-02-18,asset-01
session-public-01846,,Paid Social,camp-move,2026-08-14,
session-public-01847,,DM,camp-private,2026-01-26,asset-03
session-public-01848,,Organic,organic,2026-01-05,asset-04
session-public-01849,,Instagram,camp-studio,2026-07-25,asset-01
session-public-01850,,Paid Social,camp-move,2026-08-12,asset-02
session-public-01851,,DM,camp-private,2026-03-13,asset-03
session-public-01852,,Organic,organic,2025-12-24,asset-04
session-public-01853,,Instagram,camp-studio,2026-08-19,asset-01
session-public-01854,,Paid Social,camp-move,2026-06-03,asset-02
session-public-01855,,DM,camp-private,2026-04-01,
session-public-01856,,Organic,organic,2026-01-25,asset-04
session-public-01857,,Instagram,camp-studio,2026-04-10,asset-01
session-public-01858,,Paid Social,camp-move,2026-05-27,asset-02
session-public-01859,,DM,camp-private,2026-02-07,asset-03
session-public-01860,,Organic,organic,2026-07-09,asset-04
session-public-01861,,Instagram,camp-studio,2026-05-15,asset-01
session-public-01862,,Paid Social,camp-move,2026-06-24,asset-02
session-public-01863,,DM,camp-private,2026-03-15,asset-03
session-public-01864,,Organic,organic,2025-12-05,
session-public-01865,,Instagram,camp-studio,2026-01-30,asset-01
session-public-01866,,Paid Social,camp-move,2026-07-29,asset-02
session-public-01867,,DM,camp-private,2025-10-28,asset-03
session-public-01868,,Organic,organic,2026-01-29,asset-04
session-public-01869,,Instagram,camp-studio,2025-11-24,asset-01
session-public-01870,,Paid Social,camp-move,2026-04-02,asset-02
session-public-01871,,DM,camp-private,2026-06-30,asset-03
session-public-01872,,Organic,organic,2026-04-11,asset-04
session-public-01873,,Instagram,camp-studio,2025-09-23,
session-public-01874,,Paid Social,camp-move,2025-10-26,asset-02
session-public-01875,,DM,camp-private,2025-12-27,asset-03
session-public-01876,,Organic,organic,2026-01-30,asset-04
session-public-01877,,Instagram,camp-studio,2026-06-02,asset-01
session-public-01878,,Paid Social,camp-move,2026-05-12,asset-02
session-public-01879,,DM,camp-private,2026-06-30,asset-03
session-public-01880,,Organic,organic,2026-07-17,asset-04
session-public-01881,,Instagram,camp-studio,2026-02-10,asset-01
session-public-01882,,Paid Social,camp-move,2026-06-10,
session-public-01883,,DM,camp-private,2026-07-09,asset-03
session-public-01884,,Organic,organic,2026-04-25,asset-04
session-public-01885,,Instagram,camp-studio,2026-01-01,asset-01
session-public-01886,,Paid Social,camp-move,2026-02-05,asset-02
session-public-01887,,DM,camp-private,2025-10-18,asset-03
session-public-01888,,Organic,organic,2026-04-28,asset-04
session-public-01889,,Instagram,camp-studio,2026-08-09,asset-01
session-public-01890,,Paid Social,camp-move,2026-05-30,asset-02
session-public-01891,,DM,camp-private,2026-07-23,
session-public-01892,,Organic,organic,2025-11-16,asset-04
session-public-01893,,Instagram,camp-studio,2026-05-23,asset-01
session-public-01894,,Paid Social,camp-move,2026-05-03,asset-02
session-public-01895,,DM,camp-private,2026-04-08,asset-03
session-public-01896,,Organic,organic,2026-03-01,asset-04
session-public-01897,,Instagram,camp-studio,2025-11-22,asset-01
session-public-01898,,Paid Social,camp-move,2025-12-02,asset-02
session-public-01899,,DM,camp-private,2025-12-23,asset-03
session-public-01900,,Organic,organic,2025-11-23,
session-public-01901,,Instagram,camp-studio,2026-03-26,asset-01
session-public-01902,,Paid Social,camp-move,2025-10-19,asset-02
session-public-01903,,DM,camp-private,2025-10-13,asset-03
session-public-01904,,Organic,organic,2025-10-27,asset-04
session-public-01905,,Instagram,camp-studio,2026-02-11,asset-01
session-public-01906,,Paid Social,camp-move,2025-11-16,asset-02
session-public-01907,,DM,camp-private,2026-06-29,asset-03
session-public-01908,,Organic,organic,2026-06-23,asset-04
session-public-01909,,Instagram,camp-studio,2026-02-06,
session-public-01910,,Paid Social,camp-move,2025-11-26,asset-02
session-public-01911,,DM,camp-private,2025-11-10,asset-03
session-public-01912,,Organic,organic,2026-09-08,asset-04
session-public-01913,,Instagram,camp-studio,2026-04-26,asset-01
session-public-01914,,Paid Social,camp-move,2026-01-04,asset-02
session-public-01915,,DM,camp-private,2025-10-12,asset-03
session-public-01916,,Organic,organic,2026-08-26,asset-04
session-public-01917,,Instagram,camp-studio,2026-07-09,asset-01
session-public-01918,,Paid Social,camp-move,2025-10-22,
session-public-01919,,DM,camp-private,2025-09-27,asset-03
session-public-01920,,Organic,organic,2025-11-18,asset-04
session-public-01921,,Instagram,camp-studio,2026-03-13,asset-01
session-public-01922,,Paid Social,camp-move,2026-08-07,asset-02
session-public-01923,,DM,camp-private,2026-02-10,asset-03
session-public-01924,,Organic,organic,2026-02-14,asset-04
session-public-01925,,Instagram,camp-studio,2026-04-30,asset-01
session-public-01926,,Paid Social,camp-move,2026-01-23,asset-02
session-public-01927,,DM,camp-private,2026-01-18,
session-public-01928,,Organic,organic,2026-01-12,asset-04
session-public-01929,,Instagram,camp-studio,2026-08-04,asset-01
session-public-01930,,Paid Social,camp-move,2026-07-28,asset-02
session-public-01931,,DM,camp-private,2026-07-11,asset-03
session-public-01932,,Organic,organic,2026-02-05,asset-04
session-public-01933,,Instagram,camp-studio,2026-07-01,asset-01
session-public-01934,,Paid Social,camp-move,2026-03-22,asset-02
session-public-01935,,DM,camp-private,2026-01-21,asset-03
session-public-01936,,Organic,organic,2025-12-08,
session-public-01937,,Instagram,camp-studio,2025-10-03,asset-01
session-public-01938,,Paid Social,camp-move,2026-07-02,asset-02
session-public-01939,,DM,camp-private,2026-07-18,asset-03
session-public-01940,,Organic,organic,2026-03-03,asset-04
session-public-01941,,Instagram,camp-studio,2026-01-12,asset-01
session-public-01942,,Paid Social,camp-move,2025-12-18,asset-02
session-public-01943,,DM,camp-private,2026-04-06,asset-03
session-public-01944,,Organic,organic,2026-01-04,asset-04
session-public-01945,,Instagram,camp-studio,2026-06-26,
session-public-01946,,Paid Social,camp-move,2026-08-03,asset-02
session-public-01947,,DM,camp-private,2025-09-30,asset-03
session-public-01948,,Organic,organic,2025-12-13,asset-04
session-public-01949,,Instagram,camp-studio,2025-11-07,asset-01
session-public-01950,,Paid Social,camp-move,2026-07-11,asset-02
session-public-01951,,DM,camp-private,2026-08-02,asset-03
session-public-01952,,Organic,organic,2026-02-07,asset-04
session-public-01953,,Instagram,camp-studio,2026-05-28,asset-01
session-public-01954,,Paid Social,camp-move,2025-11-24,
session-public-01955,,DM,camp-private,2025-11-09,asset-03
session-public-01956,,Organic,organic,2026-01-26,asset-04
session-public-01957,,Instagram,camp-studio,2026-04-18,asset-01
session-public-01958,,Paid Social,camp-move,2026-01-13,asset-02
session-public-01959,,DM,camp-private,2026-01-23,asset-03
session-public-01960,,Organic,organic,2026-05-15,asset-04
session-public-01961,,Instagram,camp-studio,2026-07-31,asset-01
session-public-01962,,Paid Social,camp-move,2025-12-15,asset-02
session-public-01963,,DM,camp-private,2025-12-19,
session-public-01964,,Organic,organic,2026-01-12,asset-04
session-public-01965,,Instagram,camp-studio,2026-02-12,asset-01
session-public-01966,,Paid Social,camp-move,2025-11-15,asset-02
session-public-01967,,DM,camp-private,2025-09-23,asset-03
session-public-01968,,Organic,organic,2026-01-22,asset-04
session-public-01969,,Instagram,camp-studio,2026-08-31,asset-01
session-public-01970,,Paid Social,camp-move,2026-02-26,asset-02
session-public-01971,,DM,camp-private,2026-05-02,asset-03
session-public-01972,,Organic,organic,2026-07-15,
session-public-01973,,Instagram,camp-studio,2026-07-26,asset-01
session-public-01974,,Paid Social,camp-move,2026-04-07,asset-02
session-public-01975,,DM,camp-private,2026-05-08,asset-03
session-public-01976,,Organic,organic,2026-01-09,asset-04
session-public-01977,,Instagram,camp-studio,2026-01-18,asset-01
session-public-01978,,Paid Social,camp-move,2025-11-12,asset-02
session-public-01979,,DM,camp-private,2025-11-02,asset-03
session-public-01980,,Organic,organic,2026-04-19,asset-04
session-public-01981,,Instagram,camp-studio,2026-09-21,
session-public-01982,,Paid Social,camp-move,2026-05-07,asset-02
session-public-01983,,DM,camp-private,2026-05-06,asset-03
session-public-01984,,Organic,organic,2025-12-07,asset-04
session-public-01985,,Instagram,camp-studio,2026-04-06,asset-01
session-public-01986,,Paid Social,camp-move,2026-08-02,asset-02
session-public-01987,,DM,camp-private,2026-04-04,asset-03
session-public-01988,,Organic,organic,2025-10-03,asset-04
session-public-01989,,Instagram,camp-studio,2026-06-26,asset-01
session-public-01990,,Paid Social,camp-move,2026-02-08,
session-public-01991,,DM,camp-private,2026-01-05,asset-03
session-public-01992,,Organic,organic,2026-09-01,asset-04
session-public-01993,,Instagram,camp-studio,2026-05-31,asset-01
session-public-01994,,Paid Social,camp-move,2026-05-03,asset-02
session-public-01995,,DM,camp-private,2026-06-17,asset-03
session-public-01996,,Organic,organic,2026-03-16,asset-04
session-public-01997,,Instagram,camp-studio,2026-03-05,asset-01
session-public-01998,,Paid Social,camp-move,2025-10-02,asset-02
session-public-01999,,DM,camp-private,2026-06-04,
session-public-02000,,Organic,organic,2026-06-08,asset-04
session-public-02001,,Instagram,camp-studio,2026-08-03,asset-01
session-public-02002,,Paid Social,camp-move,2026-04-08,asset-02
session-public-02003,,DM,camp-private,2026-05-06,asset-03
session-public-02004,,Organic,organic,2026-07-29,asset-04
session-public-02005,,Instagram,camp-studio,2026-01-05,asset-01
session-public-02006,,Paid Social,camp-move,2026-03-31,asset-02
session-public-02007,,DM,camp-private,2025-12-04,asset-03
session-public-02008,,Organic,organic,2026-09-17,
session-public-02009,,Instagram,camp-studio,2025-10-31,asset-01
session-public-02010,,Paid Social,camp-move,2026-07-26,asset-02
session-public-02011,,DM,camp-private,2026-09-14,asset-03
session-public-02012,,Organic,organic,2026-09-06,asset-04
session-public-02013,,Instagram,camp-studio,2026-04-03,asset-01
session-public-02014,,Paid Social,camp-move,2025-12-17,asset-02
session-public-02015,,DM,camp-private,2026-04-16,asset-03
session-public-02016,,Organic,organic,2026-01-06,asset-04
session-public-02017,,Instagram,camp-studio,2026-01-11,
session-public-02018,,Paid Social,camp-move,2026-03-01,asset-02
session-public-02019,,DM,camp-private,2026-03-21,asset-03
session-public-02020,,Organic,organic,2026-04-17,asset-04
session-public-02021,,Instagram,camp-studio,2026-02-09,asset-01
session-public-02022,,Paid Social,camp-move,2026-01-27,asset-02
session-public-02023,,DM,camp-private,2026-02-17,asset-03
session-public-02024,,Organic,organic,2026-01-18,asset-04
session-public-02025,,Instagram,camp-studio,2026-04-04,asset-01
session-public-02026,,Paid Social,camp-move,2026-07-26,
session-public-02027,,DM,camp-private,2026-05-20,asset-03
session-public-02028,,Organic,organic,2025-10-04,asset-04
session-public-02029,,Instagram,camp-studio,2026-09-08,asset-01
session-public-02030,,Paid Social,camp-move,2026-07-07,asset-02
session-public-02031,,DM,camp-private,2026-01-24,asset-03
session-public-02032,,Organic,organic,2026-08-18,asset-04
session-public-02033,,Instagram,camp-studio,2026-09-14,asset-01
session-public-02034,,Paid Social,camp-move,2025-10-25,asset-02
session-public-02035,,DM,camp-private,2026-05-11,
session-public-02036,,Organic,organic,2025-10-03,asset-04
session-public-02037,,Instagram,camp-studio,2026-04-09,asset-01
session-public-02038,,Paid Social,camp-move,2026-07-11,asset-02
session-public-02039,,DM,camp-private,2026-03-17,asset-03
session-public-02040,,Organic,organic,2026-03-25,asset-04
session-public-02041,,Instagram,camp-studio,2026-04-05,asset-01
session-public-02042,,Paid Social,camp-move,2025-10-02,asset-02
session-public-02043,,DM,camp-private,2026-05-31,asset-03
session-public-02044,,Organic,organic,2026-05-03,
session-public-02045,,Instagram,camp-studio,2026-05-08,asset-01
session-public-02046,,Paid Social,camp-move,2026-04-27,asset-02
session-public-02047,,DM,camp-private,2025-11-06,asset-03
session-public-02048,,Organic,organic,2026-05-03,asset-04
session-public-02049,,Instagram,camp-studio,2026-01-30,asset-01
session-public-02050,,Paid Social,camp-move,2026-03-19,asset-02
session-public-02051,,DM,camp-private,2026-01-17,asset-03
session-public-02052,,Organic,organic,2026-02-06,asset-04
session-public-02053,,Instagram,camp-studio,2026-03-28,
session-public-02054,,Paid Social,camp-move,2026-02-02,asset-02
session-public-02055,,DM,camp-private,2026-05-25,asset-03
session-public-02056,,Organic,organic,2025-12-11,asset-04
session-public-02057,,Instagram,camp-studio,2025-12-17,asset-01
session-public-02058,,Paid Social,camp-move,2026-01-12,asset-02
session-public-02059,,DM,camp-private,2026-07-18,asset-03
session-public-02060,,Organic,organic,2026-08-18,asset-04
session-public-02061,,Instagram,camp-studio,2026-06-13,asset-01
session-public-02062,,Paid Social,camp-move,2026-07-25,
session-public-02063,,DM,camp-private,2026-06-20,asset-03
session-public-02064,,Organic,organic,2025-12-31,asset-04
session-public-02065,,Instagram,camp-studio,2025-10-10,asset-01
session-public-02066,,Paid Social,camp-move,2026-04-05,asset-02
session-public-02067,,DM,camp-private,2026-03-27,asset-03
session-public-02068,,Organic,organic,2025-10-16,asset-04
session-public-02069,,Instagram,camp-studio,2026-01-17,asset-01
session-public-02070,,Paid Social,camp-move,2025-11-07,asset-02
session-public-02071,,DM,camp-private,2026-09-19,
session-public-02072,,Organic,organic,2025-12-12,asset-04
session-public-02073,,Instagram,camp-studio,2025-11-08,asset-01
session-public-02074,,Paid Social,camp-move,2026-08-03,asset-02
session-public-02075,,DM,camp-private,2026-09-13,asset-03
session-public-02076,,Organic,organic,2026-07-02,asset-04
session-public-02077,,Instagram,camp-studio,2025-10-17,asset-01
session-public-02078,,Paid Social,camp-move,2026-01-28,asset-02
session-public-02079,,DM,camp-private,2025-11-01,asset-03
session-public-02080,,Organic,organic,2026-06-17,
session-public-02081,,Instagram,camp-studio,2026-01-30,asset-01
session-public-02082,,Paid Social,camp-move,2026-05-11,asset-02
session-public-02083,,DM,camp-private,2025-12-07,asset-03
session-public-02084,,Organic,organic,2026-02-19,asset-04
session-public-02085,,Instagram,camp-studio,2025-12-03,asset-01
session-public-02086,,Paid Social,camp-move,2026-05-03,asset-02
session-public-02087,,DM,camp-private,2026-02-11,asset-03
session-public-02088,,Organic,organic,2025-12-26,asset-04
session-public-02089,,Instagram,camp-studio,2026-01-17,
session-public-02090,,Paid Social,camp-move,2026-04-19,asset-02
session-public-02091,,DM,camp-private,2026-02-28,asset-03
session-public-02092,,Organic,organic,2025-12-16,asset-04
session-public-02093,,Instagram,camp-studio,2026-06-15,asset-01
session-public-02094,,Paid Social,camp-move,2025-10-26,asset-02
session-public-02095,,DM,camp-private,2026-01-18,asset-03
session-public-02096,,Organic,organic,2025-11-08,asset-04
session-public-02097,,Instagram,camp-studio,2026-08-05,asset-01
session-public-02098,,Paid Social,camp-move,2025-10-18,
session-public-02099,,DM,camp-private,2026-07-12,asset-03
session-public-02100,,Organic,organic,2026-08-23,asset-04
session-public-02101,,Instagram,camp-studio,2025-12-21,asset-01
session-public-02102,,Paid Social,camp-move,2026-02-16,asset-02
session-public-02103,,DM,camp-private,2026-06-29,asset-03
session-public-02104,,Organic,organic,2026-05-20,asset-04
session-public-02105,,Instagram,camp-studio,2026-04-26,asset-01
session-public-02106,,Paid Social,camp-move,2025-12-16,asset-02
session-public-02107,,DM,camp-private,2026-01-20,
session-public-02108,,Organic,organic,2025-09-30,asset-04
session-public-02109,,Instagram,camp-studio,2025-12-31,asset-01
session-public-02110,,Paid Social,camp-move,2026-07-27,asset-02
session-public-02111,,DM,camp-private,2026-09-21,asset-03
session-public-02112,,Organic,organic,2025-10-31,asset-04
session-public-02113,,Instagram,camp-studio,2025-10-26,asset-01
session-public-02114,,Paid Social,camp-move,2025-11-12,asset-02
session-public-02115,,DM,camp-private,2026-02-06,asset-03
session-public-02116,,Organic,organic,2025-12-22,
session-public-02117,,Instagram,camp-studio,2026-06-22,asset-01
session-public-02118,,Paid Social,camp-move,2025-11-24,asset-02
session-public-02119,,DM,camp-private,2026-05-16,asset-03
session-public-02120,,Organic,organic,2026-07-02,asset-04
session-public-02121,,Instagram,camp-studio,2026-03-29,asset-01
session-public-02122,,Paid Social,camp-move,2025-12-22,asset-02
session-public-02123,,DM,camp-private,2025-12-09,asset-03
session-public-02124,,Organic,organic,2026-06-22,asset-04
session-public-02125,,Instagram,camp-studio,2025-12-26,
session-public-02126,,Paid Social,camp-move,2026-01-25,asset-02
session-public-02127,,DM,camp-private,2025-09-26,asset-03
session-public-02128,,Organic,organic,2026-03-07,asset-04
session-public-02129,,Instagram,camp-studio,2025-12-18,asset-01
session-public-02130,,Paid Social,camp-move,2026-02-08,asset-02
session-public-02131,,DM,camp-private,2026-06-11,asset-03
session-public-02132,,Organic,organic,2025-10-02,asset-04
session-public-02133,,Instagram,camp-studio,2026-06-05,asset-01
session-public-02134,,Paid Social,camp-move,2026-06-07,
session-public-02135,,DM,camp-private,2025-10-21,asset-03
session-public-02136,,Organic,organic,2026-04-11,asset-04
session-public-02137,,Instagram,camp-studio,2025-11-30,asset-01
session-public-02138,,Paid Social,camp-move,2025-12-16,asset-02
session-public-02139,,DM,camp-private,2025-10-16,asset-03
session-public-02140,,Organic,organic,2026-05-20,asset-04
session-public-02141,,Instagram,camp-studio,2025-12-10,asset-01
session-public-02142,,Paid Social,camp-move,2025-11-28,asset-02
session-public-02143,,DM,camp-private,2026-01-23,
session-public-02144,,Organic,organic,2026-07-30,asset-04
session-public-02145,,Instagram,camp-studio,2026-03-29,asset-01
session-public-02146,,Paid Social,camp-move,2026-07-12,asset-02
session-public-02147,,DM,camp-private,2026-02-11,asset-03
session-public-02148,,Organic,organic,2026-05-16,asset-04
session-public-02149,,Instagram,camp-studio,2026-01-25,asset-01
session-public-02150,,Paid Social,camp-move,2026-05-12,asset-02
session-public-02151,,DM,camp-private,2025-12-20,asset-03
session-public-02152,,Organic,organic,2026-09-20,
session-public-02153,,Instagram,camp-studio,2025-11-17,asset-01
session-public-02154,,Paid Social,camp-move,2026-01-27,asset-02
session-public-02155,,DM,camp-private,2025-12-13,asset-03
session-public-02156,,Organic,organic,2026-08-15,asset-04
session-public-02157,,Instagram,camp-studio,2026-07-29,asset-01
session-public-02158,,Paid Social,camp-move,2025-10-13,asset-02
session-public-02159,,DM,camp-private,2025-10-26,asset-03
session-public-02160,,Organic,organic,2026-04-03,asset-04
session-public-02161,,Instagram,camp-studio,2025-11-30,
session-public-02162,,Paid Social,camp-move,2025-09-22,asset-02
session-public-02163,,DM,camp-private,2026-02-16,asset-03
session-public-02164,,Organic,organic,2026-05-15,asset-04
session-public-02165,,Instagram,camp-studio,2026-06-19,asset-01
session-public-02166,,Paid Social,camp-move,2026-05-30,asset-02
session-public-02167,,DM,camp-private,2026-09-03,asset-03
session-public-02168,,Organic,organic,2026-04-12,asset-04
session-public-02169,,Instagram,camp-studio,2026-06-30,asset-01
session-public-02170,,Paid Social,camp-move,2026-06-26,
session-public-02171,,DM,camp-private,2026-04-16,asset-03
session-public-02172,,Organic,organic,2026-06-17,asset-04
session-public-02173,,Instagram,camp-studio,2026-05-18,asset-01
session-public-02174,,Paid Social,camp-move,2026-08-19,asset-02
session-public-02175,,DM,camp-private,2026-06-15,asset-03
session-public-02176,,Organic,organic,2026-03-22,asset-04
session-public-02177,,Instagram,camp-studio,2026-07-29,asset-01
session-public-02178,,Paid Social,camp-move,2026-07-14,asset-02
session-public-02179,,DM,camp-private,2026-04-17,
session-public-02180,,Organic,organic,2026-01-28,asset-04
session-public-02181,,Instagram,camp-studio,2026-06-17,asset-01
session-public-02182,,Paid Social,camp-move,2026-04-18,asset-02
session-public-02183,,DM,camp-private,2025-12-16,asset-03
session-public-02184,,Organic,organic,2026-06-06,asset-04
session-public-02185,,Instagram,camp-studio,2026-06-04,asset-01
session-public-02186,,Paid Social,camp-move,2025-11-25,asset-02
session-public-02187,,DM,camp-private,2025-10-10,asset-03
session-public-02188,,Organic,organic,2026-01-05,
session-public-02189,,Instagram,camp-studio,2025-10-29,asset-01
session-public-02190,,Paid Social,camp-move,2026-07-26,asset-02
session-public-02191,,DM,camp-private,2026-03-29,asset-03
session-public-02192,,Organic,organic,2026-02-21,asset-04
session-public-02193,,Instagram,camp-studio,2025-11-20,asset-01
session-public-02194,,Paid Social,camp-move,2026-07-28,asset-02
session-public-02195,,DM,camp-private,2026-04-21,asset-03
session-public-02196,,Organic,organic,2026-04-05,asset-04
session-public-02197,,Instagram,camp-studio,2026-04-02,
session-public-02198,,Paid Social,camp-move,2026-02-22,asset-02
session-public-02199,,DM,camp-private,2026-04-01,asset-03
session-public-02200,,Organic,organic,2025-10-04,asset-04
session-public-02201,,Instagram,camp-studio,2026-03-02,asset-01
session-public-02202,,Paid Social,camp-move,2026-05-29,asset-02
session-public-02203,,DM,camp-private,2026-01-01,asset-03
session-public-02204,,Organic,organic,2025-09-30,asset-04
session-public-02205,,Instagram,camp-studio,2026-01-10,asset-01
session-public-02206,,Paid Social,camp-move,2026-05-02,
session-public-02207,,DM,camp-private,2026-08-14,asset-03
session-public-02208,,Organic,organic,2025-12-06,asset-04
session-public-02209,,Instagram,camp-studio,2026-05-10,asset-01
session-public-02210,,Paid Social,camp-move,2026-07-21,asset-02
session-public-02211,,DM,camp-private,2025-12-02,asset-03
session-public-02212,,Organic,organic,2026-08-20,asset-04
session-public-02213,,Instagram,camp-studio,2026-02-23,asset-01
session-public-02214,,Paid Social,camp-move,2026-04-12,asset-02
session-public-02215,,DM,camp-private,2026-01-25,
session-public-02216,,Organic,organic,2025-12-03,asset-04
session-public-02217,,Instagram,camp-studio,2025-09-30,asset-01
session-public-02218,,Paid Social,camp-move,2026-01-16,asset-02
session-public-02219,,DM,camp-private,2026-05-04,asset-03
session-public-02220,,Organic,organic,2026-01-29,asset-04
session-public-02221,,Instagram,camp-studio,2026-05-29,asset-01
session-public-02222,,Paid Social,camp-move,2026-04-14,asset-02
session-public-02223,,DM,camp-private,2026-05-18,asset-03
session-public-02224,,Organic,organic,2026-09-21,
session-public-02225,,Instagram,camp-studio,2026-05-18,asset-01
session-public-02226,,Paid Social,camp-move,2026-03-31,asset-02
session-public-02227,,DM,camp-private,2026-01-04,asset-03
session-public-02228,,Organic,organic,2026-05-17,asset-04
session-public-02229,,Instagram,camp-studio,2025-11-27,asset-01
session-public-02230,,Paid Social,camp-move,2026-04-22,asset-02
session-public-02231,,DM,camp-private,2025-10-18,asset-03
session-public-02232,,Organic,organic,2026-01-25,asset-04
session-public-02233,,Instagram,camp-studio,2025-12-05,
session-public-02234,,Paid Social,camp-move,2026-08-15,asset-02
session-public-02235,,DM,camp-private,2025-11-12,asset-03
session-public-02236,,Organic,organic,2026-02-20,asset-04
session-public-02237,,Instagram,camp-studio,2026-04-01,asset-01
session-public-02238,,Paid Social,camp-move,2025-10-19,asset-02
session-public-02239,,DM,camp-private,2026-03-20,asset-03
session-public-02240,,Organic,organic,2026-05-18,asset-04
session-public-02241,,Instagram,camp-studio,2026-04-07,asset-01
session-public-02242,,Paid Social,camp-move,2026-08-22,
session-public-02243,,DM,camp-private,2026-05-01,asset-03
session-public-02244,,Organic,organic,2025-10-31,asset-04
session-public-02245,,Instagram,camp-studio,2026-07-25,asset-01
session-public-02246,,Paid Social,camp-move,2026-02-19,asset-02
session-public-02247,,DM,camp-private,2026-03-22,asset-03
session-public-02248,,Organic,organic,2026-06-11,asset-04
session-public-02249,,Instagram,camp-studio,2026-07-01,asset-01
session-public-02250,,Paid Social,camp-move,2026-05-24,asset-02
session-public-02251,,DM,camp-private,2025-10-12,
session-public-02252,,Organic,organic,2026-05-25,asset-04
session-public-02253,,Instagram,camp-studio,2025-10-26,asset-01
session-public-02254,,Paid Social,camp-move,2026-03-21,asset-02
session-public-02255,,DM,camp-private,2026-03-10,asset-03
session-public-02256,,Organic,organic,2025-12-30,asset-04
session-public-02257,,Instagram,camp-studio,2026-02-27,asset-01
session-public-02258,,Paid Social,camp-move,2026-06-08,asset-02
session-public-02259,,DM,camp-private,2025-12-15,asset-03
session-public-02260,,Organic,organic,2025-09-27,
session-public-02261,,Instagram,camp-studio,2025-11-12,asset-01
session-public-02262,,Paid Social,camp-move,2025-12-05,asset-02
session-public-02263,,DM,camp-private,2026-09-21,asset-03
session-public-02264,,Organic,organic,2026-07-06,asset-04
session-public-02265,,Instagram,camp-studio,2026-02-07,asset-01
session-public-02266,,Paid Social,camp-move,2025-10-22,asset-02
session-public-02267,,DM,camp-private,2025-10-04,asset-03
session-public-02268,,Organic,organic,2026-06-09,asset-04
session-public-02269,,Instagram,camp-studio,2026-01-11,
session-public-02270,,Paid Social,camp-move,2026-08-10,asset-02
session-public-02271,,DM,camp-private,2026-06-15,asset-03
session-public-02272,,Organic,organic,2026-03-31,asset-04
session-public-02273,,Instagram,camp-studio,2025-10-04,asset-01
session-public-02274,,Paid Social,camp-move,2026-05-09,asset-02
session-public-02275,,DM,camp-private,2026-04-16,asset-03
session-public-02276,,Organic,organic,2026-03-12,asset-04
session-public-02277,,Instagram,camp-studio,2026-08-01,asset-01
session-public-02278,,Paid Social,camp-move,2026-05-15,
session-public-02279,,DM,camp-private,2026-03-18,asset-03
session-public-02280,,Organic,organic,2026-08-06,asset-04
session-public-02281,,Instagram,camp-studio,2026-03-08,asset-01
session-public-02282,,Paid Social,camp-move,2026-02-14,asset-02
session-public-02283,,DM,camp-private,2026-03-29,asset-03
session-public-02284,,Organic,organic,2025-10-18,asset-04
session-public-02285,,Instagram,camp-studio,2026-06-13,asset-01
session-public-02286,,Paid Social,camp-move,2026-07-18,asset-02
session-public-02287,,DM,camp-private,2025-11-24,
session-public-02288,,Organic,organic,2026-05-04,asset-04
session-public-02289,,Instagram,camp-studio,2026-05-29,asset-01
session-public-02290,,Paid Social,camp-move,2026-05-01,asset-02
session-public-02291,,DM,camp-private,2026-06-12,asset-03
session-public-02292,,Organic,organic,2025-10-10,asset-04
session-public-02293,,Instagram,camp-studio,2026-08-29,asset-01
session-public-02294,,Paid Social,camp-move,2026-06-29,asset-02
session-public-02295,,DM,camp-private,2026-07-08,asset-03
session-public-02296,,Organic,organic,2026-06-08,
session-public-02297,,Instagram,camp-studio,2025-10-26,asset-01
session-public-02298,,Paid Social,camp-move,2025-12-09,asset-02
session-public-02299,,DM,camp-private,2026-04-03,asset-03
session-public-02300,,Organic,organic,2026-03-10,asset-04
session-public-02301,,Instagram,camp-studio,2026-08-26,asset-01
session-public-02302,,Paid Social,camp-move,2026-05-05,asset-02
session-public-02303,,DM,camp-private,2026-08-13,asset-03
session-public-02304,,Organic,organic,2026-02-05,asset-04
session-public-02305,,Instagram,camp-studio,2025-12-04,
session-public-02306,,Paid Social,camp-move,2025-12-03,asset-02
session-public-02307,,DM,camp-private,2025-12-31,asset-03
session-public-02308,,Organic,organic,2025-11-08,asset-04
session-public-02309,,Instagram,camp-studio,2026-08-03,asset-01
session-public-02310,,Paid Social,camp-move,2026-04-06,asset-02
session-public-02311,,DM,camp-private,2026-02-10,asset-03
session-public-02312,,Organic,organic,2026-04-11,asset-04
session-public-02313,,Instagram,camp-studio,2026-01-12,asset-01
session-public-02314,,Paid Social,camp-move,2025-10-13,
session-public-02315,,DM,camp-private,2025-10-14,asset-03
session-public-02316,,Organic,organic,2026-02-24,asset-04
session-public-02317,,Instagram,camp-studio,2025-09-28,asset-01
session-public-02318,,Paid Social,camp-move,2025-11-29,asset-02
session-public-02319,,DM,camp-private,2025-12-30,asset-03
session-public-02320,,Organic,organic,2026-04-24,asset-04
session-public-02321,,Instagram,camp-studio,2026-07-10,asset-01
session-public-02322,,Paid Social,camp-move,2025-12-30,asset-02
session-public-02323,,DM,camp-private,2026-04-23,
session-public-02324,,Organic,organic,2025-12-08,asset-04
session-public-02325,,Instagram,camp-studio,2026-04-28,asset-01
session-public-02326,,Paid Social,camp-move,2026-06-29,asset-02
session-public-02327,,DM,camp-private,2026-07-09,asset-03
session-public-02328,,Organic,organic,2026-01-30,asset-04
session-public-02329,,Instagram,camp-studio,2026-01-07,asset-01
session-public-02330,,Paid Social,camp-move,2025-09-22,asset-02
session-public-02331,,DM,camp-private,2025-10-25,asset-03
session-public-02332,,Organic,organic,2025-12-14,
session-public-02333,,Instagram,camp-studio,2025-10-11,asset-01
session-public-02334,,Paid Social,camp-move,2026-02-04,asset-02
session-public-02335,,DM,camp-private,2026-05-27,asset-03
session-public-02336,,Organic,organic,2025-10-25,asset-04
session-public-02337,,Instagram,camp-studio,2026-01-12,asset-01
session-public-02338,,Paid Social,camp-move,2026-05-19,asset-02
session-public-02339,,DM,camp-private,2025-12-15,asset-03
session-public-02340,,Organic,organic,2026-09-01,asset-04
session-public-02341,,Instagram,camp-studio,2026-06-01,
session-public-02342,,Paid Social,camp-move,2025-11-19,asset-02
session-public-02343,,DM,camp-private,2025-11-01,asset-03
session-public-02344,,Organic,organic,2026-08-30,asset-04
session-public-02345,,Instagram,camp-studio,2026-05-15,asset-01
session-public-02346,,Paid Social,camp-move,2026-03-16,asset-02
session-public-02347,,DM,camp-private,2026-08-03,asset-03
session-public-02348,,Organic,organic,2026-03-31,asset-04
session-public-02349,,Instagram,camp-studio,2026-05-20,asset-01
session-public-02350,,Paid Social,camp-move,2026-02-01,
session-public-02351,,DM,camp-private,2026-07-14,asset-03
session-public-02352,,Organic,organic,2026-07-04,asset-04
session-public-02353,,Instagram,camp-studio,2026-06-29,asset-01
session-public-02354,,Paid Social,camp-move,2026-03-10,asset-02
session-public-02355,,DM,camp-private,2026-08-11,asset-03
session-public-02356,,Organic,organic,2026-08-28,asset-04
session-public-02357,,Instagram,camp-studio,2026-03-08,asset-01
session-public-02358,,Paid Social,camp-move,2026-06-18,asset-02
session-public-02359,,DM,camp-private,2025-12-10,
session-public-02360,,Organic,organic,2026-08-29,asset-04
session-public-02361,,Instagram,camp-studio,2026-09-06,asset-01
session-public-02362,,Paid Social,camp-move,2026-07-20,asset-02
session-public-02363,,DM,camp-private,2026-06-15,asset-03
session-public-02364,,Organic,organic,2026-09-06,asset-04
session-public-02365,,Instagram,camp-studio,2026-02-11,asset-01
session-public-02366,,Paid Social,camp-move,2026-07-23,asset-02
session-public-02367,,DM,camp-private,2026-01-25,asset-03
session-public-02368,,Organic,organic,2026-01-15,
session-public-02369,,Instagram,camp-studio,2025-10-03,asset-01
session-public-02370,,Paid Social,camp-move,2026-05-02,asset-02
session-public-02371,,DM,camp-private,2026-05-27,asset-03
session-public-02372,,Organic,organic,2026-02-08,asset-04
session-public-02373,,Instagram,camp-studio,2026-03-09,asset-01
session-public-02374,,Paid Social,camp-move,2026-06-09,asset-02
session-public-02375,,DM,camp-private,2026-02-22,asset-03
session-public-02376,,Organic,organic,2026-06-04,asset-04
session-public-02377,,Instagram,camp-studio,2026-04-17,
session-public-02378,,Paid Social,camp-move,2025-10-18,asset-02
session-public-02379,,DM,camp-private,2026-07-21,asset-03
session-public-02380,,Organic,organic,2026-02-22,asset-04
session-public-02381,,Instagram,camp-studio,2026-01-31,asset-01
session-public-02382,,Paid Social,camp-move,2025-11-15,asset-02
session-public-02383,,DM,camp-private,2025-12-06,asset-03
session-public-02384,,Organic,organic,2026-07-03,asset-04
session-public-02385,,Instagram,camp-studio,2026-01-14,asset-01
session-public-02386,,Paid Social,camp-move,2026-01-12,
session-public-02387,,DM,camp-private,2026-01-27,asset-03
session-public-02388,,Organic,organic,2026-05-17,asset-04
session-public-02389,,Instagram,camp-studio,2025-12-09,asset-01
session-public-02390,,Paid Social,camp-move,2025-11-11,asset-02
session-public-02391,,DM,camp-private,2026-09-14,asset-03
session-public-02392,,Organic,organic,2026-06-26,asset-04
session-public-02393,,Instagram,camp-studio,2026-06-07,asset-01
session-public-02394,,Paid Social,camp-move,2026-03-26,asset-02
session-public-02395,,DM,camp-private,2026-04-21,
session-public-02396,,Organic,organic,2026-04-14,asset-04
session-public-02397,,Instagram,camp-studio,2026-04-24,asset-01
session-public-02398,,Paid Social,camp-move,2026-07-09,asset-02
session-public-02399,,DM,camp-private,2026-03-10,asset-03
session-public-02400,,Organic,organic,2026-02-22,asset-04
session-public-02401,,Instagram,camp-studio,2025-11-02,asset-01
session-public-02402,,Paid Social,camp-move,2026-01-24,asset-02
session-public-02403,,DM,camp-private,2025-12-14,asset-03
session-public-02404,,Organic,organic,2026-08-07,
session-public-02405,,Instagram,camp-studio,2026-05-26,asset-01
session-public-02406,,Paid Social,camp-move,2026-08-27,asset-02
session-public-02407,,DM,camp-private,2025-10-25,asset-03
session-public-02408,,Organic,organic,2026-03-01,asset-04
session-public-02409,,Instagram,camp-studio,2025-10-21,asset-01
session-public-02410,,Paid Social,camp-move,2026-05-03,asset-02
session-public-02411,,DM,camp-private,2026-04-17,asset-03
session-public-02412,,Organic,organic,2026-05-01,asset-04
session-public-02413,,Instagram,camp-studio,2025-12-09,
session-public-02414,,Paid Social,camp-move,2026-04-22,asset-02
session-public-02415,,DM,camp-private,2026-05-22,asset-03
session-public-02416,,Organic,organic,2025-10-07,asset-04
session-public-02417,,Instagram,camp-studio,2026-03-11,asset-01
session-public-02418,,Paid Social,camp-move,2026-03-30,asset-02
session-public-02419,,DM,camp-private,2025-11-21,asset-03
session-public-02420,,Organic,organic,2026-02-26,asset-04
session-public-02421,,Instagram,camp-studio,2026-01-20,asset-01
session-public-02422,,Paid Social,camp-move,2026-05-29,
session-public-02423,,DM,camp-private,2026-05-31,asset-03
session-public-02424,,Organic,organic,2026-04-12,asset-04
session-public-02425,,Instagram,camp-studio,2026-07-20,asset-01
session-public-02426,,Paid Social,camp-move,2026-01-09,asset-02
session-public-02427,,DM,camp-private,2026-04-17,asset-03
session-public-02428,,Organic,organic,2026-04-30,asset-04
session-public-02429,,Instagram,camp-studio,2026-01-20,asset-01
session-public-02430,,Paid Social,camp-move,2026-02-15,asset-02
session-public-02431,,DM,camp-private,2026-01-24,
session-public-02432,,Organic,organic,2026-07-31,asset-04
session-public-02433,,Instagram,camp-studio,2025-12-15,asset-01
session-public-02434,,Paid Social,camp-move,2026-03-13,asset-02
session-public-02435,,DM,camp-private,2025-12-12,asset-03
session-public-02436,,Organic,organic,2026-07-25,asset-04
session-public-02437,,Instagram,camp-studio,2026-03-08,asset-01
session-public-02438,,Paid Social,camp-move,2026-07-22,asset-02
session-public-02439,,DM,camp-private,2026-04-02,asset-03
session-public-02440,,Organic,organic,2025-11-03,
session-public-02441,,Instagram,camp-studio,2025-11-12,asset-01
session-public-02442,,Paid Social,camp-move,2025-11-03,asset-02
session-public-02443,,DM,camp-private,2025-11-03,asset-03
session-public-02444,,Organic,organic,2025-09-26,asset-04
session-public-02445,,Instagram,camp-studio,2025-12-07,asset-01
session-public-02446,,Paid Social,camp-move,2026-06-25,asset-02
session-public-02447,,DM,camp-private,2026-04-29,asset-03
session-public-02448,,Organic,organic,2026-06-01,asset-04
session-public-02449,,Instagram,camp-studio,2025-11-08,
session-public-02450,,Paid Social,camp-move,2026-09-14,asset-02
session-public-02451,,DM,camp-private,2026-08-19,asset-03
session-public-02452,,Organic,organic,2025-12-08,asset-04
session-public-02453,,Instagram,camp-studio,2025-10-18,asset-01
session-public-02454,,Paid Social,camp-move,2025-09-23,asset-02
session-public-02455,,DM,camp-private,2026-05-21,asset-03
session-public-02456,,Organic,organic,2025-12-21,asset-04
session-public-02457,,Instagram,camp-studio,2025-10-08,asset-01
session-public-02458,,Paid Social,camp-move,2025-11-29,
session-public-02459,,DM,camp-private,2026-02-18,asset-03
session-public-02460,,Organic,organic,2026-03-28,asset-04
session-public-02461,,Instagram,camp-studio,2026-09-04,asset-01
session-public-02462,,Paid Social,camp-move,2026-09-08,asset-02
session-public-02463,,DM,camp-private,2026-09-15,asset-03
session-public-02464,,Organic,organic,2026-03-23,asset-04
session-public-02465,,Instagram,camp-studio,2026-08-29,asset-01
session-public-02466,,Paid Social,camp-move,2026-07-11,asset-02
session-public-02467,,DM,camp-private,2025-11-05,
session-public-02468,,Organic,organic,2025-10-12,asset-04
session-public-02469,,Instagram,camp-studio,2025-12-15,asset-01
session-public-02470,,Paid Social,camp-move,2026-02-27,asset-02
session-public-02471,,DM,camp-private,2026-03-10,asset-03
session-public-02472,,Organic,organic,2025-11-12,asset-04
session-public-02473,,Instagram,camp-studio,2025-10-11,asset-01
session-public-02474,,Paid Social,camp-move,2026-07-17,asset-02
session-public-02475,,DM,camp-private,2025-11-03,asset-03
session-public-02476,,Organic,organic,2025-10-12,
session-public-02477,,Instagram,camp-studio,2026-08-02,asset-01
session-public-02478,,Paid Social,camp-move,2025-09-22,asset-02
session-public-02479,,DM,camp-private,2025-12-29,asset-03
session-public-02480,,Organic,organic,2025-12-18,asset-04
session-public-02481,,Instagram,camp-studio,2026-04-10,asset-01
session-public-02482,,Paid Social,camp-move,2026-05-31,asset-02
session-public-02483,,DM,camp-private,2025-11-16,asset-03
session-public-02484,,Organic,organic,2026-02-05,asset-04
session-public-02485,,Instagram,camp-studio,2026-07-22,
session-public-02486,,Paid Social,camp-move,2026-02-18,asset-02
session-public-02487,,DM,camp-private,2026-08-03,asset-03
session-public-02488,,Organic,organic,2026-06-18,asset-04
session-public-02489,,Instagram,camp-studio,2025-10-28,asset-01
session-public-02490,,Paid Social,camp-move,2026-08-01,asset-02
session-public-02491,,DM,camp-private,2026-02-14,asset-03
session-public-02492,,Organic,organic,2025-12-01,asset-04
session-public-02493,,Instagram,camp-studio,2025-10-25,asset-01
session-public-02494,,Paid Social,camp-move,2026-05-16,
session-public-02495,,DM,camp-private,2026-07-29,asset-03
session-public-02496,,Organic,organic,2026-02-02,asset-04
session-public-02497,,Instagram,camp-studio,2025-12-11,asset-01
session-public-02498,,Paid Social,camp-move,2026-08-17,asset-02
session-public-02499,,DM,camp-private,2026-09-15,asset-03
session-public-02500,,Organic,organic,2026-06-12,asset-04
session-public-02501,,Instagram,camp-studio,2025-11-10,asset-01
session-public-02502,,Paid Social,camp-move,2026-06-03,asset-02
session-public-02503,,DM,camp-private,2026-07-29,
session-public-02504,,Organic,organic,2026-01-14,asset-04
session-public-02505,,Instagram,camp-studio,2026-09-09,asset-01
session-public-02506,,Paid Social,camp-move,2026-02-14,asset-02
session-public-02507,,DM,camp-private,2025-10-08,asset-03
session-public-02508,,Organic,organic,2026-04-11,asset-04
session-public-02509,,Instagram,camp-studio,2026-03-14,asset-01
session-public-02510,,Paid Social,camp-move,2026-08-28,asset-02
session-public-02511,,DM,camp-private,2025-12-14,asset-03
session-public-02512,,Organic,organic,2026-09-12,
session-public-02513,,Instagram,camp-studio,2026-05-22,asset-01
session-public-02514,,Paid Social,camp-move,2026-05-11,asset-02
session-public-02515,,DM,camp-private,2026-03-24,asset-03
session-public-02516,,Organic,organic,2026-06-09,asset-04
session-public-02517,,Instagram,camp-studio,2026-02-25,asset-01
session-public-02518,,Paid Social,camp-move,2026-02-19,asset-02
session-public-02519,,DM,camp-private,2026-08-22,asset-03
session-public-02520,,Organic,organic,2026-09-18,asset-04
session-public-02521,,Instagram,camp-studio,2026-04-15,
session-public-02522,,Paid Social,camp-move,2026-04-24,asset-02
session-public-02523,,DM,camp-private,2026-01-20,asset-03
session-public-02524,,Organic,organic,2026-02-27,asset-04
session-public-02525,,Instagram,camp-studio,2026-08-29,asset-01
session-public-02526,,Paid Social,camp-move,2026-03-08,asset-02
session-public-02527,,DM,camp-private,2026-01-07,asset-03
session-public-02528,,Organic,organic,2026-01-23,asset-04
session-public-02529,,Instagram,camp-studio,2026-05-16,asset-01
session-public-02530,,Paid Social,camp-move,2025-12-07,
session-public-02531,,DM,camp-private,2026-09-17,asset-03
session-public-02532,,Organic,organic,2025-12-10,asset-04
session-public-02533,,Instagram,camp-studio,2025-10-10,asset-01
session-public-02534,,Paid Social,camp-move,2025-11-01,asset-02
session-public-02535,,DM,camp-private,2025-10-22,asset-03
session-public-02536,,Organic,organic,2026-07-19,asset-04
session-public-02537,,Instagram,camp-studio,2025-11-21,asset-01
session-public-02538,,Paid Social,camp-move,2025-12-06,asset-02
session-public-02539,,DM,camp-private,2025-11-16,
session-public-02540,,Organic,organic,2026-05-09,asset-04
session-public-02541,,Instagram,camp-studio,2025-11-25,asset-01
session-public-02542,,Paid Social,camp-move,2025-12-07,asset-02
session-public-02543,,DM,camp-private,2025-10-29,asset-03
session-public-02544,,Organic,organic,2026-02-13,asset-04
session-public-02545,,Instagram,camp-studio,2026-03-11,asset-01
session-public-02546,,Paid Social,camp-move,2026-09-09,asset-02
session-public-02547,,DM,camp-private,2026-03-04,asset-03
session-public-02548,,Organic,organic,2026-07-15,
session-public-02549,,Instagram,camp-studio,2026-01-22,asset-01
session-public-02550,,Paid Social,camp-move,2026-05-26,asset-02
session-public-02551,,DM,camp-private,2026-05-02,asset-03
session-public-02552,,Organic,organic,2026-04-19,asset-04
session-public-02553,,Instagram,camp-studio,2025-11-23,asset-01
session-public-02554,,Paid Social,camp-move,2026-08-17,asset-02
session-public-02555,,DM,camp-private,2026-08-30,asset-03
session-public-02556,,Organic,organic,2026-08-31,asset-04
session-public-02557,,Instagram,camp-studio,2026-07-01,
session-public-02558,,Paid Social,camp-move,2026-07-19,asset-02
session-public-02559,,DM,camp-private,2026-02-23,asset-03
session-public-02560,,Organic,organic,2026-09-20,asset-04
session-public-02561,,Instagram,camp-studio,2026-01-07,asset-01
session-public-02562,,Paid Social,camp-move,2026-05-22,asset-02
session-public-02563,,DM,camp-private,2026-08-23,asset-03
session-public-02564,,Organic,organic,2025-10-09,asset-04
session-public-02565,,Instagram,camp-studio,2026-03-27,asset-01
session-public-02566,,Paid Social,camp-move,2025-12-11,
session-public-02567,,DM,camp-private,2026-04-10,asset-03
session-public-02568,,Organic,organic,2025-12-29,asset-04
session-public-02569,,Instagram,camp-studio,2026-03-17,asset-01
session-public-02570,,Paid Social,camp-move,2025-10-25,asset-02
session-public-02571,,DM,camp-private,2025-10-17,asset-03
session-public-02572,,Organic,organic,2025-10-08,asset-04
session-public-02573,,Instagram,camp-studio,2026-01-29,asset-01
session-public-02574,,Paid Social,camp-move,2026-04-09,asset-02
session-public-02575,,DM,camp-private,2025-12-26,
session-public-02576,,Organic,organic,2026-06-03,asset-04
session-public-02577,,Instagram,camp-studio,2026-05-17,asset-01
session-public-02578,,Paid Social,camp-move,2026-08-25,asset-02
session-public-02579,,DM,camp-private,2026-04-13,asset-03
session-public-02580,,Organic,organic,2026-09-20,asset-04
session-public-02581,,Instagram,camp-studio,2026-03-06,asset-01
session-public-02582,,Paid Social,camp-move,2026-05-10,asset-02
session-public-02583,,DM,camp-private,2025-11-29,asset-03
session-public-02584,,Organic,organic,2026-03-08,
session-public-02585,,Instagram,camp-studio,2026-09-19,asset-01
session-public-02586,,Paid Social,camp-move,2026-04-26,asset-02
session-public-02587,,DM,camp-private,2026-08-25,asset-03
session-public-02588,,Organic,organic,2026-03-02,asset-04
session-public-02589,,Instagram,camp-studio,2026-07-09,asset-01
session-public-02590,,Paid Social,camp-move,2026-09-15,asset-02
session-public-02591,,DM,camp-private,2025-12-25,asset-03
session-public-02592,,Organic,organic,2025-09-25,asset-04
session-public-02593,,Instagram,camp-studio,2025-12-15,
session-public-02594,,Paid Social,camp-move,2026-01-28,asset-02
session-public-02595,,DM,camp-private,2026-04-22,asset-03
session-public-02596,,Organic,organic,2025-11-08,asset-04
session-public-02597,,Instagram,camp-studio,2026-05-29,asset-01
session-public-02598,,Paid Social,camp-move,2026-03-12,asset-02
session-public-02599,,DM,camp-private,2025-12-06,asset-03
session-public-02600,,Organic,organic,2025-10-13,asset-04
session-public-02601,,Instagram,camp-studio,2025-12-02,asset-01
session-public-02602,,Paid Social,camp-move,2026-01-22,
session-public-02603,,DM,camp-private,2026-06-11,asset-03
session-public-02604,,Organic,organic,2026-07-28,asset-04
session-public-02605,,Instagram,camp-studio,2026-06-02,asset-01
session-public-02606,,Paid Social,camp-move,2026-02-11,asset-02
session-public-02607,,DM,camp-private,2026-01-03,asset-03
session-public-02608,,Organic,organic,2025-12-23,asset-04
session-public-02609,,Instagram,camp-studio,2026-04-23,asset-01
session-public-02610,,Paid Social,camp-move,2025-10-11,asset-02
session-public-02611,,DM,camp-private,2025-09-26,
session-public-02612,,Organic,organic,2026-08-11,asset-04
session-public-02613,,Instagram,camp-studio,2026-03-25,asset-01
session-public-02614,,Paid Social,camp-move,2026-09-21,asset-02
session-public-02615,,DM,camp-private,2026-03-16,asset-03
session-public-02616,,Organic,organic,2026-08-02,asset-04
session-public-02617,,Instagram,camp-studio,2026-03-31,asset-01
session-public-02618,,Paid Social,camp-move,2026-03-13,asset-02
session-public-02619,,DM,camp-private,2025-09-23,asset-03
session-public-02620,,Organic,organic,2025-11-14,
session-public-02621,,Instagram,camp-studio,2026-05-27,asset-01
session-public-02622,,Paid Social,camp-move,2026-06-05,asset-02
session-public-02623,,DM,camp-private,2026-01-03,asset-03
session-public-02624,,Organic,organic,2026-01-08,asset-04
session-public-02625,,Instagram,camp-studio,2025-12-06,asset-01
session-public-02626,,Paid Social,camp-move,2026-03-11,asset-02
session-public-02627,,DM,camp-private,2026-09-05,asset-03
session-public-02628,,Organic,organic,2026-08-25,asset-04
session-public-02629,,Instagram,camp-studio,2026-06-07,
session-public-02630,,Paid Social,camp-move,2026-02-09,asset-02
session-public-02631,,DM,camp-private,2026-06-20,asset-03
session-public-02632,,Organic,organic,2026-04-10,asset-04
session-public-02633,,Instagram,camp-studio,2026-06-19,asset-01
session-public-02634,,Paid Social,camp-move,2026-07-21,asset-02
session-public-02635,,DM,camp-private,2026-08-01,asset-03
session-public-02636,,Organic,organic,2026-08-01,asset-04
session-public-02637,,Instagram,camp-studio,2025-12-31,asset-01
session-public-02638,,Paid Social,camp-move,2026-05-02,
session-public-02639,,DM,camp-private,2025-10-12,asset-03
session-public-02640,,Organic,organic,2026-05-12,asset-04
session-public-02641,,Instagram,camp-studio,2026-07-21,asset-01
session-public-02642,,Paid Social,camp-move,2026-06-29,asset-02
session-public-02643,,DM,camp-private,2026-02-17,asset-03
session-public-02644,,Organic,organic,2026-06-24,asset-04
session-public-02645,,Instagram,camp-studio,2026-05-13,asset-01
session-public-02646,,Paid Social,camp-move,2025-10-14,asset-02
session-public-02647,,DM,camp-private,2026-02-14,
session-public-02648,,Organic,organic,2026-03-11,asset-04
session-public-02649,,Instagram,camp-studio,2025-10-01,asset-01
session-public-02650,,Paid Social,camp-move,2026-04-18,asset-02
session-public-02651,,DM,camp-private,2026-07-20,asset-03
session-public-02652,,Organic,organic,2026-08-09,asset-04
session-public-02653,,Instagram,camp-studio,2025-10-24,asset-01
session-public-02654,,Paid Social,camp-move,2026-05-22,asset-02
session-public-02655,,DM,camp-private,2026-04-23,asset-03
session-public-02656,,Organic,organic,2026-05-17,
session-public-02657,,Instagram,camp-studio,2026-07-30,asset-01
session-public-02658,,Paid Social,camp-move,2026-07-11,asset-02
session-public-02659,,DM,camp-private,2026-01-18,asset-03
session-public-02660,,Organic,organic,2026-03-02,asset-04
session-public-02661,,Instagram,camp-studio,2026-07-21,asset-01
session-public-02662,,Paid Social,camp-move,2026-01-14,asset-02
session-public-02663,,DM,camp-private,2026-05-10,asset-03
session-public-02664,,Organic,organic,2026-02-04,asset-04
session-public-02665,,Instagram,camp-studio,2026-02-22,
session-public-02666,,Paid Social,camp-move,2026-08-21,asset-02
session-public-02667,,DM,camp-private,2025-10-11,asset-03
session-public-02668,,Organic,organic,2026-01-17,asset-04
session-public-02669,,Instagram,camp-studio,2026-08-30,asset-01
session-public-02670,,Paid Social,camp-move,2026-07-15,asset-02
session-public-02671,,DM,camp-private,2026-01-30,asset-03
session-public-02672,,Organic,organic,2026-04-12,asset-04
session-public-02673,,Instagram,camp-studio,2026-02-04,asset-01
session-public-02674,,Paid Social,camp-move,2025-09-24,
session-public-02675,,DM,camp-private,2026-06-20,asset-03
session-public-02676,,Organic,organic,2026-01-17,asset-04
session-public-02677,,Instagram,camp-studio,2025-10-12,asset-01
session-public-02678,,Paid Social,camp-move,2026-01-13,asset-02
session-public-02679,,DM,camp-private,2026-05-10,asset-03
session-public-02680,,Organic,organic,2026-01-22,asset-04
session-public-02681,,Instagram,camp-studio,2026-04-13,asset-01
session-public-02682,,Paid Social,camp-move,2025-09-23,asset-02
session-public-02683,,DM,camp-private,2026-04-30,
session-public-02684,,Organic,organic,2025-10-16,asset-04
session-public-02685,,Instagram,camp-studio,2025-10-30,asset-01
session-public-02686,,Paid Social,camp-move,2026-02-09,asset-02
session-public-02687,,DM,camp-private,2026-06-23,asset-03
session-public-02688,,Organic,organic,2026-06-28,asset-04
session-public-02689,,Instagram,camp-studio,2026-04-23,asset-01
session-public-02690,,Paid Social,camp-move,2025-09-30,asset-02
session-public-02691,,DM,camp-private,2026-06-05,asset-03
session-public-02692,,Organic,organic,2026-08-15,
session-public-02693,,Instagram,camp-studio,2026-02-25,asset-01
session-public-02694,,Paid Social,camp-move,2026-07-26,asset-02
session-public-02695,,DM,camp-private,2026-08-27,asset-03
session-public-02696,,Organic,organic,2025-10-18,asset-04
session-public-02697,,Instagram,camp-studio,2026-06-03,asset-01
session-public-02698,,Paid Social,camp-move,2026-07-16,asset-02
session-public-02699,,DM,camp-private,2026-01-09,asset-03
session-public-02700,,Organic,organic,2026-06-22,asset-04
session-public-02701,,Instagram,camp-studio,2026-08-26,
session-public-02702,,Paid Social,camp-move,2026-07-01,asset-02
session-public-02703,,DM,camp-private,2026-02-16,asset-03
session-public-02704,,Organic,organic,2025-11-20,asset-04
session-public-02705,,Instagram,camp-studio,2026-01-20,asset-01
session-public-02706,,Paid Social,camp-move,2026-04-09,asset-02
session-public-02707,,DM,camp-private,2026-07-06,asset-03
session-public-02708,,Organic,organic,2026-03-09,asset-04
session-public-02709,,Instagram,camp-studio,2025-12-21,asset-01
session-public-02710,,Paid Social,camp-move,2026-06-28,
session-public-02711,,DM,camp-private,2026-08-23,asset-03
session-public-02712,,Organic,organic,2026-01-02,asset-04
session-public-02713,,Instagram,camp-studio,2025-09-29,asset-01
session-public-02714,,Paid Social,camp-move,2026-09-07,asset-02
session-public-02715,,DM,camp-private,2026-04-29,asset-03
session-public-02716,,Organic,organic,2025-11-01,asset-04
session-public-02717,,Instagram,camp-studio,2026-03-09,asset-01
session-public-02718,,Paid Social,camp-move,2026-08-19,asset-02
session-public-02719,,DM,camp-private,2026-01-25,
session-public-02720,,Organic,organic,2026-05-25,asset-04
session-public-02721,,Instagram,camp-studio,2025-10-02,asset-01
session-public-02722,,Paid Social,camp-move,2025-11-11,asset-02
session-public-02723,,DM,camp-private,2025-11-27,asset-03
session-public-02724,,Organic,organic,2026-02-01,asset-04
session-public-02725,,Instagram,camp-studio,2025-12-17,asset-01
session-public-02726,,Paid Social,camp-move,2026-08-24,asset-02
session-public-02727,,DM,camp-private,2026-02-18,asset-03
session-public-02728,,Organic,organic,2026-08-31,
session-public-02729,,Instagram,camp-studio,2026-01-31,asset-01
session-public-02730,,Paid Social,camp-move,2026-04-22,asset-02
session-public-02731,,DM,camp-private,2025-12-13,asset-03
session-public-02732,,Organic,organic,2026-04-28,asset-04
session-public-02733,,Instagram,camp-studio,2026-01-04,asset-01
session-public-02734,,Paid Social,camp-move,2025-12-14,asset-02
session-public-02735,,DM,camp-private,2026-03-26,asset-03
session-public-02736,,Organic,organic,2025-11-10,asset-04
session-public-02737,,Instagram,camp-studio,2026-02-16,
session-public-02738,,Paid Social,camp-move,2026-02-27,asset-02
session-public-02739,,DM,camp-private,2026-06-26,asset-03
session-public-02740,,Organic,organic,2026-09-11,asset-04
session-public-02741,,Instagram,camp-studio,2026-06-29,asset-01
session-public-02742,,Paid Social,camp-move,2026-08-15,asset-02
session-public-02743,,DM,camp-private,2025-10-27,asset-03
session-public-02744,,Organic,organic,2025-10-31,asset-04
session-public-02745,,Instagram,camp-studio,2025-12-10,asset-01
session-public-02746,,Paid Social,camp-move,2025-11-23,
session-public-02747,,DM,camp-private,2025-09-23,asset-03
session-public-02748,,Organic,organic,2026-01-22,asset-04
session-public-02749,,Instagram,camp-studio,2025-10-25,asset-01
session-public-02750,,Paid Social,camp-move,2026-02-07,asset-02
session-public-02751,,DM,camp-private,2025-12-22,asset-03
session-public-02752,,Organic,organic,2025-11-19,asset-04
session-public-02753,,Instagram,camp-studio,2026-05-11,asset-01
session-public-02754,,Paid Social,camp-move,2026-03-13,asset-02
session-public-02755,,DM,camp-private,2025-11-23,
session-public-02756,,Organic,organic,2026-06-05,asset-04
session-public-02757,,Instagram,camp-studio,2026-06-22,asset-01
session-public-02758,,Paid Social,camp-move,2026-05-18,asset-02
session-public-02759,,DM,camp-private,2026-06-10,asset-03
session-public-02760,,Organic,organic,2025-11-23,asset-04
session-public-02761,,Instagram,camp-studio,2026-05-26,asset-01
session-public-02762,,Paid Social,camp-move,2026-08-30,asset-02
session-public-02763,,DM,camp-private,2026-08-02,asset-03
session-public-02764,,Organic,organic,2026-02-11,
session-public-02765,,Instagram,camp-studio,2025-11-03,asset-01
session-public-02766,,Paid Social,camp-move,2026-03-23,asset-02
session-public-02767,,DM,camp-private,2025-11-08,asset-03
session-public-02768,,Organic,organic,2026-03-21,asset-04
session-public-02769,,Instagram,camp-studio,2025-12-21,asset-01
session-public-02770,,Paid Social,camp-move,2026-04-08,asset-02
session-public-02771,,DM,camp-private,2025-12-27,asset-03
session-public-02772,,Organic,organic,2026-06-28,asset-04
session-public-02773,,Instagram,camp-studio,2026-01-28,
session-public-02774,,Paid Social,camp-move,2025-10-01,asset-02
session-public-02775,,DM,camp-private,2026-08-05,asset-03
session-public-02776,,Organic,organic,2025-11-05,asset-04
session-public-02777,,Instagram,camp-studio,2025-10-24,asset-01
session-public-02778,,Paid Social,camp-move,2025-12-14,asset-02
session-public-02779,,DM,camp-private,2025-12-05,asset-03
session-public-02780,,Organic,organic,2026-03-16,asset-04
session-public-02781,,Instagram,camp-studio,2025-12-13,asset-01
session-public-02782,,Paid Social,camp-move,2026-06-16,
session-public-02783,,DM,camp-private,2026-09-10,asset-03
session-public-02784,,Organic,organic,2026-06-22,asset-04
session-public-02785,,Instagram,camp-studio,2025-12-30,asset-01
session-public-02786,,Paid Social,camp-move,2026-05-25,asset-02
session-public-02787,,DM,camp-private,2026-08-11,asset-03
session-public-02788,,Organic,organic,2026-03-20,asset-04
session-public-02789,,Instagram,camp-studio,2025-10-07,asset-01
session-public-02790,,Paid Social,camp-move,2026-03-15,asset-02
session-public-02791,,DM,camp-private,2026-04-09,
session-public-02792,,Organic,organic,2026-05-01,asset-04
session-public-02793,,Instagram,camp-studio,2025-11-14,asset-01
session-public-02794,,Paid Social,camp-move,2026-06-11,asset-02
session-public-02795,,DM,camp-private,2026-04-16,asset-03
session-public-02796,,Organic,organic,2026-01-08,asset-04
session-public-02797,,Instagram,camp-studio,2025-12-16,asset-01
session-public-02798,,Paid Social,camp-move,2025-12-28,asset-02
session-public-02799,,DM,camp-private,2026-08-05,asset-03
session-public-02800,,Organic,organic,2026-08-14,
session-public-02801,,Instagram,camp-studio,2026-05-27,asset-01
session-public-02802,,Paid Social,camp-move,2026-07-19,asset-02
session-public-02803,,DM,camp-private,2026-09-14,asset-03
session-public-02804,,Organic,organic,2025-10-26,asset-04
session-public-02805,,Instagram,camp-studio,2026-01-16,asset-01
session-public-02806,,Paid Social,camp-move,2026-08-24,asset-02
session-public-02807,,DM,camp-private,2026-06-02,asset-03
session-public-02808,,Organic,organic,2026-07-04,asset-04
session-public-02809,,Instagram,camp-studio,2026-05-14,
session-public-02810,,Paid Social,camp-move,2026-04-08,asset-02
session-public-02811,,DM,camp-private,2026-03-05,asset-03
session-public-02812,,Organic,organic,2026-08-16,asset-04
session-public-02813,,Instagram,camp-studio,2026-03-29,asset-01
session-public-02814,,Paid Social,camp-move,2026-01-01,asset-02
session-public-02815,,DM,camp-private,2025-10-13,asset-03
session-public-02816,,Organic,organic,2025-10-10,asset-04
session-public-02817,,Instagram,camp-studio,2026-05-11,asset-01
session-public-02818,,Paid Social,camp-move,2025-12-27,
session-public-02819,,DM,camp-private,2025-09-23,asset-03
session-public-02820,,Organic,organic,2026-07-11,asset-04
session-public-02821,,Instagram,camp-studio,2026-03-22,asset-01
session-public-02822,,Paid Social,camp-move,2025-09-30,asset-02
session-public-02823,,DM,camp-private,2026-08-28,asset-03
session-public-02824,,Organic,organic,2026-03-31,asset-04
session-public-02825,,Instagram,camp-studio,2026-08-20,asset-01
session-public-02826,,Paid Social,camp-move,2026-03-14,asset-02
session-public-02827,,DM,camp-private,2026-04-22,
session-public-02828,,Organic,organic,2025-09-25,asset-04
session-public-02829,,Instagram,camp-studio,2026-03-02,asset-01
session-public-02830,,Paid Social,camp-move,2026-05-17,asset-02
session-public-02831,,DM,camp-private,2025-11-04,asset-03
session-public-02832,,Organic,organic,2025-11-29,asset-04
session-public-02833,,Instagram,camp-studio,2025-11-10,asset-01
session-public-02834,,Paid Social,camp-move,2026-07-23,asset-02
session-public-02835,,DM,camp-private,2026-06-15,asset-03
session-public-02836,,Organic,organic,2026-07-06,
session-public-02837,,Instagram,camp-studio,2025-11-20,asset-01
session-public-02838,,Paid Social,camp-move,2026-07-22,asset-02
session-public-02839,,DM,camp-private,2025-11-30,asset-03
session-public-02840,,Organic,organic,2026-05-22,asset-04
session-public-02841,,Instagram,camp-studio,2026-06-02,asset-01
session-public-02842,,Paid Social,camp-move,2026-07-02,asset-02
session-public-02843,,DM,camp-private,2026-07-01,asset-03
session-public-02844,,Organic,organic,2026-03-15,asset-04
session-public-02845,,Instagram,camp-studio,2025-11-22,
session-public-02846,,Paid Social,camp-move,2026-08-07,asset-02
session-public-02847,,DM,camp-private,2025-10-08,asset-03
session-public-02848,,Organic,organic,2026-08-14,asset-04
session-public-02849,,Instagram,camp-studio,2026-03-03,asset-01
session-public-02850,,Paid Social,camp-move,2026-01-25,asset-02
session-public-02851,,DM,camp-private,2026-02-28,asset-03
session-public-02852,,Organic,organic,2026-06-23,asset-04
session-public-02853,,Instagram,camp-studio,2026-04-27,asset-01
session-public-02854,,Paid Social,camp-move,2026-02-19,
session-public-02855,,DM,camp-private,2025-10-11,asset-03
session-public-02856,,Organic,organic,2025-11-15,asset-04
session-public-02857,,Instagram,camp-studio,2025-10-20,asset-01
session-public-02858,,Paid Social,camp-move,2026-02-22,asset-02
session-public-02859,,DM,camp-private,2026-08-28,asset-03
session-public-02860,,Organic,organic,2025-12-01,asset-04
session-public-02861,,Instagram,camp-studio,2026-09-13,asset-01
session-public-02862,,Paid Social,camp-move,2026-02-01,asset-02
session-public-02863,,DM,camp-private,2026-04-04,
session-public-02864,,Organic,organic,2025-12-09,asset-04
session-public-02865,,Instagram,camp-studio,2026-02-12,asset-01
session-public-02866,,Paid Social,camp-move,2026-03-15,asset-02
session-public-02867,,DM,camp-private,2026-04-20,asset-03
session-public-02868,,Organic,organic,2025-10-30,asset-04
session-public-02869,,Instagram,camp-studio,2026-06-20,asset-01
session-public-02870,,Paid Social,camp-move,2026-03-27,asset-02
session-public-02871,,DM,camp-private,2025-10-30,asset-03
session-public-02872,,Organic,organic,2026-06-04,
session-public-02873,,Instagram,camp-studio,2026-02-26,asset-01
session-public-02874,,Paid Social,camp-move,2026-02-22,asset-02
session-public-02875,,DM,camp-private,2026-04-18,asset-03
session-public-02876,,Organic,organic,2025-10-03,asset-04
session-public-02877,,Instagram,camp-studio,2025-10-05,asset-01
session-public-02878,,Paid Social,camp-move,2026-02-14,asset-02
session-public-02879,,DM,camp-private,2026-03-08,asset-03
session-public-02880,,Organic,organic,2025-12-25,asset-04
session-public-02881,,Instagram,camp-studio,2026-09-21,
session-public-02882,,Paid Social,camp-move,2025-11-08,asset-02
session-public-02883,,DM,camp-private,2025-12-01,asset-03
session-public-02884,,Organic,organic,2026-06-17,asset-04
session-public-02885,,Instagram,camp-studio,2026-07-27,asset-01
session-public-02886,,Paid Social,camp-move,2026-07-25,asset-02
session-public-02887,,DM,camp-private,2025-11-12,asset-03
session-public-02888,,Organic,organic,2026-03-26,asset-04
session-public-02889,,Instagram,camp-studio,2025-11-19,asset-01
session-public-02890,,Paid Social,camp-move,2025-11-09,
session-public-02891,,DM,camp-private,2026-02-04,asset-03
session-public-02892,,Organic,organic,2026-03-11,asset-04
session-public-02893,,Instagram,camp-studio,2026-03-03,asset-01
session-public-02894,,Paid Social,camp-move,2025-11-24,asset-02
session-public-02895,,DM,camp-private,2025-12-24,asset-03
session-public-02896,,Organic,organic,2026-07-14,asset-04
session-public-02897,,Instagram,camp-studio,2026-01-08,asset-01
session-public-02898,,Paid Social,camp-move,2026-07-17,asset-02
session-public-02899,,DM,camp-private,2025-11-01,
session-public-02900,,Organic,organic,2026-01-18,asset-04
session-public-02901,,Instagram,camp-studio,2025-10-17,asset-01
session-public-02902,,Paid Social,camp-move,2026-02-10,asset-02
session-public-02903,,DM,camp-private,2026-02-28,asset-03
session-public-02904,,Organic,organic,2026-06-30,asset-04
session-public-02905,,Instagram,camp-studio,2026-06-26,asset-01
session-public-02906,,Paid Social,camp-move,2025-11-01,asset-02
session-public-02907,,DM,camp-private,2026-09-21,asset-03
session-public-02908,,Organic,organic,2026-06-30,
session-public-02909,,Instagram,camp-studio,2026-07-14,asset-01
session-public-02910,,Paid Social,camp-move,2026-09-10,asset-02
session-public-02911,,DM,camp-private,2026-06-28,asset-03
session-public-02912,,Organic,organic,2026-02-21,asset-04
session-public-02913,,Instagram,camp-studio,2026-07-01,asset-01
session-public-02914,,Paid Social,camp-move,2026-08-24,asset-02
session-public-02915,,DM,camp-private,2026-02-21,asset-03
session-public-02916,,Organic,organic,2025-11-12,asset-04
session-public-02917,,Instagram,camp-studio,2026-04-16,
session-public-02918,,Paid Social,camp-move,2025-10-12,asset-02
session-public-02919,,DM,camp-private,2026-02-28,asset-03
session-public-02920,,Organic,organic,2026-04-25,asset-04
session-public-02921,,Instagram,camp-studio,2025-11-08,asset-01
session-public-02922,,Paid Social,camp-move,2026-08-24,asset-02
session-public-02923,,DM,camp-private,2026-03-11,asset-03
session-public-02924,,Organic,organic,2026-02-06,asset-04
session-public-02925,,Instagram,camp-studio,2025-10-18,asset-01
session-public-02926,,Paid Social,camp-move,2025-12-01,
session-public-02927,,DM,camp-private,2025-10-27,asset-03
session-public-02928,,Organic,organic,2025-11-09,asset-04
session-public-02929,,Instagram,camp-studio,2026-07-20,asset-01
session-public-02930,,Paid Social,camp-move,2025-09-24,asset-02
session-public-02931,,DM,camp-private,2025-11-15,asset-03
session-public-02932,,Organic,organic,2026-05-24,asset-04
session-public-02933,,Instagram,camp-studio,2025-10-13,asset-01
session-public-02934,,Paid Social,camp-move,2026-05-20,asset-02
session-public-02935,,DM,camp-private,2026-03-25,
session-public-02936,,Organic,organic,2026-04-17,asset-04
session-public-02937,,Instagram,camp-studio,2026-06-26,asset-01
session-public-02938,,Paid Social,camp-move,2025-11-15,asset-02
session-public-02939,,DM,camp-private,2026-02-04,asset-03
session-public-02940,,Organic,organic,2025-12-12,asset-04
session-public-02941,,Instagram,camp-studio,2026-07-21,asset-01
session-public-02942,,Paid Social,camp-move,2026-07-06,asset-02
session-public-02943,,DM,camp-private,2026-01-26,asset-03
session-public-02944,,Organic,organic,2025-11-02,
session-public-02945,,Instagram,camp-studio,2026-03-12,asset-01
session-public-02946,,Paid Social,camp-move,2025-12-17,asset-02
session-public-02947,,DM,camp-private,2025-12-25,asset-03
session-public-02948,,Organic,organic,2026-08-20,asset-04
session-public-02949,,Instagram,camp-studio,2026-07-10,asset-01
session-public-02950,,Paid Social,camp-move,2026-09-15,asset-02
session-public-02951,,DM,camp-private,2025-11-14,asset-03
session-public-02952,,Organic,organic,2026-08-10,asset-04
session-public-02953,,Instagram,camp-studio,2025-09-30,
session-public-02954,,Paid Social,camp-move,2026-05-20,asset-02
session-public-02955,,DM,camp-private,2026-01-11,asset-03
session-public-02956,,Organic,organic,2026-09-19,asset-04
session-public-02957,,Instagram,camp-studio,2025-11-25,asset-01
session-public-02958,,Paid Social,camp-move,2025-12-17,asset-02
session-public-02959,,DM,camp-private,2026-09-06,asset-03
session-public-02960,,Organic,organic,2026-06-09,asset-04
session-public-02961,,Instagram,camp-studio,2026-01-22,asset-01
session-public-02962,,Paid Social,camp-move,2026-04-18,
session-public-02963,,DM,camp-private,2025-09-24,asset-03
session-public-02964,,Organic,organic,2026-09-05,asset-04
session-public-02965,,Instagram,camp-studio,2026-06-16,asset-01
session-public-02966,,Paid Social,camp-move,2026-02-08,asset-02
session-public-02967,,DM,camp-private,2026-07-14,asset-03
session-public-02968,,Organic,organic,2025-12-27,asset-04
session-public-02969,,Instagram,camp-studio,2026-06-01,asset-01
session-public-02970,,Paid Social,camp-move,2026-06-29,asset-02
session-public-02971,,DM,camp-private,2026-01-21,
session-public-02972,,Organic,organic,2025-10-22,asset-04
session-public-02973,,Instagram,camp-studio,2026-04-30,asset-01
session-public-02974,,Paid Social,camp-move,2026-01-08,asset-02
session-public-02975,,DM,camp-private,2026-08-01,asset-03
session-public-02976,,Organic,organic,2026-08-29,asset-04
session-public-02977,,Instagram,camp-studio,2026-04-08,asset-01
session-public-02978,,Paid Social,camp-move,2025-12-29,asset-02
session-public-02979,,DM,camp-private,2026-06-19,asset-03
session-public-02980,,Organic,organic,2026-02-18,
session-public-02981,,Instagram,camp-studio,2026-03-17,asset-01
session-public-02982,,Paid Social,camp-move,2025-11-30,asset-02
session-public-02983,,DM,camp-private,2026-04-17,asset-03
session-public-02984,,Organic,organic,2026-07-21,asset-04
session-public-02985,,Instagram,camp-studio,2026-04-20,asset-01
session-public-02986,,Paid Social,camp-move,2026-07-15,asset-02
session-public-02987,,DM,camp-private,2026-02-16,asset-03
session-public-02988,,Organic,organic,2026-02-06,asset-04
session-public-02989,,Instagram,camp-studio,2026-01-27,
session-public-02990,,Paid Social,camp-move,2026-08-03,asset-02
session-public-02991,,DM,camp-private,2025-11-24,asset-03
session-public-02992,,Organic,organic,2026-09-18,asset-04
session-public-02993,,Instagram,camp-studio,2026-04-25,asset-01
session-public-02994,,Paid Social,camp-move,2026-01-30,asset-02
session-public-02995,,DM,camp-private,2026-08-19,asset-03
session-public-02996,,Organic,organic,2026-07-28,asset-04
session-public-02997,,Instagram,camp-studio,2026-06-03,asset-01
session-public-02998,,Paid Social,camp-move,2025-09-22,
session-public-02999,,DM,camp-private,2025-11-19,asset-03
session-public-03000,,Organic,organic,2026-04-17,asset-04
session-public-03001,,Instagram,camp-studio,2026-07-21,asset-01
session-public-03002,,Paid Social,camp-move,2025-12-28,asset-02
session-public-03003,,DM,camp-private,2026-01-29,asset-03
session-public-03004,,Organic,organic,2026-09-10,asset-04
session-public-03005,,Instagram,camp-studio,2025-11-26,asset-01
session-public-03006,,Paid Social,camp-move,2026-07-14,asset-02
session-public-03007,,DM,camp-private,2025-12-25,
session-public-03008,,Organic,organic,2026-08-16,asset-04
session-public-03009,,Instagram,camp-studio,2026-07-16,asset-01
session-public-03010,,Paid Social,camp-move,2025-11-22,asset-02
session-public-03011,,DM,camp-private,2026-08-31,asset-03
session-public-03012,,Organic,organic,2026-01-27,asset-04
session-public-03013,,Instagram,camp-studio,2025-11-28,asset-01
session-public-03014,,Paid Social,camp-move,2026-09-21,asset-02
session-public-03015,,DM,camp-private,2025-10-12,asset-03
session-public-03016,,Organic,organic,2026-01-18,
session-public-03017,,Instagram,camp-studio,2026-01-27,asset-01
session-public-03018,,Paid Social,camp-move,2025-10-15,asset-02
session-public-03019,,DM,camp-private,2025-10-28,asset-03
session-public-03020,,Organic,organic,2026-09-07,asset-04
session-public-03021,,Instagram,camp-studio,2026-04-12,asset-01
session-public-03022,,Paid Social,camp-move,2025-11-29,asset-02
session-public-03023,,DM,camp-private,2026-01-11,asset-03
session-public-03024,,Organic,organic,2026-02-10,asset-04
session-public-03025,,Instagram,camp-studio,2025-11-18,
session-public-03026,,Paid Social,camp-move,2026-07-13,asset-02
session-public-03027,,DM,camp-private,2025-09-23,asset-03
session-public-03028,,Organic,organic,2026-08-21,asset-04
session-public-03029,,Instagram,camp-studio,2026-01-07,asset-01
session-public-03030,,Paid Social,camp-move,2025-11-17,asset-02
session-public-03031,,DM,camp-private,2026-09-13,asset-03
session-public-03032,,Organic,organic,2025-09-29,asset-04
session-public-03033,,Instagram,camp-studio,2026-04-21,asset-01
session-public-03034,,Paid Social,camp-move,2025-11-15,
session-public-03035,,DM,camp-private,2026-03-15,asset-03
session-public-03036,,Organic,organic,2026-01-05,asset-04
session-public-03037,,Instagram,camp-studio,2026-05-08,asset-01
session-public-03038,,Paid Social,camp-move,2025-12-04,asset-02
session-public-03039,,DM,camp-private,2025-12-06,asset-03
session-public-03040,,Organic,organic,2026-08-19,asset-04
session-public-03041,,Instagram,camp-studio,2025-11-24,asset-01
session-public-03042,,Paid Social,camp-move,2026-03-29,asset-02
session-public-03043,,DM,camp-private,2026-03-07,
session-public-03044,,Organic,organic,2026-04-20,asset-04
session-public-03045,,Instagram,camp-studio,2026-04-03,asset-01
session-public-03046,,Paid Social,camp-move,2026-08-25,asset-02
session-public-03047,,DM,camp-private,2026-06-14,asset-03
session-public-03048,,Organic,organic,2026-09-05,asset-04
session-public-03049,,Instagram,camp-studio,2026-02-09,asset-01
session-public-03050,,Paid Social,camp-move,2026-05-07,asset-02
session-public-03051,,DM,camp-private,2026-08-27,asset-03
session-public-03052,,Organic,organic,2026-01-03,
session-public-03053,,Instagram,camp-studio,2026-08-13,asset-01
session-public-03054,,Paid Social,camp-move,2025-12-05,asset-02
session-public-03055,,DM,camp-private,2026-01-05,asset-03
session-public-03056,,Organic,organic,2026-04-09,asset-04
session-public-03057,,Instagram,camp-studio,2026-03-21,asset-01
session-public-03058,,Paid Social,camp-move,2025-12-27,asset-02
session-public-03059,,DM,camp-private,2026-08-28,asset-03
session-public-03060,,Organic,organic,2026-08-27,asset-04
session-public-03061,,Instagram,camp-studio,2026-01-24,
session-public-03062,,Paid Social,camp-move,2026-05-30,asset-02
session-public-03063,,DM,camp-private,2026-05-30,asset-03
session-public-03064,,Organic,organic,2026-02-09,asset-04
session-public-03065,,Instagram,camp-studio,2026-05-03,asset-01
session-public-03066,,Paid Social,camp-move,2025-10-17,asset-02
session-public-03067,,DM,camp-private,2026-01-29,asset-03
session-public-03068,,Organic,organic,2025-09-23,asset-04
session-public-03069,,Instagram,camp-studio,2026-05-01,asset-01
session-public-03070,,Paid Social,camp-move,2026-05-17,
session-public-03071,,DM,camp-private,2025-12-12,asset-03
session-public-03072,,Organic,organic,2025-10-23,asset-04
session-public-03073,,Instagram,camp-studio,2025-10-22,asset-01
session-public-03074,,Paid Social,camp-move,2026-05-14,asset-02
session-public-03075,,DM,camp-private,2026-06-17,asset-03
session-public-03076,,Organic,organic,2026-02-17,asset-04
session-public-03077,,Instagram,camp-studio,2026-01-04,asset-01
session-public-03078,,Paid Social,camp-move,2026-04-21,asset-02
session-public-03079,,DM,camp-private,2025-11-17,
session-public-03080,,Organic,organic,2026-02-16,asset-04
session-public-03081,,Instagram,camp-studio,2025-12-03,asset-01
session-public-03082,,Paid Social,camp-move,2026-02-14,asset-02
session-public-03083,,DM,camp-private,2026-02-12,asset-03
session-public-03084,,Organic,organic,2025-12-21,asset-04
session-public-03085,,Instagram,camp-studio,2026-04-28,asset-01
session-public-03086,,Paid Social,camp-move,2025-09-29,asset-02
session-public-03087,,DM,camp-private,2026-05-22,asset-03
session-public-03088,,Organic,organic,2026-06-20,
session-public-03089,,Instagram,camp-studio,2025-10-25,asset-01
session-public-03090,,Paid Social,camp-move,2026-07-19,asset-02
session-public-03091,,DM,camp-private,2026-05-12,asset-03
session-public-03092,,Organic,organic,2026-03-19,asset-04
session-public-03093,,Instagram,camp-studio,2026-02-24,asset-01
session-public-03094,,Paid Social,camp-move,2026-08-17,asset-02
session-public-03095,,DM,camp-private,2026-01-14,asset-03
session-public-03096,,Organic,organic,2026-05-10,asset-04
session-public-03097,,Instagram,camp-studio,2026-01-02,
session-public-03098,,Paid Social,camp-move,2026-09-09,asset-02
session-public-03099,,DM,camp-private,2026-02-10,asset-03
session-public-03100,,Organic,organic,2026-05-24,asset-04
session-public-03101,,Instagram,camp-studio,2026-04-09,asset-01
session-public-03102,,Paid Social,camp-move,2026-02-07,asset-02
session-public-03103,,DM,camp-private,2025-12-13,asset-03
session-public-03104,,Organic,organic,2026-05-25,asset-04
session-public-03105,,Instagram,camp-studio,2026-01-12,asset-01
session-public-03106,,Paid Social,camp-move,2026-05-04,
session-public-03107,,DM,camp-private,2025-11-29,asset-03
session-public-03108,,Organic,organic,2025-09-30,asset-04
session-public-03109,,Instagram,camp-studio,2026-01-20,asset-01
session-public-03110,,Paid Social,camp-move,2026-08-18,asset-02
session-public-03111,,DM,camp-private,2026-05-28,asset-03
session-public-03112,,Organic,organic,2026-04-06,asset-04
session-public-03113,,Instagram,camp-studio,2026-01-12,asset-01
session-public-03114,,Paid Social,camp-move,2026-07-01,asset-02
session-public-03115,,DM,camp-private,2026-06-09,
session-public-03116,,Organic,organic,2026-08-16,asset-04
session-public-03117,,Instagram,camp-studio,2025-12-05,asset-01
session-public-03118,,Paid Social,camp-move,2025-11-17,asset-02
session-public-03119,,DM,camp-private,2026-02-06,asset-03
session-public-03120,,Organic,organic,2026-03-30,asset-04
session-public-03121,,Instagram,camp-studio,2026-06-16,asset-01
session-public-03122,,Paid Social,camp-move,2026-01-30,asset-02
session-public-03123,,DM,camp-private,2026-09-10,asset-03
session-public-03124,,Organic,organic,2025-11-11,
session-public-03125,,Instagram,camp-studio,2026-02-08,asset-01
session-public-03126,,Paid Social,camp-move,2026-08-25,asset-02
session-public-03127,,DM,camp-private,2026-06-13,asset-03
session-public-03128,,Organic,organic,2026-02-27,asset-04
session-public-03129,,Instagram,camp-studio,2026-04-16,asset-01
session-public-03130,,Paid Social,camp-move,2025-10-02,asset-02
session-public-03131,,DM,camp-private,2025-10-24,asset-03
session-public-03132,,Organic,organic,2026-07-09,asset-04
session-public-03133,,Instagram,camp-studio,2025-11-15,
session-public-03134,,Paid Social,camp-move,2026-01-23,asset-02
session-public-03135,,DM,camp-private,2026-02-13,asset-03
session-public-03136,,Organic,organic,2026-01-29,asset-04
session-public-03137,,Instagram,camp-studio,2026-01-25,asset-01
session-public-03138,,Paid Social,camp-move,2026-08-30,asset-02
session-public-03139,,DM,camp-private,2026-07-03,asset-03
session-public-03140,,Organic,organic,2026-08-02,asset-04
session-public-03141,,Instagram,camp-studio,2026-07-13,asset-01
session-public-03142,,Paid Social,camp-move,2026-06-20,
session-public-03143,,DM,camp-private,2025-12-24,asset-03
session-public-03144,,Organic,organic,2026-08-09,asset-04
session-public-03145,,Instagram,camp-studio,2026-06-03,asset-01
session-public-03146,,Paid Social,camp-move,2026-06-19,asset-02
session-public-03147,,DM,camp-private,2025-09-23,asset-03
session-public-03148,,Organic,organic,2025-12-07,asset-04
session-public-03149,,Instagram,camp-studio,2025-10-02,asset-01
session-public-03150,,Paid Social,camp-move,2026-03-08,asset-02
session-public-03151,,DM,camp-private,2026-09-10,
session-public-03152,,Organic,organic,2026-07-02,asset-04
session-public-03153,,Instagram,camp-studio,2026-04-24,asset-01
session-public-03154,,Paid Social,camp-move,2026-07-09,asset-02
session-public-03155,,DM,camp-private,2026-03-15,asset-03
session-public-03156,,Organic,organic,2025-09-22,asset-04
session-public-03157,,Instagram,camp-studio,2026-05-26,asset-01
session-public-03158,,Paid Social,camp-move,2025-12-30,asset-02
session-public-03159,,DM,camp-private,2025-12-26,asset-03
session-public-03160,,Organic,organic,2025-11-16,
session-public-03161,,Instagram,camp-studio,2026-02-25,asset-01
session-public-03162,,Paid Social,camp-move,2026-04-27,asset-02
session-public-03163,,DM,camp-private,2026-01-28,asset-03
session-public-03164,,Organic,organic,2026-09-13,asset-04
session-public-03165,,Instagram,camp-studio,2026-02-08,asset-01
session-public-03166,,Paid Social,camp-move,2026-07-19,asset-02
session-public-03167,,DM,camp-private,2026-01-02,asset-03
session-public-03168,,Organic,organic,2026-08-09,asset-04
session-public-03169,,Instagram,camp-studio,2026-04-15,
session-public-03170,,Paid Social,camp-move,2026-08-30,asset-02
session-public-03171,,DM,camp-private,2026-07-27,asset-03
session-public-03172,,Organic,organic,2026-07-08,asset-04
session-public-03173,,Instagram,camp-studio,2026-07-07,asset-01
session-public-03174,,Paid Social,camp-move,2026-03-23,asset-02
session-public-03175,,DM,camp-private,2025-11-10,asset-03
session-public-03176,,Organic,organic,2026-04-04,asset-04
session-public-03177,,Instagram,camp-studio,2026-05-21,asset-01
session-public-03178,,Paid Social,camp-move,2026-08-07,
session-public-03179,,DM,camp-private,2025-12-31,asset-03
session-public-03180,,Organic,organic,2026-01-25,asset-04
session-public-03181,,Instagram,camp-studio,2026-03-07,asset-01
session-public-03182,,Paid Social,camp-move,2025-10-15,asset-02
session-public-03183,,DM,camp-private,2026-03-13,asset-03
session-public-03184,,Organic,organic,2026-03-23,asset-04
session-public-03185,,Instagram,camp-studio,2026-05-21,asset-01
session-public-03186,,Paid Social,camp-move,2026-01-23,asset-02
session-public-03187,,DM,camp-private,2026-06-21,
session-public-03188,,Organic,organic,2026-03-11,asset-04
session-public-03189,,Instagram,camp-studio,2026-06-01,asset-01
session-public-03190,,Paid Social,camp-move,2026-01-16,asset-02
session-public-03191,,DM,camp-private,2026-04-30,asset-03
session-public-03192,,Organic,organic,2026-07-06,asset-04
session-public-03193,,Instagram,camp-studio,2025-09-30,asset-01
session-public-03194,,Paid Social,camp-move,2026-09-10,asset-02
session-public-03195,,DM,camp-private,2025-10-31,asset-03
session-public-03196,,Organic,organic,2025-11-13,
session-public-03197,,Instagram,camp-studio,2026-07-08,asset-01
session-public-03198,,Paid Social,camp-move,2025-12-01,asset-02
session-public-03199,,DM,camp-private,2026-01-18,asset-03
session-public-03200,,Organic,organic,2026-04-20,asset-04
session-public-03201,,Instagram,camp-studio,2025-10-14,asset-01
session-public-03202,,Paid Social,camp-move,2026-01-04,asset-02
session-public-03203,,DM,camp-private,2026-05-19,asset-03
session-public-03204,,Organic,organic,2026-04-21,asset-04
session-public-03205,,Instagram,camp-studio,2026-06-22,
session-public-03206,,Paid Social,camp-move,2025-10-29,asset-02
session-public-03207,,DM,camp-private,2025-11-13,asset-03
session-public-03208,,Organic,organic,2026-09-05,asset-04
session-public-03209,,Instagram,camp-studio,2026-06-29,asset-01
session-public-03210,,Paid Social,camp-move,2026-05-05,asset-02
session-public-03211,,DM,camp-private,2025-11-30,asset-03
session-public-03212,,Organic,organic,2026-01-13,asset-04
session-public-03213,,Instagram,camp-studio,2026-01-09,asset-01
session-public-03214,,Paid Social,camp-move,2026-01-11,
session-public-03215,,DM,camp-private,2026-03-30,asset-03
session-public-03216,,Organic,organic,2025-11-10,asset-04
session-public-03217,,Instagram,camp-studio,2025-10-10,asset-01
session-public-03218,,Paid Social,camp-move,2026-01-31,asset-02
session-public-03219,,DM,camp-private,2025-09-27,asset-03
session-public-03220,,Organic,organic,2026-07-19,asset-04
session-public-03221,,Instagram,camp-studio,2026-04-19,asset-01
session-public-03222,,Paid Social,camp-move,2025-11-22,asset-02
session-public-03223,,DM,camp-private,2026-02-12,
session-public-03224,,Organic,organic,2026-08-17,asset-04
session-public-03225,,Instagram,camp-studio,2026-07-20,asset-01
session-public-03226,,Paid Social,camp-move,2026-05-10,asset-02
session-public-03227,,DM,camp-private,2026-01-07,asset-03
session-public-03228,,Organic,organic,2025-11-08,asset-04
session-public-03229,,Instagram,camp-studio,2026-03-15,asset-01
session-public-03230,,Paid Social,camp-move,2026-01-21,asset-02
session-public-03231,,DM,camp-private,2026-08-01,asset-03
session-public-03232,,Organic,organic,2025-11-21,
session-public-03233,,Instagram,camp-studio,2025-11-08,asset-01
session-public-03234,,Paid Social,camp-move,2026-01-28,asset-02
session-public-03235,,DM,camp-private,2026-07-25,asset-03
session-public-03236,,Organic,organic,2026-06-23,asset-04
session-public-03237,,Instagram,camp-studio,2026-08-10,asset-01
session-public-03238,,Paid Social,camp-move,2026-01-23,asset-02
session-public-03239,,DM,camp-private,2025-10-14,asset-03
session-public-03240,,Organic,organic,2026-05-23,asset-04
session-public-03241,,Instagram,camp-studio,2026-09-09,
session-public-03242,,Paid Social,camp-move,2026-02-10,asset-02
session-public-03243,,DM,camp-private,2026-06-26,asset-03
session-public-03244,,Organic,organic,2025-12-16,asset-04
session-public-03245,,Instagram,camp-studio,2026-08-24,asset-01
session-public-03246,,Paid Social,camp-move,2026-09-13,asset-02
session-public-03247,,DM,camp-private,2025-09-25,asset-03
session-public-03248,,Organic,organic,2026-05-30,asset-04
session-public-03249,,Instagram,camp-studio,2026-01-10,asset-01
session-public-03250,,Paid Social,camp-move,2026-04-20,
session-public-03251,,DM,camp-private,2026-03-10,asset-03
session-public-03252,,Organic,organic,2025-11-12,asset-04
session-public-03253,,Instagram,camp-studio,2025-11-06,asset-01
session-public-03254,,Paid Social,camp-move,2026-06-06,asset-02
session-public-03255,,DM,camp-private,2026-07-17,asset-03
session-public-03256,,Organic,organic,2026-01-17,asset-04
session-public-03257,,Instagram,camp-studio,2026-07-13,asset-01
session-public-03258,,Paid Social,camp-move,2026-02-11,asset-02
session-public-03259,,DM,camp-private,2025-09-22,
session-public-03260,,Organic,organic,2026-04-28,asset-04
session-public-03261,,Instagram,camp-studio,2026-09-13,asset-01
session-public-03262,,Paid Social,camp-move,2026-03-19,asset-02
session-public-03263,,DM,camp-private,2026-03-23,asset-03
session-public-03264,,Organic,organic,2026-05-11,asset-04
session-public-03265,,Instagram,camp-studio,2026-07-03,asset-01
session-public-03266,,Paid Social,camp-move,2026-09-13,asset-02
session-public-03267,,DM,camp-private,2025-12-15,asset-03
session-public-03268,,Organic,organic,2025-10-05,
session-public-03269,,Instagram,camp-studio,2025-11-10,asset-01
session-public-03270,,Paid Social,camp-move,2026-08-09,asset-02
session-public-03271,,DM,camp-private,2026-07-11,asset-03
session-public-03272,,Organic,organic,2025-10-02,asset-04
session-public-03273,,Instagram,camp-studio,2026-08-29,asset-01
session-public-03274,,Paid Social,camp-move,2026-02-09,asset-02
session-public-03275,,DM,camp-private,2025-12-29,asset-03
session-public-03276,,Organic,organic,2025-12-19,asset-04
session-public-03277,,Instagram,camp-studio,2025-12-11,
session-public-03278,,Paid Social,camp-move,2026-01-19,asset-02
session-public-03279,,DM,camp-private,2025-10-15,asset-03
session-public-03280,,Organic,organic,2025-12-22,asset-04
session-public-03281,,Instagram,camp-studio,2025-12-31,asset-01
session-public-03282,,Paid Social,camp-move,2026-01-07,asset-02
session-public-03283,,DM,camp-private,2026-01-01,asset-03
session-public-03284,,Organic,organic,2025-11-28,asset-04
session-public-03285,,Instagram,camp-studio,2026-02-20,asset-01
session-public-03286,,Paid Social,camp-move,2026-05-15,
session-public-03287,,DM,camp-private,2025-10-23,asset-03
session-public-03288,,Organic,organic,2026-08-26,asset-04
session-public-03289,,Instagram,camp-studio,2026-05-10,asset-01
session-public-03290,,Paid Social,camp-move,2026-01-15,asset-02
session-public-03291,,DM,camp-private,2026-08-04,asset-03
session-public-03292,,Organic,organic,2025-11-29,asset-04
session-public-03293,,Instagram,camp-studio,2025-10-08,asset-01
session-public-03294,,Paid Social,camp-move,2025-11-21,asset-02
session-public-03295,,DM,camp-private,2026-01-04,
session-public-03296,,Organic,organic,2026-03-28,asset-04
session-public-03297,,Instagram,camp-studio,2026-08-09,asset-01
session-public-03298,,Paid Social,camp-move,2026-02-22,asset-02
session-public-03299,,DM,camp-private,2026-09-08,asset-03
session-public-03300,,Organic,organic,2026-05-01,asset-04
session-public-03301,,Instagram,camp-studio,2025-12-09,asset-01
session-public-03302,,Paid Social,camp-move,2026-09-09,asset-02
session-public-03303,,DM,camp-private,2025-10-24,asset-03
session-public-03304,,Organic,organic,2025-12-12,
session-public-03305,,Instagram,camp-studio,2026-05-22,asset-01
session-public-03306,,Paid Social,camp-move,2026-04-03,asset-02
session-public-03307,,DM,camp-private,2025-09-25,asset-03
session-public-03308,,Organic,organic,2025-12-18,asset-04
session-public-03309,,Instagram,camp-studio,2026-04-01,asset-01
session-public-03310,,Paid Social,camp-move,2025-10-09,asset-02
session-public-03311,,DM,camp-private,2026-06-21,asset-03
session-public-03312,,Organic,organic,2025-12-20,asset-04
session-public-03313,,Instagram,camp-studio,2026-09-07,
session-public-03314,,Paid Social,camp-move,2026-04-25,asset-02
session-public-03315,,DM,camp-private,2025-11-16,asset-03
session-public-03316,,Organic,organic,2025-11-04,asset-04
session-public-03317,,Instagram,camp-studio,2025-12-11,asset-01
session-public-03318,,Paid Social,camp-move,2026-01-08,asset-02
session-public-03319,,DM,camp-private,2025-10-29,asset-03
session-public-03320,,Organic,organic,2025-12-09,asset-04
session-public-03321,,Instagram,camp-studio,2026-04-22,asset-01
session-public-03322,,Paid Social,camp-move,2025-11-16,
session-public-03323,,DM,camp-private,2026-05-02,asset-03
session-public-03324,,Organic,organic,2026-01-17,asset-04
session-public-03325,,Instagram,camp-studio,2026-09-15,asset-01
session-public-03326,,Paid Social,camp-move,2025-12-16,asset-02
session-public-03327,,DM,camp-private,2026-02-05,asset-03
session-public-03328,,Organic,organic,2026-06-15,asset-04
session-public-03329,,Instagram,camp-studio,2026-07-03,asset-01
session-public-03330,,Paid Social,camp-move,2026-09-03,asset-02
session-public-03331,,DM,camp-private,2026-06-20,
session-public-03332,,Organic,organic,2026-07-21,asset-04
session-public-03333,,Instagram,camp-studio,2026-07-18,asset-01
session-public-03334,,Paid Social,camp-move,2026-03-09,asset-02
session-public-03335,,DM,camp-private,2026-05-11,asset-03
session-public-03336,,Organic,organic,2025-12-11,asset-04
session-public-03337,,Instagram,camp-studio,2026-07-23,asset-01
session-public-03338,,Paid Social,camp-move,2026-06-21,asset-02
session-public-03339,,DM,camp-private,2026-08-26,asset-03
session-public-03340,,Organic,organic,2026-07-09,
session-public-03341,,Instagram,camp-studio,2026-01-10,asset-01
session-public-03342,,Paid Social,camp-move,2026-05-09,asset-02
session-public-03343,,DM,camp-private,2026-04-27,asset-03
session-public-03344,,Organic,organic,2025-12-19,asset-04
session-public-03345,,Instagram,camp-studio,2026-07-31,asset-01
session-public-03346,,Paid Social,camp-move,2026-05-07,asset-02
session-public-03347,,DM,camp-private,2026-02-11,asset-03
session-public-03348,,Organic,organic,2026-03-02,asset-04
session-public-03349,,Instagram,camp-studio,2026-02-02,
session-public-03350,,Paid Social,camp-move,2026-07-29,asset-02
session-public-03351,,DM,camp-private,2026-01-09,asset-03
session-public-03352,,Organic,organic,2025-10-02,asset-04
session-public-03353,,Instagram,camp-studio,2025-12-31,asset-01
session-public-03354,,Paid Social,camp-move,2026-04-17,asset-02
session-public-03355,,DM,camp-private,2026-02-20,asset-03
session-public-03356,,Organic,organic,2026-04-02,asset-04
session-public-03357,,Instagram,camp-studio,2026-06-23,asset-01
session-public-03358,,Paid Social,camp-move,2026-05-18,
session-public-03359,,DM,camp-private,2025-11-07,asset-03
session-public-03360,,Organic,organic,2026-07-16,asset-04
session-public-03361,,Instagram,camp-studio,2025-11-20,asset-01
session-public-03362,,Paid Social,camp-move,2026-09-12,asset-02
session-public-03363,,DM,camp-private,2025-11-25,asset-03
session-public-03364,,Organic,organic,2025-10-19,asset-04
session-public-03365,,Instagram,camp-studio,2026-01-17,asset-01
session-public-03366,,Paid Social,camp-move,2026-09-15,asset-02
session-public-03367,,DM,camp-private,2026-06-22,
session-public-03368,,Organic,organic,2025-11-18,asset-04
session-public-03369,,Instagram,camp-studio,2026-07-05,asset-01
session-public-03370,,Paid Social,camp-move,2026-05-25,asset-02
session-public-03371,,DM,camp-private,2026-04-12,asset-03
session-public-03372,,Organic,organic,2026-08-20,asset-04
session-public-03373,,Instagram,camp-studio,2026-07-16,asset-01
session-public-03374,,Paid Social,camp-move,2026-09-21,asset-02
session-public-03375,,DM,camp-private,2025-11-30,asset-03
session-public-03376,,Organic,organic,2025-10-19,
session-public-03377,,Instagram,camp-studio,2026-06-14,asset-01
session-public-03378,,Paid Social,camp-move,2025-12-23,asset-02
session-public-03379,,DM,camp-private,2026-06-24,asset-03
session-public-03380,,Organic,organic,2026-01-18,asset-04
session-public-03381,,Instagram,camp-studio,2025-11-25,asset-01
session-public-03382,,Paid Social,camp-move,2026-01-23,asset-02
session-public-03383,,DM,camp-private,2025-10-17,asset-03
session-public-03384,,Organic,organic,2026-06-09,asset-04
session-public-03385,,Instagram,camp-studio,2026-07-29,
session-public-03386,,Paid Social,camp-move,2026-06-27,asset-02
session-public-03387,,DM,camp-private,2025-10-29,asset-03
session-public-03388,,Organic,organic,2026-01-23,asset-04
session-public-03389,,Instagram,camp-studio,2026-06-24,asset-01
session-public-03390,,Paid Social,camp-move,2026-07-01,asset-02
session-public-03391,,DM,camp-private,2025-11-03,asset-03
session-public-03392,,Organic,organic,2026-03-14,asset-04
session-public-03393,,Instagram,camp-studio,2026-06-17,asset-01
session-public-03394,,Paid Social,camp-move,2026-06-24,
session-public-03395,,DM,camp-private,2025-11-08,asset-03
session-public-03396,,Organic,organic,2026-02-01,asset-04
session-public-03397,,Instagram,camp-studio,2026-02-02,asset-01
session-public-03398,,Paid Social,camp-move,2026-03-11,asset-02
session-public-03399,,DM,camp-private,2026-06-30,asset-03
session-public-03400,,Organic,organic,2025-11-30,asset-04
session-public-03401,,Instagram,camp-studio,2025-12-22,asset-01
session-public-03402,,Paid Social,camp-move,2025-10-14,asset-02
session-public-03403,,DM,camp-private,2026-04-28,
session-public-03404,,Organic,organic,2026-05-31,asset-04
session-public-03405,,Instagram,camp-studio,2026-01-05,asset-01
session-public-03406,,Paid Social,camp-move,2025-12-02,asset-02
session-public-03407,,DM,camp-private,2026-01-12,asset-03
session-public-03408,,Organic,organic,2026-09-14,asset-04
session-public-03409,,Instagram,camp-studio,2026-08-13,asset-01
session-public-03410,,Paid Social,camp-move,2025-11-06,asset-02
session-public-03411,,DM,camp-private,2026-06-14,asset-03
session-public-03412,,Organic,organic,2025-12-06,
session-public-03413,,Instagram,camp-studio,2026-08-07,asset-01
session-public-03414,,Paid Social,camp-move,2026-05-06,asset-02
session-public-03415,,DM,camp-private,2025-10-28,asset-03
session-public-03416,,Organic,organic,2026-04-26,asset-04
session-public-03417,,Instagram,camp-studio,2026-08-12,asset-01
session-public-03418,,Paid Social,camp-move,2026-06-28,asset-02
session-public-03419,,DM,camp-private,2025-11-02,asset-03
session-public-03420,,Organic,organic,2026-03-05,asset-04
session-public-03421,,Instagram,camp-studio,2026-05-15,
session-public-03422,,Paid Social,camp-move,2025-12-15,asset-02
session-public-03423,,DM,camp-private,2026-09-05,asset-03
session-public-03424,,Organic,organic,2026-02-10,asset-04
session-public-03425,,Instagram,camp-studio,2026-03-13,asset-01
session-public-03426,,Paid Social,camp-move,2025-10-07,asset-02
session-public-03427,,DM,camp-private,2025-10-08,asset-03
session-public-03428,,Organic,organic,2025-09-27,asset-04
session-public-03429,,Instagram,camp-studio,2025-10-05,asset-01
session-public-03430,,Paid Social,camp-move,2026-08-28,
session-public-03431,,DM,camp-private,2026-09-10,asset-03
session-public-03432,,Organic,organic,2025-10-04,asset-04
session-public-03433,,Instagram,camp-studio,2025-10-07,asset-01
session-public-03434,,Paid Social,camp-move,2025-11-03,asset-02
session-public-03435,,DM,camp-private,2026-03-06,asset-03
session-public-03436,,Organic,organic,2025-12-15,asset-04
session-public-03437,,Instagram,camp-studio,2026-08-14,asset-01
session-public-03438,,Paid Social,camp-move,2026-07-18,asset-02
session-public-03439,,DM,camp-private,2025-11-02,
session-public-03440,,Organic,organic,2025-11-03,asset-04
session-public-03441,,Instagram,camp-studio,2026-09-09,asset-01
session-public-03442,,Paid Social,camp-move,2025-12-28,asset-02
session-public-03443,,DM,camp-private,2026-05-26,asset-03
session-public-03444,,Organic,organic,2025-11-11,asset-04
session-public-03445,,Instagram,camp-studio,2026-05-04,asset-01
session-public-03446,,Paid Social,camp-move,2026-06-24,asset-02
session-public-03447,,DM,camp-private,2026-08-19,asset-03
session-public-03448,,Organic,organic,2026-03-31,
session-public-03449,,Instagram,camp-studio,2025-10-21,asset-01
session-public-03450,,Paid Social,camp-move,2026-08-10,asset-02
session-public-03451,,DM,camp-private,2026-07-28,asset-03
session-public-03452,,Organic,organic,2025-10-05,asset-04
session-public-03453,,Instagram,camp-studio,2025-12-07,asset-01
session-public-03454,,Paid Social,camp-move,2026-03-21,asset-02
session-public-03455,,DM,camp-private,2026-03-01,asset-03
session-public-03456,,Organic,organic,2026-04-04,asset-04
session-public-03457,,Instagram,camp-studio,2026-09-01,
session-public-03458,,Paid Social,camp-move,2025-11-19,asset-02
session-public-03459,,DM,camp-private,2026-06-07,asset-03
session-public-03460,,Organic,organic,2026-08-18,asset-04
session-public-03461,,Instagram,camp-studio,2026-02-17,asset-01
session-public-03462,,Paid Social,camp-move,2026-02-18,asset-02
session-public-03463,,DM,camp-private,2026-02-02,asset-03
session-public-03464,,Organic,organic,2025-12-12,asset-04
session-public-03465,,Instagram,camp-studio,2025-11-04,asset-01
session-public-03466,,Paid Social,camp-move,2026-06-28,
session-public-03467,,DM,camp-private,2025-12-06,asset-03
session-public-03468,,Organic,organic,2026-07-26,asset-04
session-public-03469,,Instagram,camp-studio,2026-08-30,asset-01
session-public-03470,,Paid Social,camp-move,2026-07-14,asset-02
session-public-03471,,DM,camp-private,2026-06-25,asset-03
session-public-03472,,Organic,organic,2026-05-24,asset-04
session-public-03473,,Instagram,camp-studio,2026-02-16,asset-01
session-public-03474,,Paid Social,camp-move,2026-05-31,asset-02
session-public-03475,,DM,camp-private,2026-06-16,
session-public-03476,,Organic,organic,2025-10-31,asset-04
session-public-03477,,Instagram,camp-studio,2025-12-08,asset-01
session-public-03478,,Paid Social,camp-move,2025-12-20,asset-02
session-public-03479,,DM,camp-private,2026-02-16,asset-03
session-public-03480,,Organic,organic,2026-06-05,asset-04
session-public-03481,,Instagram,camp-studio,2026-08-06,asset-01
session-public-03482,,Paid Social,camp-move,2025-10-13,asset-02
session-public-03483,,DM,camp-private,2026-03-01,asset-03
session-public-03484,,Organic,organic,2026-04-04,
session-public-03485,,Instagram,camp-studio,2026-05-20,asset-01
session-public-03486,,Paid Social,camp-move,2025-10-12,asset-02
session-public-03487,,DM,camp-private,2026-06-08,asset-03
session-public-03488,,Organic,organic,2026-05-02,asset-04
session-public-03489,,Instagram,camp-studio,2026-05-19,asset-01
session-public-03490,,Paid Social,camp-move,2025-10-05,asset-02
session-public-03491,,DM,camp-private,2025-10-14,asset-03
session-public-03492,,Organic,organic,2026-07-25,asset-04
session-public-03493,,Instagram,camp-studio,2025-10-17,
session-public-03494,,Paid Social,camp-move,2025-09-23,asset-02
session-public-03495,,DM,camp-private,2026-08-26,asset-03
session-public-03496,,Organic,organic,2026-02-02,asset-04
session-public-03497,,Instagram,camp-studio,2026-01-25,asset-01
session-public-03498,,Paid Social,camp-move,2026-04-03,asset-02
session-public-03499,,DM,camp-private,2026-03-17,asset-03
session-public-03500,,Organic,organic,2026-08-13,asset-04
session-public-03501,,Instagram,camp-studio,2026-03-15,asset-01
session-public-03502,,Paid Social,camp-move,2025-11-06,
session-public-03503,,DM,camp-private,2026-03-26,asset-03
session-public-03504,,Organic,organic,2026-06-13,asset-04
session-public-03505,,Instagram,camp-studio,2026-02-09,asset-01
session-public-03506,,Paid Social,camp-move,2026-06-20,asset-02
session-public-03507,,DM,camp-private,2025-12-07,asset-03
session-public-03508,,Organic,organic,2026-04-17,asset-04
session-public-03509,,Instagram,camp-studio,2026-04-03,asset-01
session-public-03510,,Paid Social,camp-move,2026-07-07,asset-02
session-public-03511,,DM,camp-private,2025-11-23,
session-public-03512,,Organic,organic,2026-01-20,asset-04
session-public-03513,,Instagram,camp-studio,2026-04-21,asset-01
session-public-03514,,Paid Social,camp-move,2025-12-07,asset-02
session-public-03515,,DM,camp-private,2026-02-06,asset-03
session-public-03516,,Organic,organic,2026-06-10,asset-04
session-public-03517,,Instagram,camp-studio,2026-01-16,asset-01
session-public-03518,,Paid Social,camp-move,2026-03-05,asset-02
session-public-03519,,DM,camp-private,2026-03-30,asset-03
session-public-03520,,Organic,organic,2026-08-26,
session-public-03521,,Instagram,camp-studio,2025-10-17,asset-01
session-public-03522,,Paid Social,camp-move,2026-03-28,asset-02
session-public-03523,,DM,camp-private,2026-02-27,asset-03
session-public-03524,,Organic,organic,2025-12-18,asset-04
session-public-03525,,Instagram,camp-studio,2026-07-14,asset-01
session-public-03526,,Paid Social,camp-move,2026-04-02,asset-02
session-public-03527,,DM,camp-private,2025-10-13,asset-03
session-public-03528,,Organic,organic,2026-07-01,asset-04
session-public-03529,,Instagram,camp-studio,2025-10-12,
session-public-03530,,Paid Social,camp-move,2026-08-08,asset-02
session-public-03531,,DM,camp-private,2026-05-20,asset-03
session-public-03532,,Organic,organic,2025-10-19,asset-04
session-public-03533,,Instagram,camp-studio,2026-04-18,asset-01
session-public-03534,,Paid Social,camp-move,2026-01-06,asset-02
session-public-03535,,DM,camp-private,2026-01-23,asset-03
session-public-03536,,Organic,organic,2026-04-20,asset-04
session-public-03537,,Instagram,camp-studio,2026-07-27,asset-01
session-public-03538,,Paid Social,camp-move,2026-08-02,
session-public-03539,,DM,camp-private,2026-07-04,asset-03
session-public-03540,,Organic,organic,2026-05-15,asset-04
session-public-03541,,Instagram,camp-studio,2026-08-04,asset-01
session-public-03542,,Paid Social,camp-move,2026-03-22,asset-02
session-public-03543,,DM,camp-private,2025-09-30,asset-03
session-public-03544,,Organic,organic,2026-08-07,asset-04
session-public-03545,,Instagram,camp-studio,2026-08-13,asset-01
session-public-03546,,Paid Social,camp-move,2026-06-18,asset-02
session-public-03547,,DM,camp-private,2025-12-25,
session-public-03548,,Organic,organic,2025-11-25,asset-04
session-public-03549,,Instagram,camp-studio,2025-10-25,asset-01
session-public-03550,,Paid Social,camp-move,2025-10-23,asset-02
session-public-03551,,DM,camp-private,2026-02-06,asset-03
session-public-03552,,Organic,organic,2025-10-16,asset-04
session-public-03553,,Instagram,camp-studio,2025-11-23,asset-01
session-public-03554,,Paid Social,camp-move,2026-04-10,asset-02
session-public-03555,,DM,camp-private,2026-01-29,asset-03
session-public-03556,,Organic,organic,2026-06-19,
session-public-03557,,Instagram,camp-studio,2025-11-24,asset-01
session-public-03558,,Paid Social,camp-move,2026-07-03,asset-02
session-public-03559,,DM,camp-private,2026-06-19,asset-03
session-public-03560,,Organic,organic,2025-09-24,asset-04
session-public-03561,,Instagram,camp-studio,2026-02-02,asset-01
session-public-03562,,Paid Social,camp-move,2026-08-08,asset-02
session-public-03563,,DM,camp-private,2026-02-01,asset-03
session-public-03564,,Organic,organic,2026-08-17,asset-04
session-public-03565,,Instagram,camp-studio,2025-12-21,
session-public-03566,,Paid Social,camp-move,2026-06-29,asset-02
session-public-03567,,DM,camp-private,2026-05-22,asset-03
session-public-03568,,Organic,organic,2026-06-04,asset-04
session-public-03569,,Instagram,camp-studio,2026-01-27,asset-01
session-public-03570,,Paid Social,camp-move,2026-06-13,asset-02
session-public-03571,,DM,camp-private,2025-12-30,asset-03
session-public-03572,,Organic,organic,2026-04-03,asset-04
session-public-03573,,Instagram,camp-studio,2025-12-27,asset-01
session-public-03574,,Paid Social,camp-move,2026-06-19,
session-public-03575,,DM,camp-private,2026-08-19,asset-03
session-public-03576,,Organic,organic,2025-10-24,asset-04
session-public-03577,,Instagram,camp-studio,2026-04-14,asset-01
session-public-03578,,Paid Social,camp-move,2026-02-06,asset-02
session-public-03579,,DM,camp-private,2026-01-24,asset-03
session-public-03580,,Organic,organic,2025-12-10,asset-04
session-public-03581,,Instagram,camp-studio,2026-09-01,asset-01
session-public-03582,,Paid Social,camp-move,2025-10-25,asset-02
session-public-03583,,DM,camp-private,2025-12-03,
session-public-03584,,Organic,organic,2026-09-13,asset-04
session-public-03585,,Instagram,camp-studio,2026-04-14,asset-01
session-public-03586,,Paid Social,camp-move,2026-08-04,asset-02
session-public-03587,,DM,camp-private,2026-09-04,asset-03
session-public-03588,,Organic,organic,2026-02-20,asset-04
session-public-03589,,Instagram,camp-studio,2025-12-18,asset-01
session-public-03590,,Paid Social,camp-move,2026-06-16,asset-02
session-public-03591,,DM,camp-private,2026-07-11,asset-03
session-public-03592,,Organic,organic,2026-08-18,
session-public-03593,,Instagram,camp-studio,2026-08-30,asset-01
session-public-03594,,Paid Social,camp-move,2026-08-29,asset-02
session-public-03595,,DM,camp-private,2026-02-26,asset-03
session-public-03596,,Organic,organic,2026-04-18,asset-04
session-public-03597,,Instagram,camp-studio,2026-02-21,asset-01
session-public-03598,,Paid Social,camp-move,2025-12-12,asset-02
session-public-03599,,DM,camp-private,2025-10-02,asset-03
session-public-03600,,Organic,organic,2026-01-24,asset-04
session-public-03601,,Instagram,camp-studio,2026-04-24,
session-public-03602,,Paid Social,camp-move,2025-11-27,asset-02
session-public-03603,,DM,camp-private,2026-03-29,asset-03
session-public-03604,,Organic,organic,2026-06-19,asset-04
session-public-03605,,Instagram,camp-studio,2026-04-30,asset-01
session-public-03606,,Paid Social,camp-move,2026-01-09,asset-02
session-public-03607,,DM,camp-private,2025-11-14,asset-03
session-public-03608,,Organic,organic,2026-02-27,asset-04
session-public-03609,,Instagram,camp-studio,2026-01-28,asset-01
session-public-03610,,Paid Social,camp-move,2025-11-03,
session-public-03611,,DM,camp-private,2026-05-16,asset-03
session-public-03612,,Organic,organic,2025-10-12,asset-04
session-public-03613,,Instagram,camp-studio,2026-04-09,asset-01
session-public-03614,,Paid Social,camp-move,2026-02-18,asset-02
session-public-03615,,DM,camp-private,2026-08-11,asset-03
session-public-03616,,Organic,organic,2026-04-09,asset-04
session-public-03617,,Instagram,camp-studio,2025-12-11,asset-01
session-public-03618,,Paid Social,camp-move,2026-03-22,asset-02
session-public-03619,,DM,camp-private,2026-04-01,
session-public-03620,,Organic,organic,2026-02-17,asset-04
session-public-03621,,Instagram,camp-studio,2025-10-13,asset-01
session-public-03622,,Paid Social,camp-move,2025-12-26,asset-02
session-public-03623,,DM,camp-private,2026-04-16,asset-03
session-public-03624,,Organic,organic,2026-01-17,asset-04
session-public-03625,,Instagram,camp-studio,2026-09-02,asset-01
session-public-03626,,Paid Social,camp-move,2026-03-29,asset-02
session-public-03627,,DM,camp-private,2026-03-15,asset-03
session-public-03628,,Organic,organic,2026-06-27,
session-public-03629,,Instagram,camp-studio,2026-09-06,asset-01
session-public-03630,,Paid Social,camp-move,2025-12-26,asset-02
session-public-03631,,DM,camp-private,2026-02-19,asset-03
session-public-03632,,Organic,organic,2025-12-29,asset-04
session-public-03633,,Instagram,camp-studio,2025-10-03,asset-01
session-public-03634,,Paid Social,camp-move,2026-08-30,asset-02
session-public-03635,,DM,camp-private,2025-11-04,asset-03
session-public-03636,,Organic,organic,2026-05-20,asset-04
session-public-03637,,Instagram,camp-studio,2026-04-03,
session-public-03638,,Paid Social,camp-move,2026-02-26,asset-02
session-public-03639,,DM,camp-private,2026-04-20,asset-03
session-public-03640,,Organic,organic,2026-02-12,asset-04
session-public-03641,,Instagram,camp-studio,2026-02-17,asset-01
session-public-03642,,Paid Social,camp-move,2026-06-11,asset-02
session-public-03643,,DM,camp-private,2026-07-13,asset-03
session-public-03644,,Organic,organic,2026-06-20,asset-04
session-public-03645,,Instagram,camp-studio,2026-06-07,asset-01
session-public-03646,,Paid Social,camp-move,2025-10-03,
session-public-03647,,DM,camp-private,2026-01-15,asset-03
session-public-03648,,Organic,organic,2025-11-16,asset-04
session-public-03649,,Instagram,camp-studio,2026-03-29,asset-01
session-public-03650,,Paid Social,camp-move,2026-01-23,asset-02
session-public-03651,,DM,camp-private,2026-07-03,asset-03
session-public-03652,,Organic,organic,2026-09-14,asset-04
session-public-03653,,Instagram,camp-studio,2026-06-05,asset-01
session-public-03654,,Paid Social,camp-move,2026-06-14,asset-02
session-public-03655,,DM,camp-private,2025-12-22,
session-public-03656,,Organic,organic,2026-02-10,asset-04
session-public-03657,,Instagram,camp-studio,2026-03-10,asset-01
session-public-03658,,Paid Social,camp-move,2025-11-29,asset-02
session-public-03659,,DM,camp-private,2026-05-18,asset-03
session-public-03660,,Organic,organic,2026-07-31,asset-04
session-public-03661,,Instagram,camp-studio,2026-09-13,asset-01
session-public-03662,,Paid Social,camp-move,2025-10-23,asset-02
session-public-03663,,DM,camp-private,2026-09-01,asset-03
session-public-03664,,Organic,organic,2026-09-09,
session-public-03665,,Instagram,camp-studio,2026-03-15,asset-01
session-public-03666,,Paid Social,camp-move,2025-10-11,asset-02
session-public-03667,,DM,camp-private,2026-02-17,asset-03
session-public-03668,,Organic,organic,2026-09-08,asset-04
session-public-03669,,Instagram,camp-studio,2026-08-15,asset-01
session-public-03670,,Paid Social,camp-move,2025-10-21,asset-02
session-public-03671,,DM,camp-private,2026-02-18,asset-03
session-public-03672,,Organic,organic,2026-01-22,asset-04
session-public-03673,,Instagram,camp-studio,2026-01-04,
session-public-03674,,Paid Social,camp-move,2026-01-10,asset-02
session-public-03675,,DM,camp-private,2026-01-06,asset-03
session-public-03676,,Organic,organic,2026-03-22,asset-04
session-public-03677,,Instagram,camp-studio,2025-12-30,asset-01
session-public-03678,,Paid Social,camp-move,2026-06-18,asset-02
session-public-03679,,DM,camp-private,2026-01-31,asset-03
session-public-03680,,Organic,organic,2026-07-19,asset-04
session-public-03681,,Instagram,camp-studio,2026-03-02,asset-01
session-public-03682,,Paid Social,camp-move,2026-09-19,
session-public-03683,,DM,camp-private,2025-11-23,asset-03
session-public-03684,,Organic,organic,2026-04-12,asset-04
session-public-03685,,Instagram,camp-studio,2026-01-13,asset-01
session-public-03686,,Paid Social,camp-move,2025-12-03,asset-02
session-public-03687,,DM,camp-private,2025-11-13,asset-03
session-public-03688,,Organic,organic,2025-11-07,asset-04
session-public-03689,,Instagram,camp-studio,2025-11-09,asset-01
session-public-03690,,Paid Social,camp-move,2026-09-21,asset-02
session-public-03691,,DM,camp-private,2026-07-26,
session-public-03692,,Organic,organic,2026-05-12,asset-04
session-public-03693,,Instagram,camp-studio,2026-06-18,asset-01
session-public-03694,,Paid Social,camp-move,2026-05-18,asset-02
session-public-03695,,DM,camp-private,2025-11-24,asset-03
session-public-03696,,Organic,organic,2026-06-27,asset-04
session-public-03697,,Instagram,camp-studio,2025-10-16,asset-01
session-public-03698,,Paid Social,camp-move,2026-07-29,asset-02
session-public-03699,,DM,camp-private,2026-01-01,asset-03
session-public-03700,,Organic,organic,2026-01-23,
session-public-03701,,Instagram,camp-studio,2026-07-22,asset-01
session-public-03702,,Paid Social,camp-move,2025-11-07,asset-02
session-public-03703,,DM,camp-private,2026-08-11,asset-03
session-public-03704,,Organic,organic,2026-09-04,asset-04
session-public-03705,,Instagram,camp-studio,2026-01-01,asset-01
session-public-03706,,Paid Social,camp-move,2026-06-01,asset-02
session-public-03707,,DM,camp-private,2026-01-10,asset-03
session-public-03708,,Organic,organic,2025-11-29,asset-04
session-public-03709,,Instagram,camp-studio,2026-04-17,
session-public-03710,,Paid Social,camp-move,2026-08-17,asset-02
session-public-03711,,DM,camp-private,2026-03-06,asset-03
session-public-03712,,Organic,organic,2026-01-15,asset-04
session-public-03713,,Instagram,camp-studio,2025-10-12,asset-01
session-public-03714,,Paid Social,camp-move,2026-04-18,asset-02
session-public-03715,,DM,camp-private,2025-10-09,asset-03
session-public-03716,,Organic,organic,2025-10-31,asset-04
session-public-03717,,Instagram,camp-studio,2025-11-03,asset-01
session-public-03718,,Paid Social,camp-move,2026-08-01,
session-public-03719,,DM,camp-private,2026-06-07,asset-03
session-public-03720,,Organic,organic,2026-06-03,asset-04
session-public-03721,,Instagram,camp-studio,2026-03-08,asset-01
session-public-03722,,Paid Social,camp-move,2026-04-09,asset-02
session-public-03723,,DM,camp-private,2025-11-09,asset-03
session-public-03724,,Organic,organic,2026-05-16,asset-04
session-public-03725,,Instagram,camp-studio,2026-06-05,asset-01
session-public-03726,,Paid Social,camp-move,2026-04-18,asset-02
session-public-03727,,DM,camp-private,2026-07-01,
session-public-03728,,Organic,organic,2026-06-17,asset-04
session-public-03729,,Instagram,camp-studio,2025-09-26,asset-01
session-public-03730,,Paid Social,camp-move,2025-09-27,asset-02
session-public-03731,,DM,camp-private,2025-12-25,asset-03
session-public-03732,,Organic,organic,2026-01-06,asset-04
session-public-03733,,Instagram,camp-studio,2025-10-05,asset-01
session-public-03734,,Paid Social,camp-move,2025-10-07,asset-02
session-public-03735,,DM,camp-private,2026-07-19,asset-03
session-public-03736,,Organic,organic,2025-11-15,
session-public-03737,,Instagram,camp-studio,2026-03-12,asset-01
session-public-03738,,Paid Social,camp-move,2026-04-22,asset-02
session-public-03739,,DM,camp-private,2025-11-18,asset-03
session-public-03740,,Organic,organic,2026-06-30,asset-04
session-public-03741,,Instagram,camp-studio,2025-11-26,asset-01
session-public-03742,,Paid Social,camp-move,2026-07-24,asset-02
session-public-03743,,DM,camp-private,2026-06-17,asset-03
session-public-03744,,Organic,organic,2025-09-28,asset-04
session-public-03745,,Instagram,camp-studio,2026-01-25,
session-public-03746,,Paid Social,camp-move,2026-09-09,asset-02
session-public-03747,,DM,camp-private,2026-04-03,asset-03
session-public-03748,,Organic,organic,2026-03-11,asset-04
session-public-03749,,Instagram,camp-studio,2026-05-21,asset-01
session-public-03750,,Paid Social,camp-move,2026-08-14,asset-02
session-public-03751,,DM,camp-private,2026-09-16,asset-03
session-public-03752,,Organic,organic,2026-06-03,asset-04
session-public-03753,,Instagram,camp-studio,2026-02-04,asset-01
session-public-03754,,Paid Social,camp-move,2026-02-14,
session-public-03755,,DM,camp-private,2026-07-24,asset-03
session-public-03756,,Organic,organic,2025-11-22,asset-04
session-public-03757,,Instagram,camp-studio,2026-04-22,asset-01
session-public-03758,,Paid Social,camp-move,2025-09-23,asset-02
session-public-03759,,DM,camp-private,2026-08-05,asset-03
session-public-03760,,Organic,organic,2026-09-05,asset-04
session-public-03761,,Instagram,camp-studio,2026-01-09,asset-01
session-public-03762,,Paid Social,camp-move,2026-04-10,asset-02
session-public-03763,,DM,camp-private,2026-03-29,
session-public-03764,,Organic,organic,2026-07-31,asset-04
session-public-03765,,Instagram,camp-studio,2026-03-18,asset-01
session-public-03766,,Paid Social,camp-move,2025-11-29,asset-02
session-public-03767,,DM,camp-private,2025-10-21,asset-03
session-public-03768,,Organic,organic,2025-10-31,asset-04
session-public-03769,,Instagram,camp-studio,2026-02-28,asset-01
session-public-03770,,Paid Social,camp-move,2026-07-28,asset-02
session-public-03771,,DM,camp-private,2025-10-28,asset-03
session-public-03772,,Organic,organic,2025-11-24,
session-public-03773,,Instagram,camp-studio,2026-06-18,asset-01
session-public-03774,,Paid Social,camp-move,2026-08-15,asset-02
session-public-03775,,DM,camp-private,2026-07-13,asset-03
session-public-03776,,Organic,organic,2026-02-15,asset-04
session-public-03777,,Instagram,camp-studio,2025-11-16,asset-01
session-public-03778,,Paid Social,camp-move,2026-06-25,asset-02
session-public-03779,,DM,camp-private,2026-02-18,asset-03
session-public-03780,,Organic,organic,2026-01-15,asset-04
session-public-03781,,Instagram,camp-studio,2026-01-18,
session-public-03782,,Paid Social,camp-move,2026-04-13,asset-02
session-public-03783,,DM,camp-private,2026-06-20,asset-03
session-public-03784,,Organic,organic,2026-05-24,asset-04
session-public-03785,,Instagram,camp-studio,2026-03-16,asset-01
session-public-03786,,Paid Social,camp-move,2025-10-05,asset-02
session-public-03787,,DM,camp-private,2026-07-19,asset-03
session-public-03788,,Organic,organic,2025-12-02,asset-04
session-public-03789,,Instagram,camp-studio,2026-04-18,asset-01
session-public-03790,,Paid Social,camp-move,2025-12-30,
session-public-03791,,DM,camp-private,2025-12-18,asset-03
session-public-03792,,Organic,organic,2025-12-11,asset-04
session-public-03793,,Instagram,camp-studio,2026-01-10,asset-01
session-public-03794,,Paid Social,camp-move,2026-07-29,asset-02
session-public-03795,,DM,camp-private,2026-07-27,asset-03
session-public-03796,,Organic,organic,2026-06-07,asset-04
session-public-03797,,Instagram,camp-studio,2025-12-06,asset-01
session-public-03798,,Paid Social,camp-move,2025-10-29,asset-02
session-public-03799,,DM,camp-private,2026-01-22,
session-public-03800,,Organic,organic,2026-05-11,asset-04
session-public-03801,,Instagram,camp-studio,2026-02-09,asset-01
session-public-03802,,Paid Social,camp-move,2026-03-12,asset-02
session-public-03803,,DM,camp-private,2026-03-13,asset-03
session-public-03804,,Organic,organic,2026-04-24,asset-04
session-public-03805,,Instagram,camp-studio,2025-10-31,asset-01
session-public-03806,,Paid Social,camp-move,2025-11-08,asset-02
session-public-03807,,DM,camp-private,2026-01-30,asset-03
session-public-03808,,Organic,organic,2025-10-10,
session-public-03809,,Instagram,camp-studio,2026-09-13,asset-01
session-public-03810,,Paid Social,camp-move,2026-02-19,asset-02
session-public-03811,,DM,camp-private,2025-11-27,asset-03
session-public-03812,,Organic,organic,2026-06-15,asset-04
session-public-03813,,Instagram,camp-studio,2026-06-23,asset-01
session-public-03814,,Paid Social,camp-move,2026-04-18,asset-02
session-public-03815,,DM,camp-private,2025-10-13,asset-03
session-public-03816,,Organic,organic,2026-03-28,asset-04
session-public-03817,,Instagram,camp-studio,2026-08-10,
session-public-03818,,Paid Social,camp-move,2025-10-02,asset-02
session-public-03819,,DM,camp-private,2026-03-13,asset-03
session-public-03820,,Organic,organic,2026-01-21,asset-04
session-public-03821,,Instagram,camp-studio,2026-06-01,asset-01
session-public-03822,,Paid Social,camp-move,2026-04-12,asset-02
session-public-03823,,DM,camp-private,2026-04-29,asset-03
session-public-03824,,Organic,organic,2026-05-02,asset-04
session-public-03825,,Instagram,camp-studio,2025-10-15,asset-01
session-public-03826,,Paid Social,camp-move,2026-06-14,
session-public-03827,,DM,camp-private,2026-09-12,asset-03
session-public-03828,,Organic,organic,2025-11-10,asset-04
session-public-03829,,Instagram,camp-studio,2025-11-20,asset-01
session-public-03830,,Paid Social,camp-move,2025-11-26,asset-02
session-public-03831,,DM,camp-private,2026-04-28,asset-03
session-public-03832,,Organic,organic,2025-10-01,asset-04
session-public-03833,,Instagram,camp-studio,2025-10-13,asset-01
session-public-03834,,Paid Social,camp-move,2025-12-29,asset-02
session-public-03835,,DM,camp-private,2025-10-20,
session-public-03836,,Organic,organic,2026-06-15,asset-04
session-public-03837,,Instagram,camp-studio,2026-01-04,asset-01
session-public-03838,,Paid Social,camp-move,2026-03-25,asset-02
session-public-03839,,DM,camp-private,2026-04-09,asset-03
session-public-03840,,Organic,organic,2026-04-13,asset-04
session-public-03841,,Instagram,camp-studio,2026-07-30,asset-01
session-public-03842,,Paid Social,camp-move,2025-11-06,asset-02
session-public-03843,,DM,camp-private,2025-10-05,asset-03
session-public-03844,,Organic,organic,2026-04-07,
session-public-03845,,Instagram,camp-studio,2025-12-09,asset-01
session-public-03846,,Paid Social,camp-move,2026-09-07,asset-02
session-public-03847,,DM,camp-private,2026-05-13,asset-03
session-public-03848,,Organic,organic,2025-10-29,asset-04
session-public-03849,,Instagram,camp-studio,2026-03-05,asset-01
session-public-03850,,Paid Social,camp-move,2026-01-08,asset-02
session-public-03851,,DM,camp-private,2025-11-12,asset-03
session-public-03852,,Organic,organic,2025-12-20,asset-04
session-public-03853,,Instagram,camp-studio,2026-01-11,
session-public-03854,,Paid Social,camp-move,2026-01-30,asset-02
session-public-03855,,DM,camp-private,2026-03-15,asset-03
session-public-03856,,Organic,organic,2026-03-23,asset-04
session-public-03857,,Instagram,camp-studio,2025-10-18,asset-01
session-public-03858,,Paid Social,camp-move,2026-04-30,asset-02
session-public-03859,,DM,camp-private,2026-06-09,asset-03
session-public-03860,,Organic,organic,2026-06-30,asset-04
session-public-03861,,Instagram,camp-studio,2025-12-24,asset-01
session-public-03862,,Paid Social,camp-move,2026-05-03,
session-public-03863,,DM,camp-private,2026-07-11,asset-03
session-public-03864,,Organic,organic,2025-11-16,asset-04
session-public-03865,,Instagram,camp-studio,2026-05-28,asset-01
session-public-03866,,Paid Social,camp-move,2026-08-08,asset-02
session-public-03867,,DM,camp-private,2026-05-28,asset-03
session-public-03868,,Organic,organic,2026-04-27,asset-04
session-public-03869,,Instagram,camp-studio,2026-07-06,asset-01
session-public-03870,,Paid Social,camp-move,2026-08-17,asset-02
session-public-03871,,DM,camp-private,2025-12-04,
session-public-03872,,Organic,organic,2026-08-06,asset-04
session-public-03873,,Instagram,camp-studio,2026-01-07,asset-01
session-public-03874,,Paid Social,camp-move,2026-06-17,asset-02
session-public-03875,,DM,camp-private,2026-02-04,asset-03
session-public-03876,,Organic,organic,2026-02-17,asset-04
session-public-03877,,Instagram,camp-studio,2025-10-12,asset-01
session-public-03878,,Paid Social,camp-move,2025-11-20,asset-02
session-public-03879,,DM,camp-private,2026-01-23,asset-03
session-public-03880,,Organic,organic,2026-02-24,
session-public-03881,,Instagram,camp-studio,2026-07-02,asset-01
session-public-03882,,Paid Social,camp-move,2025-09-24,asset-02
session-public-03883,,DM,camp-private,2026-06-19,asset-03
session-public-03884,,Organic,organic,2026-05-09,asset-04
session-public-03885,,Instagram,camp-studio,2025-12-30,asset-01
session-public-03886,,Paid Social,camp-move,2026-03-16,asset-02
session-public-03887,,DM,camp-private,2026-02-21,asset-03
session-public-03888,,Organic,organic,2026-01-21,asset-04
session-public-03889,,Instagram,camp-studio,2026-05-24,
session-public-03890,,Paid Social,camp-move,2026-08-29,asset-02
session-public-03891,,DM,camp-private,2026-06-30,asset-03
session-public-03892,,Organic,organic,2026-06-19,asset-04
session-public-03893,,Instagram,camp-studio,2025-11-30,asset-01
session-public-03894,,Paid Social,camp-move,2026-04-18,asset-02
session-public-03895,,DM,camp-private,2025-10-15,asset-03
session-public-03896,,Organic,organic,2026-01-08,asset-04
session-public-03897,,Instagram,camp-studio,2026-01-19,asset-01
session-public-03898,,Paid Social,camp-move,2026-08-18,
session-public-03899,,DM,camp-private,2026-04-01,asset-03
session-public-03900,,Organic,organic,2026-08-02,asset-04
session-public-03901,,Instagram,camp-studio,2025-11-24,asset-01
session-public-03902,,Paid Social,camp-move,2025-10-19,asset-02
session-public-03903,,DM,camp-private,2025-11-13,asset-03
session-public-03904,,Organic,organic,2026-08-29,asset-04
session-public-03905,,Instagram,camp-studio,2026-03-30,asset-01
session-public-03906,,Paid Social,camp-move,2026-05-11,asset-02
session-public-03907,,DM,camp-private,2026-09-10,
session-public-03908,,Organic,organic,2026-09-12,asset-04
session-public-03909,,Instagram,camp-studio,2025-10-01,asset-01
session-public-03910,,Paid Social,camp-move,2026-07-29,asset-02
session-public-03911,,DM,camp-private,2025-10-16,asset-03
session-public-03912,,Organic,organic,2026-06-08,asset-04
session-public-03913,,Instagram,camp-studio,2026-03-29,asset-01
session-public-03914,,Paid Social,camp-move,2026-07-08,asset-02
session-public-03915,,DM,camp-private,2026-07-16,asset-03
session-public-03916,,Organic,organic,2026-09-19,
session-public-03917,,Instagram,camp-studio,2025-10-25,asset-01
session-public-03918,,Paid Social,camp-move,2026-02-17,asset-02
session-public-03919,,DM,camp-private,2026-02-15,asset-03
session-public-03920,,Organic,organic,2026-07-12,asset-04
session-public-03921,,Instagram,camp-studio,2025-12-24,asset-01
session-public-03922,,Paid Social,camp-move,2025-09-30,asset-02
session-public-03923,,DM,camp-private,2026-05-11,asset-03
session-public-03924,,Organic,organic,2026-01-30,asset-04
session-public-03925,,Instagram,camp-studio,2026-07-17,
session-public-03926,,Paid Social,camp-move,2025-12-15,asset-02
session-public-03927,,DM,camp-private,2026-04-16,asset-03
session-public-03928,,Organic,organic,2026-07-25,asset-04
session-public-03929,,Instagram,camp-studio,2026-09-18,asset-01
session-public-03930,,Paid Social,camp-move,2026-07-12,asset-02
session-public-03931,,DM,camp-private,2026-08-07,asset-03
session-public-03932,,Organic,organic,2026-08-08,asset-04
session-public-03933,,Instagram,camp-studio,2026-04-25,asset-01
session-public-03934,,Paid Social,camp-move,2026-08-07,
session-public-03935,,DM,camp-private,2026-07-12,asset-03
session-public-03936,,Organic,organic,2026-04-02,asset-04
session-public-03937,,Instagram,camp-studio,2026-08-24,asset-01
session-public-03938,,Paid Social,camp-move,2026-02-20,asset-02
session-public-03939,,DM,camp-private,2026-07-01,asset-03
session-public-03940,,Organic,organic,2026-08-16,asset-04
session-public-03941,,Instagram,camp-studio,2026-07-28,asset-01
session-public-03942,,Paid Social,camp-move,2026-07-26,asset-02
session-public-03943,,DM,camp-private,2026-09-03,
session-public-03944,,Organic,organic,2026-09-04,asset-04
session-public-03945,,Instagram,camp-studio,2026-05-13,asset-01
session-public-03946,,Paid Social,camp-move,2025-11-06,asset-02
session-public-03947,,DM,camp-private,2026-06-16,asset-03
session-public-03948,,Organic,organic,2026-02-20,asset-04
session-public-03949,,Instagram,camp-studio,2025-12-05,asset-01
session-public-03950,,Paid Social,camp-move,2026-06-23,asset-02
session-public-03951,,DM,camp-private,2026-03-28,asset-03
session-public-03952,,Organic,organic,2026-07-15,
session-public-03953,,Instagram,camp-studio,2026-04-06,asset-01
session-public-03954,,Paid Social,camp-move,2026-08-14,asset-02
session-public-03955,,DM,camp-private,2026-07-10,asset-03
session-public-03956,,Organic,organic,2026-01-27,asset-04
session-public-03957,,Instagram,camp-studio,2025-12-06,asset-01
session-public-03958,,Paid Social,camp-move,2026-03-10,asset-02
session-public-03959,,DM,camp-private,2026-07-08,asset-03
session-public-03960,,Organic,organic,2025-11-13,asset-04
session-public-03961,,Instagram,camp-studio,2026-02-19,
session-public-03962,,Paid Social,camp-move,2025-10-02,asset-02
session-public-03963,,DM,camp-private,2026-06-05,asset-03
session-public-03964,,Organic,organic,2026-02-27,asset-04
session-public-03965,,Instagram,camp-studio,2026-07-10,asset-01
session-public-03966,,Paid Social,camp-move,2026-08-04,asset-02
session-public-03967,,DM,camp-private,2025-12-30,asset-03
session-public-03968,,Organic,organic,2025-12-20,asset-04
session-public-03969,,Instagram,camp-studio,2025-12-28,asset-01
session-public-03970,,Paid Social,camp-move,2025-11-16,
session-public-03971,,DM,camp-private,2025-12-25,asset-03
session-public-03972,,Organic,organic,2026-01-14,asset-04
session-public-03973,,Instagram,camp-studio,2026-02-19,asset-01
session-public-03974,,Paid Social,camp-move,2025-12-03,asset-02
session-public-03975,,DM,camp-private,2026-04-30,asset-03
session-public-03976,,Organic,organic,2026-04-16,asset-04
session-public-03977,,Instagram,camp-studio,2026-07-07,asset-01
session-public-03978,,Paid Social,camp-move,2026-07-05,asset-02
session-public-03979,,DM,camp-private,2025-10-20,
session-public-03980,,Organic,organic,2026-04-18,asset-04
session-public-03981,,Instagram,camp-studio,2026-08-06,asset-01
session-public-03982,,Paid Social,camp-move,2026-09-15,asset-02
session-public-03983,,DM,camp-private,2025-10-03,asset-03
session-public-03984,,Organic,organic,2026-07-04,asset-04
session-public-03985,,Instagram,camp-studio,2026-05-22,asset-01
session-public-03986,,Paid Social,camp-move,2025-12-10,asset-02
session-public-03987,,DM,camp-private,2026-04-13,asset-03
session-public-03988,,Organic,organic,2026-08-15,
session-public-03989,,Instagram,camp-studio,2025-11-21,asset-01
session-public-03990,,Paid Social,camp-move,2026-05-14,asset-02
session-public-03991,,DM,camp-private,2026-04-23,asset-03
session-public-03992,,Organic,organic,2025-10-07,asset-04
session-public-03993,,Instagram,camp-studio,2026-08-16,asset-01
session-public-03994,,Paid Social,camp-move,2026-05-06,asset-02
session-public-03995,,DM,camp-private,2025-12-20,asset-03
session-public-03996,,Organic,organic,2026-01-10,asset-04
session-public-03997,,Instagram,camp-studio,2026-02-27,
session-public-03998,,Paid Social,camp-move,2026-07-06,asset-02
session-public-03999,,DM,camp-private,2026-01-16,asset-03
session-public-04000,,Organic,organic,2026-06-15,asset-04
session-public-04001,,Instagram,camp-studio,2026-07-29,asset-01
session-public-04002,,Paid Social,camp-move,2026-01-12,asset-02
session-public-04003,,DM,camp-private,2026-03-07,asset-03
session-public-04004,,Organic,organic,2026-08-31,asset-04
session-public-04005,,Instagram,camp-studio,2026-08-27,asset-01
session-public-04006,,Paid Social,camp-move,2026-07-27,
session-public-04007,,DM,camp-private,2026-03-26,asset-03
session-public-04008,,Organic,organic,2026-08-20,asset-04
session-public-04009,,Instagram,camp-studio,2026-01-24,asset-01
session-public-04010,,Paid Social,camp-move,2026-06-15,asset-02
session-public-04011,,DM,camp-private,2025-12-01,asset-03
session-public-04012,,Organic,organic,2026-08-24,asset-04
session-public-04013,,Instagram,camp-studio,2026-07-06,asset-01
session-public-04014,,Paid Social,camp-move,2025-09-30,asset-02
session-public-04015,,DM,camp-private,2026-02-14,
session-public-04016,,Organic,organic,2025-09-23,asset-04
session-public-04017,,Instagram,camp-studio,2026-03-17,asset-01
session-public-04018,,Paid Social,camp-move,2026-04-18,asset-02
session-public-04019,,DM,camp-private,2026-08-27,asset-03
session-public-04020,,Organic,organic,2025-11-21,asset-04
session-public-04021,,Instagram,camp-studio,2025-12-03,asset-01
session-public-04022,,Paid Social,camp-move,2026-09-12,asset-02
session-public-04023,,DM,camp-private,2026-07-08,asset-03
session-public-04024,,Organic,organic,2026-07-31,
session-public-04025,,Instagram,camp-studio,2026-05-02,asset-01
session-public-04026,,Paid Social,camp-move,2026-03-15,asset-02
session-public-04027,,DM,camp-private,2025-10-07,asset-03
session-public-04028,,Organic,organic,2026-06-30,asset-04
session-public-04029,,Instagram,camp-studio,2025-12-06,asset-01
session-public-04030,,Paid Social,camp-move,2026-04-17,asset-02
session-public-04031,,DM,camp-private,2026-07-21,asset-03
session-public-04032,,Organic,organic,2026-03-24,asset-04
session-public-04033,,Instagram,camp-studio,2026-06-27,
session-public-04034,,Paid Social,camp-move,2026-09-03,asset-02
session-public-04035,,DM,camp-private,2025-12-06,asset-03
session-public-04036,,Organic,organic,2026-05-02,asset-04
session-public-04037,,Instagram,camp-studio,2026-08-26,asset-01
session-public-04038,,Paid Social,camp-move,2026-02-05,asset-02
session-public-04039,,DM,camp-private,2025-11-08,asset-03
session-public-04040,,Organic,organic,2026-06-30,asset-04
session-public-04041,,Instagram,camp-studio,2026-04-05,asset-01
session-public-04042,,Paid Social,camp-move,2026-07-12,
session-public-04043,,DM,camp-private,2026-04-03,asset-03
session-public-04044,,Organic,organic,2026-03-17,asset-04
session-public-04045,,Instagram,camp-studio,2026-04-18,asset-01
session-public-04046,,Paid Social,camp-move,2026-08-10,asset-02
session-public-04047,,DM,camp-private,2025-10-29,asset-03
session-public-04048,,Organic,organic,2026-01-10,asset-04
session-public-04049,,Instagram,camp-studio,2025-09-29,asset-01
session-public-04050,,Paid Social,camp-move,2026-07-06,asset-02
session-public-04051,,DM,camp-private,2026-05-26,
session-public-04052,,Organic,organic,2026-04-28,asset-04
session-public-04053,,Instagram,camp-studio,2025-11-11,asset-01
session-public-04054,,Paid Social,camp-move,2026-09-01,asset-02
session-public-04055,,DM,camp-private,2026-09-08,asset-03
session-public-04056,,Organic,organic,2025-12-05,asset-04
session-public-04057,,Instagram,camp-studio,2025-12-28,asset-01
session-public-04058,,Paid Social,camp-move,2026-06-19,asset-02
session-public-04059,,DM,camp-private,2026-03-01,asset-03
session-public-04060,,Organic,organic,2026-07-11,
session-public-04061,,Instagram,camp-studio,2026-03-13,asset-01
session-public-04062,,Paid Social,camp-move,2025-11-22,asset-02
session-public-04063,,DM,camp-private,2026-01-28,asset-03
session-public-04064,,Organic,organic,2025-12-29,asset-04
session-public-04065,,Instagram,camp-studio,2026-02-05,asset-01
session-public-04066,,Paid Social,camp-move,2026-04-14,asset-02
session-public-04067,,DM,camp-private,2026-06-26,asset-03
session-public-04068,,Organic,organic,2025-12-07,asset-04
session-public-04069,,Instagram,camp-studio,2026-01-23,
session-public-04070,,Paid Social,camp-move,2026-07-19,asset-02
session-public-04071,,DM,camp-private,2026-02-28,asset-03
session-public-04072,,Organic,organic,2026-06-09,asset-04
session-public-04073,,Instagram,camp-studio,2026-02-08,asset-01
session-public-04074,,Paid Social,camp-move,2026-08-08,asset-02
session-public-04075,,DM,camp-private,2025-10-12,asset-03
session-public-04076,,Organic,organic,2025-10-07,asset-04
session-public-04077,,Instagram,camp-studio,2025-12-15,asset-01
session-public-04078,,Paid Social,camp-move,2026-05-24,
session-public-04079,,DM,camp-private,2026-01-14,asset-03
session-public-04080,,Organic,organic,2025-09-22,asset-04
session-public-04081,,Instagram,camp-studio,2025-09-25,asset-01
session-public-04082,,Paid Social,camp-move,2026-08-29,asset-02
session-public-04083,,DM,camp-private,2026-06-12,asset-03
session-public-04084,,Organic,organic,2026-05-02,asset-04
session-public-04085,,Instagram,camp-studio,2026-07-26,asset-01
session-public-04086,,Paid Social,camp-move,2026-04-10,asset-02
session-public-04087,,DM,camp-private,2026-04-09,
session-public-04088,,Organic,organic,2025-10-24,asset-04
session-public-04089,,Instagram,camp-studio,2025-10-20,asset-01
session-public-04090,,Paid Social,camp-move,2025-11-20,asset-02
session-public-04091,,DM,camp-private,2026-04-08,asset-03
session-public-04092,,Organic,organic,2026-06-06,asset-04
session-public-04093,,Instagram,camp-studio,2026-01-03,asset-01
session-public-04094,,Paid Social,camp-move,2025-10-30,asset-02
session-public-04095,,DM,camp-private,2025-11-02,asset-03
session-public-04096,,Organic,organic,2026-08-30,
session-public-04097,,Instagram,camp-studio,2025-12-29,asset-01
session-public-04098,,Paid Social,camp-move,2026-08-01,asset-02
session-public-04099,,DM,camp-private,2026-03-12,asset-03
session-public-04100,,Organic,organic,2025-10-05,asset-04
session-public-04101,,Instagram,camp-studio,2025-10-16,asset-01
session-public-04102,,Paid Social,camp-move,2025-10-25,asset-02
session-public-04103,,DM,camp-private,2026-04-02,asset-03
session-public-04104,,Organic,organic,2026-06-19,asset-04
session-public-04105,,Instagram,camp-studio,2025-10-20,
session-public-04106,,Paid Social,camp-move,2026-08-01,asset-02
session-public-04107,,DM,camp-private,2026-08-19,asset-03
session-public-04108,,Organic,organic,2026-02-11,asset-04
session-public-04109,,Instagram,camp-studio,2025-11-02,asset-01
session-public-04110,,Paid Social,camp-move,2026-02-19,asset-02
session-public-04111,,DM,camp-private,2026-08-10,asset-03
session-public-04112,,Organic,organic,2026-07-29,asset-04
session-public-04113,,Instagram,camp-studio,2025-10-29,asset-01
session-public-04114,,Paid Social,camp-move,2026-03-05,
session-public-04115,,DM,camp-private,2025-10-19,asset-03
session-public-04116,,Organic,organic,2026-05-12,asset-04
session-public-04117,,Instagram,camp-studio,2026-04-18,asset-01
session-public-04118,,Paid Social,camp-move,2025-12-21,asset-02
session-public-04119,,DM,camp-private,2026-08-10,asset-03
session-public-04120,,Organic,organic,2026-06-16,asset-04
session-public-04121,,Instagram,camp-studio,2025-12-31,asset-01
session-public-04122,,Paid Social,camp-move,2026-07-17,asset-02
session-public-04123,,DM,camp-private,2026-05-06,
session-public-04124,,Organic,organic,2026-08-16,asset-04
session-public-04125,,Instagram,camp-studio,2026-04-20,asset-01
session-public-04126,,Paid Social,camp-move,2026-08-09,asset-02
session-public-04127,,DM,camp-private,2025-12-04,asset-03
session-public-04128,,Organic,organic,2025-10-17,asset-04
session-public-04129,,Instagram,camp-studio,2026-03-29,asset-01
session-public-04130,,Paid Social,camp-move,2026-01-12,asset-02
session-public-04131,,DM,camp-private,2026-08-14,asset-03
session-public-04132,,Organic,organic,2026-02-12,
session-public-04133,,Instagram,camp-studio,2026-02-07,asset-01
session-public-04134,,Paid Social,camp-move,2025-09-30,asset-02
session-public-04135,,DM,camp-private,2026-06-02,asset-03
session-public-04136,,Organic,organic,2026-05-05,asset-04
session-public-04137,,Instagram,camp-studio,2026-05-06,asset-01
session-public-04138,,Paid Social,camp-move,2026-07-25,asset-02
session-public-04139,,DM,camp-private,2026-02-13,asset-03
session-public-04140,,Organic,organic,2026-04-10,asset-04
session-public-04141,,Instagram,camp-studio,2025-12-14,
session-public-04142,,Paid Social,camp-move,2025-10-21,asset-02
session-public-04143,,DM,camp-private,2026-05-09,asset-03
session-public-04144,,Organic,organic,2025-12-02,asset-04
session-public-04145,,Instagram,camp-studio,2026-04-16,asset-01
session-public-04146,,Paid Social,camp-move,2026-04-20,asset-02
session-public-04147,,DM,camp-private,2026-08-31,asset-03
session-public-04148,,Organic,organic,2025-11-27,asset-04
session-public-04149,,Instagram,camp-studio,2026-07-24,asset-01
session-public-04150,,Paid Social,camp-move,2025-12-01,
session-public-04151,,DM,camp-private,2026-03-17,asset-03
session-public-04152,,Organic,organic,2025-10-01,asset-04
session-public-04153,,Instagram,camp-studio,2026-07-03,asset-01
session-public-04154,,Paid Social,camp-move,2025-11-08,asset-02
session-public-04155,,DM,camp-private,2026-05-31,asset-03
session-public-04156,,Organic,organic,2026-08-08,asset-04
session-public-04157,,Instagram,camp-studio,2026-05-22,asset-01
session-public-04158,,Paid Social,camp-move,2026-04-06,asset-02
session-public-04159,,DM,camp-private,2025-10-16,
session-public-04160,,Organic,organic,2025-12-13,asset-04
session-public-04161,,Instagram,camp-studio,2026-07-08,asset-01
session-public-04162,,Paid Social,camp-move,2026-09-15,asset-02
session-public-04163,,DM,camp-private,2026-07-27,asset-03
session-public-04164,,Organic,organic,2025-10-26,asset-04
session-public-04165,,Instagram,camp-studio,2026-02-03,asset-01
session-public-04166,,Paid Social,camp-move,2025-10-03,asset-02
session-public-04167,,DM,camp-private,2026-04-13,asset-03
session-public-04168,,Organic,organic,2026-06-17,
session-public-04169,,Instagram,camp-studio,2026-09-02,asset-01
session-public-04170,,Paid Social,camp-move,2026-06-22,asset-02
session-public-04171,,DM,camp-private,2026-02-03,asset-03
session-public-04172,,Organic,organic,2025-10-26,asset-04
session-public-04173,,Instagram,camp-studio,2025-12-30,asset-01
session-public-04174,,Paid Social,camp-move,2026-01-01,asset-02
session-public-04175,,DM,camp-private,2026-01-03,asset-03
session-public-04176,,Organic,organic,2026-05-12,asset-04
session-public-04177,,Instagram,camp-studio,2026-01-18,
session-public-04178,,Paid Social,camp-move,2025-11-06,asset-02
session-public-04179,,DM,camp-private,2025-11-28,asset-03
session-public-04180,,Organic,organic,2026-03-01,asset-04
session-public-04181,,Instagram,camp-studio,2026-03-24,asset-01
session-public-04182,,Paid Social,camp-move,2025-12-18,asset-02
session-public-04183,,DM,camp-private,2026-01-03,asset-03
session-public-04184,,Organic,organic,2026-03-17,asset-04
session-public-04185,,Instagram,camp-studio,2026-04-15,asset-01
session-public-04186,,Paid Social,camp-move,2025-11-16,
session-public-04187,,DM,camp-private,2026-05-19,asset-03
session-public-04188,,Organic,organic,2026-06-27,asset-04
session-public-04189,,Instagram,camp-studio,2025-11-01,asset-01
session-public-04190,,Paid Social,camp-move,2026-05-17,asset-02
session-public-04191,,DM,camp-private,2025-09-27,asset-03
session-public-04192,,Organic,organic,2026-01-04,asset-04
session-public-04193,,Instagram,camp-studio,2025-12-15,asset-01
session-public-04194,,Paid Social,camp-move,2026-09-04,asset-02
session-public-04195,,DM,camp-private,2025-11-13,
session-public-04196,,Organic,organic,2025-11-01,asset-04
session-public-04197,,Instagram,camp-studio,2026-07-27,asset-01
session-public-04198,,Paid Social,camp-move,2025-12-14,asset-02
session-public-04199,,DM,camp-private,2025-09-22,asset-03
session-public-04200,,Organic,organic,2026-04-04,asset-04
session-public-04201,,Instagram,camp-studio,2025-11-18,asset-01
session-public-04202,,Paid Social,camp-move,2026-01-12,asset-02
session-public-04203,,DM,camp-private,2026-04-26,asset-03
session-public-04204,,Organic,organic,2026-01-21,
session-public-04205,,Instagram,camp-studio,2026-06-11,asset-01
session-public-04206,,Paid Social,camp-move,2026-08-30,asset-02
session-public-04207,,DM,camp-private,2026-03-03,asset-03
session-public-04208,,Organic,organic,2025-11-28,asset-04
session-public-04209,,Instagram,camp-studio,2026-05-19,asset-01
session-public-04210,,Paid Social,camp-move,2026-06-02,asset-02
session-public-04211,,DM,camp-private,2026-06-28,asset-03
session-public-04212,,Organic,organic,2026-07-12,asset-04
session-public-04213,,Instagram,camp-studio,2026-03-17,
session-public-04214,,Paid Social,camp-move,2026-04-02,asset-02
session-public-04215,,DM,camp-private,2025-11-23,asset-03
session-public-04216,,Organic,organic,2025-12-28,asset-04
session-public-04217,,Instagram,camp-studio,2026-01-11,asset-01
session-public-04218,,Paid Social,camp-move,2026-05-09,asset-02
session-public-04219,,DM,camp-private,2025-10-30,asset-03
session-public-04220,,Organic,organic,2026-08-29,asset-04
session-public-04221,,Instagram,camp-studio,2026-06-28,asset-01
session-public-04222,,Paid Social,camp-move,2026-02-20,
session-public-04223,,DM,camp-private,2026-02-26,asset-03
session-public-04224,,Organic,organic,2026-02-04,asset-04
session-public-04225,,Instagram,camp-studio,2026-07-22,asset-01
session-public-04226,,Paid Social,camp-move,2025-10-17,asset-02
session-public-04227,,DM,camp-private,2025-12-17,asset-03
session-public-04228,,Organic,organic,2026-07-15,asset-04
session-public-04229,,Instagram,camp-studio,2026-03-06,asset-01
session-public-04230,,Paid Social,camp-move,2025-10-16,asset-02
session-public-04231,,DM,camp-private,2025-12-03,
session-public-04232,,Organic,organic,2026-04-12,asset-04
session-public-04233,,Instagram,camp-studio,2026-02-19,asset-01
session-public-04234,,Paid Social,camp-move,2026-06-10,asset-02
session-public-04235,,DM,camp-private,2025-10-14,asset-03
session-public-04236,,Organic,organic,2025-11-09,asset-04
session-public-04237,,Instagram,camp-studio,2026-04-30,asset-01
session-public-04238,,Paid Social,camp-move,2026-02-10,asset-02
session-public-04239,,DM,camp-private,2026-02-14,asset-03
session-public-04240,,Organic,organic,2025-10-19,
session-public-04241,,Instagram,camp-studio,2026-01-21,asset-01
session-public-04242,,Paid Social,camp-move,2026-05-11,asset-02
session-public-04243,,DM,camp-private,2026-01-04,asset-03
session-public-04244,,Organic,organic,2026-09-06,asset-04
session-public-04245,,Instagram,camp-studio,2026-01-28,asset-01
session-public-04246,,Paid Social,camp-move,2025-11-13,asset-02
session-public-04247,,DM,camp-private,2026-04-13,asset-03
session-public-04248,,Organic,organic,2026-05-20,asset-04
session-public-04249,,Instagram,camp-studio,2026-06-22,
session-public-04250,,Paid Social,camp-move,2025-11-16,asset-02
session-public-04251,,DM,camp-private,2025-12-03,asset-03
session-public-04252,,Organic,organic,2026-05-17,asset-04
session-public-04253,,Instagram,camp-studio,2026-06-04,asset-01
session-public-04254,,Paid Social,camp-move,2026-08-29,asset-02
session-public-04255,,DM,camp-private,2026-06-11,asset-03
session-public-04256,,Organic,organic,2025-12-18,asset-04
session-public-04257,,Instagram,camp-studio,2025-12-26,asset-01
session-public-04258,,Paid Social,camp-move,2025-10-30,
session-public-04259,,DM,camp-private,2025-09-29,asset-03
session-public-04260,,Organic,organic,2025-12-13,asset-04
session-public-04261,,Instagram,camp-studio,2026-08-15,asset-01
session-public-04262,,Paid Social,camp-move,2025-11-08,asset-02
session-public-04263,,DM,camp-private,2026-05-31,asset-03
session-public-04264,,Organic,organic,2026-07-20,asset-04
session-public-04265,,Instagram,camp-studio,2026-06-23,asset-01
session-public-04266,,Paid Social,camp-move,2025-12-24,asset-02
session-public-04267,,DM,camp-private,2025-11-13,
session-public-04268,,Organic,organic,2026-08-09,asset-04
session-public-04269,,Instagram,camp-studio,2025-12-30,asset-01
session-public-04270,,Paid Social,camp-move,2026-02-02,asset-02
session-public-04271,,DM,camp-private,2026-06-14,asset-03
session-public-04272,,Organic,organic,2026-04-24,asset-04
session-public-04273,,Instagram,camp-studio,2025-12-18,asset-01
session-public-04274,,Paid Social,camp-move,2026-07-12,asset-02
session-public-04275,,DM,camp-private,2026-06-28,asset-03
session-public-04276,,Organic,organic,2026-03-15,
session-public-04277,,Instagram,camp-studio,2026-05-31,asset-01
session-public-04278,,Paid Social,camp-move,2026-09-08,asset-02
session-public-04279,,DM,camp-private,2026-07-29,asset-03
session-public-04280,,Organic,organic,2026-05-04,asset-04
session-public-04281,,Instagram,camp-studio,2026-01-19,asset-01
session-public-04282,,Paid Social,camp-move,2026-04-28,asset-02
session-public-04283,,DM,camp-private,2026-01-18,asset-03
session-public-04284,,Organic,organic,2026-06-25,asset-04
session-public-04285,,Instagram,camp-studio,2026-01-24,
session-public-04286,,Paid Social,camp-move,2025-11-19,asset-02
session-public-04287,,DM,camp-private,2026-06-12,asset-03
session-public-04288,,Organic,organic,2025-12-21,asset-04
session-public-04289,,Instagram,camp-studio,2026-06-27,asset-01
session-public-04290,,Paid Social,camp-move,2026-09-05,asset-02
session-public-04291,,DM,camp-private,2026-03-04,asset-03
session-public-04292,,Organic,organic,2026-04-19,asset-04
session-public-04293,,Instagram,camp-studio,2025-10-06,asset-01
session-public-04294,,Paid Social,camp-move,2026-03-14,
session-public-04295,,DM,camp-private,2026-01-17,asset-03
session-public-04296,,Organic,organic,2026-07-12,asset-04
session-public-04297,,Instagram,camp-studio,2026-05-10,asset-01
session-public-04298,,Paid Social,camp-move,2025-10-03,asset-02
session-public-04299,,DM,camp-private,2026-06-01,asset-03
session-public-04300,,Organic,organic,2026-09-16,asset-04
session-public-04301,,Instagram,camp-studio,2026-07-20,asset-01
session-public-04302,,Paid Social,camp-move,2026-06-27,asset-02
session-public-04303,,DM,camp-private,2026-08-13,
session-public-04304,,Organic,organic,2026-04-29,asset-04
session-public-04305,,Instagram,camp-studio,2026-04-16,asset-01
session-public-04306,,Paid Social,camp-move,2026-09-05,asset-02
session-public-04307,,DM,camp-private,2025-11-21,asset-03
session-public-04308,,Organic,organic,2026-05-12,asset-04
session-public-04309,,Instagram,camp-studio,2026-05-24,asset-01
session-public-04310,,Paid Social,camp-move,2026-09-15,asset-02
session-public-04311,,DM,camp-private,2025-10-23,asset-03
session-public-04312,,Organic,organic,2026-04-16,
session-public-04313,,Instagram,camp-studio,2026-06-03,asset-01
session-public-04314,,Paid Social,camp-move,2026-01-20,asset-02
session-public-04315,,DM,camp-private,2026-04-17,asset-03
session-public-04316,,Organic,organic,2026-06-14,asset-04
session-public-04317,,Instagram,camp-studio,2025-12-06,asset-01
session-public-04318,,Paid Social,camp-move,2025-09-29,asset-02
session-public-04319,,DM,camp-private,2026-03-27,asset-03
session-public-04320,,Organic,organic,2025-09-23,asset-04
session-public-04321,,Instagram,camp-studio,2026-04-02,
session-public-04322,,Paid Social,camp-move,2026-06-25,asset-02
session-public-04323,,DM,camp-private,2025-12-04,asset-03
session-public-04324,,Organic,organic,2025-11-04,asset-04
session-public-04325,,Instagram,camp-studio,2026-08-25,asset-01
session-public-04326,,Paid Social,camp-move,2025-12-18,asset-02
session-public-04327,,DM,camp-private,2025-12-23,asset-03
session-public-04328,,Organic,organic,2026-01-14,asset-04
session-public-04329,,Instagram,camp-studio,2026-08-10,asset-01
session-public-04330,,Paid Social,camp-move,2026-03-19,
session-public-04331,,DM,camp-private,2026-03-08,asset-03
session-public-04332,,Organic,organic,2026-09-02,asset-04
session-public-04333,,Instagram,camp-studio,2025-12-12,asset-01
session-public-04334,,Paid Social,camp-move,2025-11-05,asset-02
session-public-04335,,DM,camp-private,2026-04-11,asset-03
session-public-04336,,Organic,organic,2026-09-04,asset-04
session-public-04337,,Instagram,camp-studio,2026-08-25,asset-01
session-public-04338,,Paid Social,camp-move,2026-03-28,asset-02
session-public-04339,,DM,camp-private,2025-09-29,
session-public-04340,,Organic,organic,2026-03-12,asset-04
session-public-04341,,Instagram,camp-studio,2026-06-25,asset-01
session-public-04342,,Paid Social,camp-move,2026-05-09,asset-02
session-public-04343,,DM,camp-private,2025-11-14,asset-03
session-public-04344,,Organic,organic,2026-09-08,asset-04
session-public-04345,,Instagram,camp-studio,2026-02-04,asset-01
session-public-04346,,Paid Social,camp-move,2026-04-17,asset-02
session-public-04347,,DM,camp-private,2026-07-10,asset-03
session-public-04348,,Organic,organic,2025-12-07,
session-public-04349,,Instagram,camp-studio,2025-10-29,asset-01
session-public-04350,,Paid Social,camp-move,2026-06-16,asset-02
session-public-04351,,DM,camp-private,2026-08-21,asset-03
session-public-04352,,Organic,organic,2025-12-20,asset-04
session-public-04353,,Instagram,camp-studio,2025-10-29,asset-01
session-public-04354,,Paid Social,camp-move,2026-07-11,asset-02
session-public-04355,,DM,camp-private,2025-12-02,asset-03
session-public-04356,,Organic,organic,2026-03-08,asset-04
session-public-04357,,Instagram,camp-studio,2026-07-09,
session-public-04358,,Paid Social,camp-move,2026-04-13,asset-02
session-public-04359,,DM,camp-private,2026-05-13,asset-03
session-public-04360,,Organic,organic,2026-07-23,asset-04
session-public-04361,,Instagram,camp-studio,2025-10-12,asset-01
session-public-04362,,Paid Social,camp-move,2026-07-04,asset-02
session-public-04363,,DM,camp-private,2026-07-21,asset-03
session-public-04364,,Organic,organic,2026-06-22,asset-04
session-public-04365,,Instagram,camp-studio,2026-09-06,asset-01
session-public-04366,,Paid Social,camp-move,2026-02-06,
session-public-04367,,DM,camp-private,2026-01-20,asset-03
session-public-04368,,Organic,organic,2026-04-30,asset-04
session-public-04369,,Instagram,camp-studio,2026-08-07,asset-01
session-public-04370,,Paid Social,camp-move,2026-07-30,asset-02
session-public-04371,,DM,camp-private,2026-06-26,asset-03
session-public-04372,,Organic,organic,2026-02-16,asset-04
session-public-04373,,Instagram,camp-studio,2026-06-28,asset-01
session-public-04374,,Paid Social,camp-move,2025-09-30,asset-02
session-public-04375,,DM,camp-private,2025-12-12,
session-public-04376,,Organic,organic,2025-11-25,asset-04
session-public-04377,,Instagram,camp-studio,2025-10-11,asset-01
session-public-04378,,Paid Social,camp-move,2026-03-10,asset-02
session-public-04379,,DM,camp-private,2025-10-09,asset-03
session-public-04380,,Organic,organic,2026-07-28,asset-04
session-public-04381,,Instagram,camp-studio,2026-09-11,asset-01
session-public-04382,,Paid Social,camp-move,2026-01-17,asset-02
session-public-04383,,DM,camp-private,2026-08-27,asset-03
session-public-04384,,Organic,organic,2026-06-26,
session-public-04385,,Instagram,camp-studio,2026-05-01,asset-01
session-public-04386,,Paid Social,camp-move,2026-07-25,asset-02
session-public-04387,,DM,camp-private,2026-09-11,asset-03
session-public-04388,,Organic,organic,2026-01-28,asset-04
session-public-04389,,Instagram,camp-studio,2026-06-08,asset-01
session-public-04390,,Paid Social,camp-move,2026-02-18,asset-02
session-public-04391,,DM,camp-private,2026-08-19,asset-03
session-public-04392,,Organic,organic,2025-11-27,asset-04
session-public-04393,,Instagram,camp-studio,2026-02-21,
session-public-04394,,Paid Social,camp-move,2026-07-29,asset-02
session-public-04395,,DM,camp-private,2026-03-13,asset-03
session-public-04396,,Organic,organic,2026-07-31,asset-04
session-public-04397,,Instagram,camp-studio,2026-06-11,asset-01
session-public-04398,,Paid Social,camp-move,2026-07-02,asset-02
session-public-04399,,DM,camp-private,2026-08-10,asset-03
session-public-04400,,Organic,organic,2025-10-25,asset-04
session-public-04401,,Instagram,camp-studio,2026-08-19,asset-01
session-public-04402,,Paid Social,camp-move,2025-11-04,
session-public-04403,,DM,camp-private,2026-02-14,asset-03
session-public-04404,,Organic,organic,2026-03-18,asset-04
session-public-04405,,Instagram,camp-studio,2026-05-11,asset-01
session-public-04406,,Paid Social,camp-move,2026-08-08,asset-02
session-public-04407,,DM,camp-private,2026-06-28,asset-03
session-public-04408,,Organic,organic,2026-06-08,asset-04
session-public-04409,,Instagram,camp-studio,2026-05-14,asset-01
session-public-04410,,Paid Social,camp-move,2025-10-10,asset-02
session-public-04411,,DM,camp-private,2026-09-12,
session-public-04412,,Organic,organic,2026-08-23,asset-04
session-public-04413,,Instagram,camp-studio,2026-05-05,asset-01
session-public-04414,,Paid Social,camp-move,2025-11-07,asset-02
session-public-04415,,DM,camp-private,2026-03-23,asset-03
session-public-04416,,Organic,organic,2025-12-22,asset-04
session-public-04417,,Instagram,camp-studio,2026-01-20,asset-01
session-public-04418,,Paid Social,camp-move,2026-06-27,asset-02
session-public-04419,,DM,camp-private,2026-04-15,asset-03
session-public-04420,,Organic,organic,2026-05-09,
session-public-04421,,Instagram,camp-studio,2026-04-09,asset-01
session-public-04422,,Paid Social,camp-move,2026-05-24,asset-02
session-public-04423,,DM,camp-private,2025-12-31,asset-03
session-public-04424,,Organic,organic,2026-06-25,asset-04
session-public-04425,,Instagram,camp-studio,2026-08-24,asset-01
session-public-04426,,Paid Social,camp-move,2025-12-26,asset-02
session-public-04427,,DM,camp-private,2025-10-05,asset-03
session-public-04428,,Organic,organic,2026-08-03,asset-04
session-public-04429,,Instagram,camp-studio,2026-05-11,
session-public-04430,,Paid Social,camp-move,2026-02-09,asset-02
session-public-04431,,DM,camp-private,2026-04-04,asset-03
session-public-04432,,Organic,organic,2025-10-31,asset-04
session-public-04433,,Instagram,camp-studio,2026-08-02,asset-01
session-public-04434,,Paid Social,camp-move,2025-10-24,asset-02
session-public-04435,,DM,camp-private,2026-08-09,asset-03
session-public-04436,,Organic,organic,2026-08-27,asset-04
session-public-04437,,Instagram,camp-studio,2026-05-16,asset-01
session-public-04438,,Paid Social,camp-move,2026-06-02,
session-public-04439,,DM,camp-private,2026-07-31,asset-03
session-public-04440,,Organic,organic,2026-06-21,asset-04
session-public-04441,,Instagram,camp-studio,2026-06-01,asset-01
session-public-04442,,Paid Social,camp-move,2026-04-06,asset-02
session-public-04443,,DM,camp-private,2026-06-26,asset-03
session-public-04444,,Organic,organic,2025-12-07,asset-04
session-public-04445,,Instagram,camp-studio,2026-08-07,asset-01
session-public-04446,,Paid Social,camp-move,2026-07-13,asset-02
session-public-04447,,DM,camp-private,2026-05-03,
session-public-04448,,Organic,organic,2026-06-07,asset-04
session-public-04449,,Instagram,camp-studio,2026-06-03,asset-01
session-public-04450,,Paid Social,camp-move,2025-12-09,asset-02
session-public-04451,,DM,camp-private,2025-11-27,asset-03
session-public-04452,,Organic,organic,2026-03-04,asset-04
session-public-04453,,Instagram,camp-studio,2026-06-13,asset-01
session-public-04454,,Paid Social,camp-move,2026-07-14,asset-02
session-public-04455,,DM,camp-private,2025-12-31,asset-03
session-public-04456,,Organic,organic,2026-06-01,
session-public-04457,,Instagram,camp-studio,2025-10-11,asset-01
session-public-04458,,Paid Social,camp-move,2026-08-17,asset-02
session-public-04459,,DM,camp-private,2026-06-21,asset-03
session-public-04460,,Organic,organic,2026-03-03,asset-04
session-public-04461,,Instagram,camp-studio,2026-09-05,asset-01
session-public-04462,,Paid Social,camp-move,2026-06-17,asset-02
session-public-04463,,DM,camp-private,2025-09-22,asset-03
session-public-04464,,Organic,organic,2026-04-14,asset-04
session-public-04465,,Instagram,camp-studio,2026-08-17,
session-public-04466,,Paid Social,camp-move,2025-12-26,asset-02
session-public-04467,,DM,camp-private,2026-09-06,asset-03
session-public-04468,,Organic,organic,2026-08-08,asset-04
session-public-04469,,Instagram,camp-studio,2026-01-21,asset-01
session-public-04470,,Paid Social,camp-move,2026-03-29,asset-02
session-public-04471,,DM,camp-private,2025-10-18,asset-03
session-public-04472,,Organic,organic,2026-09-13,asset-04
session-public-04473,,Instagram,camp-studio,2026-02-06,asset-01
session-public-04474,,Paid Social,camp-move,2025-10-07,
session-public-04475,,DM,camp-private,2026-08-27,asset-03
session-public-04476,,Organic,organic,2026-03-25,asset-04
session-public-04477,,Instagram,camp-studio,2026-04-09,asset-01
session-public-04478,,Paid Social,camp-move,2026-04-05,asset-02
session-public-04479,,DM,camp-private,2026-08-05,asset-03
session-public-04480,,Organic,organic,2026-03-10,asset-04
session-public-04481,,Instagram,camp-studio,2026-09-08,asset-01
session-public-04482,,Paid Social,camp-move,2026-05-13,asset-02
session-public-04483,,DM,camp-private,2026-07-10,
session-public-04484,,Organic,organic,2025-10-11,asset-04
session-public-04485,,Instagram,camp-studio,2025-10-07,asset-01
session-public-04486,,Paid Social,camp-move,2026-09-01,asset-02
session-public-04487,,DM,camp-private,2025-11-24,asset-03
session-public-04488,,Organic,organic,2025-12-16,asset-04
session-public-04489,,Instagram,camp-studio,2026-02-12,asset-01
session-public-04490,,Paid Social,camp-move,2026-06-26,asset-02
session-public-04491,,DM,camp-private,2025-12-21,asset-03
session-public-04492,,Organic,organic,2026-03-16,
session-public-04493,,Instagram,camp-studio,2026-04-01,asset-01
session-public-04494,,Paid Social,camp-move,2026-02-06,asset-02
session-public-04495,,DM,camp-private,2026-01-28,asset-03
session-public-04496,,Organic,organic,2025-12-24,asset-04
session-public-04497,,Instagram,camp-studio,2026-06-17,asset-01
session-public-04498,,Paid Social,camp-move,2026-04-11,asset-02
session-public-04499,,DM,camp-private,2026-05-15,asset-03
session-public-04500,,Organic,organic,2026-07-22,asset-04
session-public-04501,,Instagram,camp-studio,2026-04-11,
session-public-04502,,Paid Social,camp-move,2025-12-31,asset-02
session-public-04503,,DM,camp-private,2025-12-02,asset-03
session-public-04504,,Organic,organic,2026-03-21,asset-04
session-public-04505,,Instagram,camp-studio,2026-08-01,asset-01
session-public-04506,,Paid Social,camp-move,2026-02-19,asset-02
session-public-04507,,DM,camp-private,2025-12-26,asset-03
session-public-04508,,Organic,organic,2026-08-14,asset-04
session-public-04509,,Instagram,camp-studio,2026-01-26,asset-01
session-public-04510,,Paid Social,camp-move,2026-08-12,
session-public-04511,,DM,camp-private,2025-11-29,asset-03
session-public-04512,,Organic,organic,2026-09-06,asset-04
session-public-04513,,Instagram,camp-studio,2026-06-21,asset-01
session-public-04514,,Paid Social,camp-move,2026-07-13,asset-02
session-public-04515,,DM,camp-private,2026-02-06,asset-03
session-public-04516,,Organic,organic,2026-04-10,asset-04
session-public-04517,,Instagram,camp-studio,2026-01-13,asset-01
session-public-04518,,Paid Social,camp-move,2025-12-30,asset-02
session-public-04519,,DM,camp-private,2026-06-28,
session-public-04520,,Organic,organic,2026-07-12,asset-04
session-public-04521,,Instagram,camp-studio,2025-11-13,asset-01
session-public-04522,,Paid Social,camp-move,2026-03-15,asset-02
session-public-04523,,DM,camp-private,2026-04-17,asset-03
session-public-04524,,Organic,organic,2025-12-15,asset-04
session-public-04525,,Instagram,camp-studio,2026-02-02,asset-01
session-public-04526,,Paid Social,camp-move,2025-11-01,asset-02
session-public-04527,,DM,camp-private,2026-09-07,asset-03
session-public-04528,,Organic,organic,2026-09-05,
session-public-04529,,Instagram,camp-studio,2026-03-08,asset-01
session-public-04530,,Paid Social,camp-move,2025-12-26,asset-02
session-public-04531,,DM,camp-private,2026-06-21,asset-03
session-public-04532,,Organic,organic,2026-03-13,asset-04
session-public-04533,,Instagram,camp-studio,2026-05-27,asset-01
session-public-04534,,Paid Social,camp-move,2025-12-22,asset-02
session-public-04535,,DM,camp-private,2026-03-16,asset-03
session-public-04536,,Organic,organic,2026-04-09,asset-04
session-public-04537,,Instagram,camp-studio,2025-12-16,
session-public-04538,,Paid Social,camp-move,2026-07-13,asset-02
session-public-04539,,DM,camp-private,2025-12-18,asset-03
session-public-04540,,Organic,organic,2026-04-16,asset-04
session-public-04541,,Instagram,camp-studio,2026-07-20,asset-01
session-public-04542,,Paid Social,camp-move,2026-01-13,asset-02
session-public-04543,,DM,camp-private,2026-09-12,asset-03
session-public-04544,,Organic,organic,2026-01-13,asset-04
session-public-04545,,Instagram,camp-studio,2026-03-16,asset-01
session-public-04546,,Paid Social,camp-move,2026-06-20,
session-public-04547,,DM,camp-private,2026-07-30,asset-03
session-public-04548,,Organic,organic,2026-09-08,asset-04
session-public-04549,,Instagram,camp-studio,2026-03-30,asset-01
session-public-04550,,Paid Social,camp-move,2025-11-13,asset-02
session-public-04551,,DM,camp-private,2026-01-14,asset-03
session-public-04552,,Organic,organic,2026-06-07,asset-04
session-public-04553,,Instagram,camp-studio,2025-11-15,asset-01
session-public-04554,,Paid Social,camp-move,2026-07-05,asset-02
session-public-04555,,DM,camp-private,2026-09-20,
session-public-04556,,Organic,organic,2026-04-10,asset-04
session-public-04557,,Instagram,camp-studio,2026-03-30,asset-01
session-public-04558,,Paid Social,camp-move,2026-03-28,asset-02
session-public-04559,,DM,camp-private,2025-10-05,asset-03
session-public-04560,,Organic,organic,2026-08-18,asset-04
session-public-04561,,Instagram,camp-studio,2026-05-30,asset-01
session-public-04562,,Paid Social,camp-move,2026-06-14,asset-02
session-public-04563,,DM,camp-private,2026-02-03,asset-03
session-public-04564,,Organic,organic,2026-04-07,
session-public-04565,,Instagram,camp-studio,2026-07-05,asset-01
session-public-04566,,Paid Social,camp-move,2026-03-07,asset-02
session-public-04567,,DM,camp-private,2025-09-30,asset-03
session-public-04568,,Organic,organic,2026-07-31,asset-04
session-public-04569,,Instagram,camp-studio,2026-03-05,asset-01
session-public-04570,,Paid Social,camp-move,2026-05-29,asset-02
session-public-04571,,DM,camp-private,2026-09-05,asset-03
session-public-04572,,Organic,organic,2026-02-16,asset-04
session-public-04573,,Instagram,camp-studio,2026-02-02,
session-public-04574,,Paid Social,camp-move,2026-01-14,asset-02
session-public-04575,,DM,camp-private,2025-09-25,asset-03
session-public-04576,,Organic,organic,2025-12-30,asset-04
session-public-04577,,Instagram,camp-studio,2026-02-25,asset-01
session-public-04578,,Paid Social,camp-move,2026-08-09,asset-02
session-public-04579,,DM,camp-private,2026-08-07,asset-03
session-public-04580,,Organic,organic,2025-11-22,asset-04
session-public-04581,,Instagram,camp-studio,2026-09-02,asset-01
session-public-04582,,Paid Social,camp-move,2026-06-11,
session-public-04583,,DM,camp-private,2026-07-14,asset-03
session-public-04584,,Organic,organic,2025-10-30,asset-04
session-public-04585,,Instagram,camp-studio,2025-11-18,asset-01
session-public-04586,,Paid Social,camp-move,2026-05-26,asset-02
session-public-04587,,DM,camp-private,2026-07-25,asset-03
session-public-04588,,Organic,organic,2026-05-27,asset-04
session-public-04589,,Instagram,camp-studio,2025-12-15,asset-01
session-public-04590,,Paid Social,camp-move,2025-10-16,asset-02
session-public-04591,,DM,camp-private,2026-01-01,
session-public-04592,,Organic,organic,2026-06-16,asset-04
session-public-04593,,Instagram,camp-studio,2026-09-17,asset-01
session-public-04594,,Paid Social,camp-move,2026-03-11,asset-02
session-public-04595,,DM,camp-private,2026-07-16,asset-03
session-public-04596,,Organic,organic,2026-01-20,asset-04
session-public-04597,,Instagram,camp-studio,2026-02-06,asset-01
session-public-04598,,Paid Social,camp-move,2025-10-11,asset-02
session-public-04599,,DM,camp-private,2025-11-05,asset-03
session-public-04600,,Organic,organic,2026-03-27,
session-public-04601,,Instagram,camp-studio,2026-01-07,asset-01
session-public-04602,,Paid Social,camp-move,2026-04-11,asset-02
session-public-04603,,DM,camp-private,2026-02-26,asset-03
session-public-04604,,Organic,organic,2025-11-06,asset-04
session-public-04605,,Instagram,camp-studio,2026-03-07,asset-01
session-public-04606,,Paid Social,camp-move,2026-02-19,asset-02
session-public-04607,,DM,camp-private,2026-05-12,asset-03
session-public-04608,,Organic,organic,2025-11-16,asset-04
session-public-04609,,Instagram,camp-studio,2026-03-08,
session-public-04610,,Paid Social,camp-move,2026-03-08,asset-02
session-public-04611,,DM,camp-private,2026-01-03,asset-03
session-public-04612,,Organic,organic,2025-11-15,asset-04
session-public-04613,,Instagram,camp-studio,2026-01-10,asset-01
session-public-04614,,Paid Social,camp-move,2025-12-19,asset-02
session-public-04615,,DM,camp-private,2026-03-28,asset-03
session-public-04616,,Organic,organic,2026-08-05,asset-04
session-public-04617,,Instagram,camp-studio,2026-01-09,asset-01
session-public-04618,,Paid Social,camp-move,2026-04-24,
session-public-04619,,DM,camp-private,2026-05-23,asset-03
session-public-04620,,Organic,organic,2026-06-17,asset-04
session-public-04621,,Instagram,camp-studio,2025-11-10,asset-01
session-public-04622,,Paid Social,camp-move,2026-01-21,asset-02
session-public-04623,,DM,camp-private,2026-04-28,asset-03
session-public-04624,,Organic,organic,2026-05-09,asset-04
session-public-04625,,Instagram,camp-studio,2026-03-03,asset-01
session-public-04626,,Paid Social,camp-move,2025-10-15,asset-02
session-public-04627,,DM,camp-private,2025-09-30,
session-public-04628,,Organic,organic,2026-08-05,asset-04
session-public-04629,,Instagram,camp-studio,2026-02-05,asset-01
session-public-04630,,Paid Social,camp-move,2025-12-07,asset-02
session-public-04631,,DM,camp-private,2026-09-13,asset-03
session-public-04632,,Organic,organic,2026-08-17,asset-04
session-public-04633,,Instagram,camp-studio,2025-11-16,asset-01
session-public-04634,,Paid Social,camp-move,2026-02-14,asset-02
session-public-04635,,DM,camp-private,2025-11-05,asset-03
session-public-04636,,Organic,organic,2025-10-10,
session-public-04637,,Instagram,camp-studio,2026-03-22,asset-01
session-public-04638,,Paid Social,camp-move,2025-12-21,asset-02
session-public-04639,,DM,camp-private,2026-05-13,asset-03
session-public-04640,,Organic,organic,2026-04-06,asset-04
session-public-04641,,Instagram,camp-studio,2026-08-03,asset-01
session-public-04642,,Paid Social,camp-move,2026-06-19,asset-02
session-public-04643,,DM,camp-private,2025-11-23,asset-03
session-public-04644,,Organic,organic,2026-09-13,asset-04
session-public-04645,,Instagram,camp-studio,2026-07-21,
session-public-04646,,Paid Social,camp-move,2026-06-17,asset-02
session-public-04647,,DM,camp-private,2026-05-22,asset-03
session-public-04648,,Organic,organic,2026-07-06,asset-04
session-public-04649,,Instagram,camp-studio,2025-10-22,asset-01
session-public-04650,,Paid Social,camp-move,2026-07-28,asset-02
session-public-04651,,DM,camp-private,2025-11-28,asset-03
session-public-04652,,Organic,organic,2026-05-24,asset-04
session-public-04653,,Instagram,camp-studio,2025-09-25,asset-01
session-public-04654,,Paid Social,camp-move,2026-02-08,
session-public-04655,,DM,camp-private,2026-03-25,asset-03
session-public-04656,,Organic,organic,2025-11-27,asset-04
session-public-04657,,Instagram,camp-studio,2026-01-20,asset-01
session-public-04658,,Paid Social,camp-move,2026-06-12,asset-02
session-public-04659,,DM,camp-private,2026-06-18,asset-03
session-public-04660,,Organic,organic,2026-07-04,asset-04
session-public-04661,,Instagram,camp-studio,2026-03-19,asset-01
session-public-04662,,Paid Social,camp-move,2026-04-15,asset-02
session-public-04663,,DM,camp-private,2025-12-14,
session-public-04664,,Organic,organic,2025-12-01,asset-04
session-public-04665,,Instagram,camp-studio,2026-03-10,asset-01
session-public-04666,,Paid Social,camp-move,2026-07-04,asset-02
session-public-04667,,DM,camp-private,2026-04-29,asset-03
session-public-04668,,Organic,organic,2026-04-23,asset-04
session-public-04669,,Instagram,camp-studio,2025-10-21,asset-01
session-public-04670,,Paid Social,camp-move,2026-03-07,asset-02
session-public-04671,,DM,camp-private,2026-07-17,asset-03
session-public-04672,,Organic,organic,2026-06-08,
session-public-04673,,Instagram,camp-studio,2026-04-22,asset-01
session-public-04674,,Paid Social,camp-move,2026-05-10,asset-02
session-public-04675,,DM,camp-private,2026-06-24,asset-03
session-public-04676,,Organic,organic,2026-05-06,asset-04
session-public-04677,,Instagram,camp-studio,2026-02-12,asset-01
session-public-04678,,Paid Social,camp-move,2026-02-21,asset-02
session-public-04679,,DM,camp-private,2025-12-16,asset-03
session-public-04680,,Organic,organic,2025-12-01,asset-04
session-public-04681,,Instagram,camp-studio,2026-06-01,
session-public-04682,,Paid Social,camp-move,2026-09-18,asset-02
session-public-04683,,DM,camp-private,2026-03-13,asset-03
session-public-04684,,Organic,organic,2026-06-10,asset-04
session-public-04685,,Instagram,camp-studio,2026-03-13,asset-01
session-public-04686,,Paid Social,camp-move,2026-08-30,asset-02
session-public-04687,,DM,camp-private,2026-02-12,asset-03
session-public-04688,,Organic,organic,2026-06-26,asset-04
session-public-04689,,Instagram,camp-studio,2026-08-11,asset-01
session-public-04690,,Paid Social,camp-move,2026-03-14,
session-public-04691,,DM,camp-private,2026-07-20,asset-03
session-public-04692,,Organic,organic,2026-04-26,asset-04
session-public-04693,,Instagram,camp-studio,2026-03-27,asset-01
session-public-04694,,Paid Social,camp-move,2026-03-03,asset-02
session-public-04695,,DM,camp-private,2026-09-21,asset-03
session-public-04696,,Organic,organic,2026-08-02,asset-04
session-public-04697,,Instagram,camp-studio,2026-02-16,asset-01
session-public-04698,,Paid Social,camp-move,2025-12-22,asset-02
session-public-04699,,DM,camp-private,2026-06-06,
session-public-04700,,Organic,organic,2025-11-26,asset-04
session-public-04701,,Instagram,camp-studio,2026-02-24,asset-01
session-public-04702,,Paid Social,camp-move,2026-08-02,asset-02
session-public-04703,,DM,camp-private,2025-11-21,asset-03
session-public-04704,,Organic,organic,2025-11-03,asset-04
session-public-04705,,Instagram,camp-studio,2026-09-11,asset-01
session-public-04706,,Paid Social,camp-move,2026-04-29,asset-02
session-public-04707,,DM,camp-private,2026-03-11,asset-03
session-public-04708,,Organic,organic,2025-10-05,
session-public-04709,,Instagram,camp-studio,2025-11-30,asset-01
session-public-04710,,Paid Social,camp-move,2025-09-25,asset-02
session-public-04711,,DM,camp-private,2025-10-12,asset-03
session-public-04712,,Organic,organic,2025-10-13,asset-04
session-public-04713,,Instagram,camp-studio,2025-12-10,asset-01
session-public-04714,,Paid Social,camp-move,2026-02-26,asset-02
session-public-04715,,DM,camp-private,2026-03-31,asset-03
session-public-04716,,Organic,organic,2026-08-15,asset-04
session-public-04717,,Instagram,camp-studio,2026-01-17,
session-public-04718,,Paid Social,camp-move,2026-07-19,asset-02
session-public-04719,,DM,camp-private,2026-08-19,asset-03
session-public-04720,,Organic,organic,2026-01-18,asset-04
session-public-04721,,Instagram,camp-studio,2025-10-29,asset-01
session-public-04722,,Paid Social,camp-move,2026-01-21,asset-02
session-public-04723,,DM,camp-private,2025-11-28,asset-03
session-public-04724,,Organic,organic,2026-08-17,asset-04
session-public-04725,,Instagram,camp-studio,2025-11-20,asset-01
session-public-04726,,Paid Social,camp-move,2026-03-07,
session-public-04727,,DM,camp-private,2026-03-03,asset-03
session-public-04728,,Organic,organic,2025-10-27,asset-04
session-public-04729,,Instagram,camp-studio,2026-01-06,asset-01
session-public-04730,,Paid Social,camp-move,2025-09-24,asset-02
session-public-04731,,DM,camp-private,2026-03-06,asset-03
session-public-04732,,Organic,organic,2026-03-15,asset-04
session-public-04733,,Instagram,camp-studio,2026-05-26,asset-01
session-public-04734,,Paid Social,camp-move,2025-10-09,asset-02
session-public-04735,,DM,camp-private,2026-06-16,
session-public-04736,,Organic,organic,2026-01-04,asset-04
session-public-04737,,Instagram,camp-studio,2026-08-12,asset-01
session-public-04738,,Paid Social,camp-move,2026-08-12,asset-02
session-public-04739,,DM,camp-private,2026-04-27,asset-03
session-public-04740,,Organic,organic,2026-07-03,asset-04
session-public-04741,,Instagram,camp-studio,2025-12-24,asset-01
session-public-04742,,Paid Social,camp-move,2026-09-06,asset-02
session-public-04743,,DM,camp-private,2025-11-12,asset-03
session-public-04744,,Organic,organic,2026-02-14,
session-public-04745,,Instagram,camp-studio,2026-02-24,asset-01
session-public-04746,,Paid Social,camp-move,2026-02-14,asset-02
session-public-04747,,DM,camp-private,2026-06-15,asset-03
session-public-04748,,Organic,organic,2026-06-17,asset-04
session-public-04749,,Instagram,camp-studio,2026-08-03,asset-01
session-public-04750,,Paid Social,camp-move,2026-04-06,asset-02
session-public-04751,,DM,camp-private,2026-04-07,asset-03
session-public-04752,,Organic,organic,2026-07-19,asset-04
session-public-04753,,Instagram,camp-studio,2026-08-05,
session-public-04754,,Paid Social,camp-move,2026-05-31,asset-02
session-public-04755,,DM,camp-private,2025-12-04,asset-03
session-public-04756,,Organic,organic,2026-06-04,asset-04
session-public-04757,,Instagram,camp-studio,2026-09-10,asset-01
session-public-04758,,Paid Social,camp-move,2026-01-13,asset-02
session-public-04759,,DM,camp-private,2026-04-26,asset-03
session-public-04760,,Organic,organic,2026-05-09,asset-04
session-public-04761,,Instagram,camp-studio,2026-08-14,asset-01
session-public-04762,,Paid Social,camp-move,2026-05-05,
session-public-04763,,DM,camp-private,2026-02-18,asset-03
session-public-04764,,Organic,organic,2026-08-17,asset-04
session-public-04765,,Instagram,camp-studio,2026-04-21,asset-01
session-public-04766,,Paid Social,camp-move,2025-12-07,asset-02
session-public-04767,,DM,camp-private,2025-09-25,asset-03
session-public-04768,,Organic,organic,2025-11-27,asset-04
session-public-04769,,Instagram,camp-studio,2026-03-28,asset-01
session-public-04770,,Paid Social,camp-move,2026-06-12,asset-02
session-public-04771,,DM,camp-private,2026-09-17,
session-public-04772,,Organic,organic,2025-12-16,asset-04
session-public-04773,,Instagram,camp-studio,2026-03-29,asset-01
session-public-04774,,Paid Social,camp-move,2026-02-16,asset-02
session-public-04775,,DM,camp-private,2026-01-07,asset-03
session-public-04776,,Organic,organic,2025-10-27,asset-04
session-public-04777,,Instagram,camp-studio,2026-06-18,asset-01
session-public-04778,,Paid Social,camp-move,2026-01-11,asset-02
session-public-04779,,DM,camp-private,2025-12-19,asset-03
session-public-04780,,Organic,organic,2026-09-19,
session-public-04781,,Instagram,camp-studio,2026-06-27,asset-01
session-public-04782,,Paid Social,camp-move,2025-11-15,asset-02
session-public-04783,,DM,camp-private,2025-11-29,asset-03
session-public-04784,,Organic,organic,2025-12-28,asset-04
session-public-04785,,Instagram,camp-studio,2025-10-24,asset-01
session-public-04786,,Paid Social,camp-move,2025-11-25,asset-02
session-public-04787,,DM,camp-private,2026-01-02,asset-03
session-public-04788,,Organic,organic,2026-07-29,asset-04
session-public-04789,,Instagram,camp-studio,2025-12-04,
session-public-04790,,Paid Social,camp-move,2026-08-18,asset-02
session-public-04791,,DM,camp-private,2025-09-25,asset-03
session-public-04792,,Organic,organic,2026-08-08,asset-04
session-public-04793,,Instagram,camp-studio,2026-02-25,asset-01
session-public-04794,,Paid Social,camp-move,2026-08-07,asset-02
session-public-04795,,DM,camp-private,2025-11-08,asset-03
session-public-04796,,Organic,organic,2025-10-22,asset-04
session-public-04797,,Instagram,camp-studio,2026-04-03,asset-01
session-public-04798,,Paid Social,camp-move,2025-09-26,
session-public-04799,,DM,camp-private,2025-11-07,asset-03
session-public-04800,,Organic,organic,2026-06-15,asset-04
session-public-04801,,Instagram,camp-studio,2026-01-25,asset-01
session-public-04802,,Paid Social,camp-move,2026-04-22,asset-02
session-public-04803,,DM,camp-private,2026-02-03,asset-03
session-public-04804,,Organic,organic,2026-05-30,asset-04
session-public-04805,,Instagram,camp-studio,2025-12-12,asset-01
session-public-04806,,Paid Social,camp-move,2026-01-04,asset-02
session-public-04807,,DM,camp-private,2026-07-02,
session-public-04808,,Organic,organic,2026-05-17,asset-04
session-public-04809,,Instagram,camp-studio,2026-03-17,asset-01
session-public-04810,,Paid Social,camp-move,2025-10-04,asset-02
session-public-04811,,DM,camp-private,2026-06-21,asset-03
session-public-04812,,Organic,organic,2025-12-15,asset-04
session-public-04813,,Instagram,camp-studio,2026-05-21,asset-01
session-public-04814,,Paid Social,camp-move,2026-04-16,asset-02
session-public-04815,,DM,camp-private,2026-06-14,asset-03
session-public-04816,,Organic,organic,2026-09-18,
session-public-04817,,Instagram,camp-studio,2025-11-05,asset-01
session-public-04818,,Paid Social,camp-move,2026-08-28,asset-02
session-public-04819,,DM,camp-private,2026-05-13,asset-03
session-public-04820,,Organic,organic,2025-12-21,asset-04
session-public-04821,,Instagram,camp-studio,2025-12-23,asset-01
session-public-04822,,Paid Social,camp-move,2026-03-20,asset-02
session-public-04823,,DM,camp-private,2026-05-25,asset-03
session-public-04824,,Organic,organic,2026-05-17,asset-04
session-public-04825,,Instagram,camp-studio,2026-03-05,
session-public-04826,,Paid Social,camp-move,2026-02-02,asset-02
session-public-04827,,DM,camp-private,2026-03-26,asset-03
session-public-04828,,Organic,organic,2026-07-06,asset-04
session-public-04829,,Instagram,camp-studio,2026-08-09,asset-01
session-public-04830,,Paid Social,camp-move,2026-02-05,asset-02
session-public-04831,,DM,camp-private,2026-05-27,asset-03
session-public-04832,,Organic,organic,2025-11-30,asset-04
session-public-04833,,Instagram,camp-studio,2026-04-04,asset-01
session-public-04834,,Paid Social,camp-move,2025-12-10,
session-public-04835,,DM,camp-private,2026-07-11,asset-03
session-public-04836,,Organic,organic,2025-10-08,asset-04
session-public-04837,,Instagram,camp-studio,2026-03-07,asset-01
session-public-04838,,Paid Social,camp-move,2025-12-03,asset-02
session-public-04839,,DM,camp-private,2026-08-04,asset-03
session-public-04840,,Organic,organic,2025-11-07,asset-04
session-public-04841,,Instagram,camp-studio,2026-06-10,asset-01
session-public-04842,,Paid Social,camp-move,2026-08-30,asset-02
session-public-04843,,DM,camp-private,2026-05-12,
session-public-04844,,Organic,organic,2026-04-05,asset-04
session-public-04845,,Instagram,camp-studio,2026-08-24,asset-01
session-public-04846,,Paid Social,camp-move,2026-07-02,asset-02
session-public-04847,,DM,camp-private,2026-01-23,asset-03
session-public-04848,,Organic,organic,2025-11-13,asset-04
session-public-04849,,Instagram,camp-studio,2026-04-10,asset-01
session-public-04850,,Paid Social,camp-move,2025-10-19,asset-02
session-public-04851,,DM,camp-private,2026-06-30,asset-03
session-public-04852,,Organic,organic,2025-12-24,
session-public-04853,,Instagram,camp-studio,2026-05-05,asset-01
session-public-04854,,Paid Social,camp-move,2025-11-22,asset-02
session-public-04855,,DM,camp-private,2026-08-18,asset-03
session-public-04856,,Organic,organic,2026-05-20,asset-04
session-public-04857,,Instagram,camp-studio,2025-12-20,asset-01
session-public-04858,,Paid Social,camp-move,2025-10-24,asset-02
session-public-04859,,DM,camp-private,2026-05-14,asset-03
session-public-04860,,Organic,organic,2026-09-08,asset-04
session-public-04861,,Instagram,camp-studio,2026-01-10,
session-public-04862,,Paid Social,camp-move,2026-01-01,asset-02
session-public-04863,,DM,camp-private,2026-05-06,asset-03
session-public-04864,,Organic,organic,2026-01-11,asset-04
session-public-04865,,Instagram,camp-studio,2026-07-08,asset-01
session-public-04866,,Paid Social,camp-move,2026-08-23,asset-02
session-public-04867,,DM,camp-private,2026-07-17,asset-03
session-public-04868,,Organic,organic,2025-12-26,asset-04
session-public-04869,,Instagram,camp-studio,2025-10-06,asset-01
session-public-04870,,Paid Social,camp-move,2026-03-07,
session-public-04871,,DM,camp-private,2025-12-24,asset-03
session-public-04872,,Organic,organic,2025-12-19,asset-04
session-public-04873,,Instagram,camp-studio,2025-12-10,asset-01
session-public-04874,,Paid Social,camp-move,2026-07-14,asset-02
session-public-04875,,DM,camp-private,2026-07-09,asset-03
session-public-04876,,Organic,organic,2026-08-02,asset-04
session-public-04877,,Instagram,camp-studio,2026-01-09,asset-01
session-public-04878,,Paid Social,camp-move,2026-04-20,asset-02
session-public-04879,,DM,camp-private,2025-12-18,
session-public-04880,,Organic,organic,2025-11-12,asset-04
session-public-04881,,Instagram,camp-studio,2026-04-28,asset-01
session-public-04882,,Paid Social,camp-move,2026-03-08,asset-02
session-public-04883,,DM,camp-private,2026-08-24,asset-03
session-public-04884,,Organic,organic,2026-07-18,asset-04
session-public-04885,,Instagram,camp-studio,2025-10-30,asset-01
session-public-04886,,Paid Social,camp-move,2026-08-15,asset-02
session-public-04887,,DM,camp-private,2026-02-24,asset-03
session-public-04888,,Organic,organic,2026-01-20,
session-public-04889,,Instagram,camp-studio,2026-07-02,asset-01
session-public-04890,,Paid Social,camp-move,2026-06-30,asset-02
session-public-04891,,DM,camp-private,2025-12-04,asset-03
session-public-04892,,Organic,organic,2026-01-21,asset-04
session-public-04893,,Instagram,camp-studio,2025-12-16,asset-01
session-public-04894,,Paid Social,camp-move,2026-03-07,asset-02
session-public-04895,,DM,camp-private,2026-08-22,asset-03
session-public-04896,,Organic,organic,2026-03-27,asset-04
session-public-04897,,Instagram,camp-studio,2026-09-16,
session-public-04898,,Paid Social,camp-move,2026-01-25,asset-02
session-public-04899,,DM,camp-private,2026-07-14,asset-03
session-public-04900,,Organic,organic,2026-06-25,asset-04
session-public-04901,,Instagram,camp-studio,2026-01-04,asset-01
session-public-04902,,Paid Social,camp-move,2026-03-04,asset-02
session-public-04903,,DM,camp-private,2026-07-03,asset-03
session-public-04904,,Organic,organic,2026-02-26,asset-04
session-public-04905,,Instagram,camp-studio,2026-02-05,asset-01
session-public-04906,,Paid Social,camp-move,2026-04-23,
session-public-04907,,DM,camp-private,2025-11-23,asset-03
session-public-04908,,Organic,organic,2026-05-30,asset-04
session-public-04909,,Instagram,camp-studio,2026-08-18,asset-01
session-public-04910,,Paid Social,camp-move,2026-05-17,asset-02
session-public-04911,,DM,camp-private,2026-06-01,asset-03
session-public-04912,,Organic,organic,2026-01-12,asset-04
session-public-04913,,Instagram,camp-studio,2025-12-13,asset-01
session-public-04914,,Paid Social,camp-move,2026-04-11,asset-02
session-public-04915,,DM,camp-private,2026-02-17,
session-public-04916,,Organic,organic,2026-01-26,asset-04
session-public-04917,,Instagram,camp-studio,2025-10-02,asset-01
session-public-04918,,Paid Social,camp-move,2026-07-11,asset-02
session-public-04919,,DM,camp-private,2026-03-11,asset-03
session-public-04920,,Organic,organic,2026-02-02,asset-04
session-public-04921,,Instagram,camp-studio,2026-01-29,asset-01
session-public-04922,,Paid Social,camp-move,2026-07-14,asset-02
session-public-04923,,DM,camp-private,2026-06-04,asset-03
session-public-04924,,Organic,organic,2026-07-31,
session-public-04925,,Instagram,camp-studio,2025-11-20,asset-01
session-public-04926,,Paid Social,camp-move,2025-12-23,asset-02
session-public-04927,,DM,camp-private,2026-05-08,asset-03
session-public-04928,,Organic,organic,2026-07-28,asset-04
session-public-04929,,Instagram,camp-studio,2026-07-17,asset-01
session-public-04930,,Paid Social,camp-move,2026-05-04,asset-02
session-public-04931,,DM,camp-private,2025-09-23,asset-03
session-public-04932,,Organic,organic,2025-12-26,asset-04
session-public-04933,,Instagram,camp-studio,2026-07-11,
session-public-04934,,Paid Social,camp-move,2025-12-20,asset-02
session-public-04935,,DM,camp-private,2026-05-05,asset-03
session-public-04936,,Organic,organic,2025-10-27,asset-04
session-public-04937,,Instagram,camp-studio,2025-12-13,asset-01
session-public-04938,,Paid Social,camp-move,2025-10-20,asset-02
session-public-04939,,DM,camp-private,2026-03-10,asset-03
session-public-04940,,Organic,organic,2026-01-26,asset-04
session-public-04941,,Instagram,camp-studio,2026-08-29,asset-01
session-public-04942,,Paid Social,camp-move,2026-07-24,
session-public-04943,,DM,camp-private,2026-05-19,asset-03
session-public-04944,,Organic,organic,2026-06-18,asset-04
session-public-04945,,Instagram,camp-studio,2026-06-03,asset-01
session-public-04946,,Paid Social,camp-move,2025-11-18,asset-02
session-public-04947,,DM,camp-private,2026-01-09,asset-03
session-public-04948,,Organic,organic,2026-05-31,asset-04
session-public-04949,,Instagram,camp-studio,2026-09-19,asset-01
session-public-04950,,Paid Social,camp-move,2026-03-08,asset-02
session-public-04951,,DM,camp-private,2025-12-01,
session-public-04952,,Organic,organic,2026-07-15,asset-04
session-public-04953,,Instagram,camp-studio,2026-07-04,asset-01
session-public-04954,,Paid Social,camp-move,2026-06-14,asset-02
session-public-04955,,DM,camp-private,2026-01-24,asset-03
session-public-04956,,Organic,organic,2025-11-27,asset-04
session-public-04957,,Instagram,camp-studio,2025-12-07,asset-01
session-public-04958,,Paid Social,camp-move,2025-10-06,asset-02
session-public-04959,,DM,camp-private,2026-09-02,asset-03
session-public-04960,,Organic,organic,2025-11-11,
session-public-04961,,Instagram,camp-studio,2025-11-29,asset-01
session-public-04962,,Paid Social,camp-move,2026-03-27,asset-02
session-public-04963,,DM,camp-private,2026-04-13,asset-03
session-public-04964,,Organic,organic,2025-10-19,asset-04
session-public-04965,,Instagram,camp-studio,2026-06-29,asset-01
session-public-04966,,Paid Social,camp-move,2025-12-27,asset-02
session-public-04967,,DM,camp-private,2025-12-19,asset-03
session-public-04968,,Organic,organic,2025-10-11,asset-04
session-public-04969,,Instagram,camp-studio,2025-10-14,
session-public-04970,,Paid Social,camp-move,2026-02-04,asset-02
session-public-04971,,DM,camp-private,2026-07-02,asset-03
session-public-04972,,Organic,organic,2026-05-30,asset-04
session-public-04973,,Instagram,camp-studio,2026-07-29,asset-01
session-public-04974,,Paid Social,camp-move,2026-09-08,asset-02
session-public-04975,,DM,camp-private,2026-05-18,asset-03
session-public-04976,,Organic,organic,2026-06-14,asset-04
session-public-04977,,Instagram,camp-studio,2026-06-06,asset-01
session-public-04978,,Paid Social,camp-move,2026-06-08,
session-public-04979,,DM,camp-private,2026-07-10,asset-03
session-public-04980,,Organic,organic,2026-05-04,asset-04
session-public-04981,,Instagram,camp-studio,2026-03-19,asset-01
session-public-04982,,Paid Social,camp-move,2026-09-07,asset-02
session-public-04983,,DM,camp-private,2026-01-07,asset-03
session-public-04984,,Organic,organic,2026-09-11,asset-04
session-public-04985,,Instagram,camp-studio,2026-09-17,asset-01
session-public-04986,,Paid Social,camp-move,2026-03-31,asset-02
session-public-04987,,DM,camp-private,2026-08-29,
session-public-04988,,Organic,organic,2026-06-12,asset-04
session-public-04989,,Instagram,camp-studio,2026-03-23,asset-01
session-public-04990,,Paid Social,camp-move,2025-12-25,asset-02
session-public-04991,,DM,camp-private,2026-01-21,asset-03
session-public-04992,,Organic,organic,2026-08-14,asset-04
session-public-04993,,Instagram,camp-studio,2026-06-22,asset-01
session-public-04994,,Paid Social,camp-move,2026-04-11,asset-02
session-public-04995,,DM,camp-private,2025-10-23,asset-03
session-public-04996,,Organic,organic,2025-10-12,
session-public-04997,,Instagram,camp-studio,2026-01-03,asset-01
session-public-04998,,Paid Social,camp-move,2025-09-30,asset-02
session-public-04999,,DM,camp-private,2026-02-11,asset-03
session-public-05000,,Organic,organic,2026-02-23,asset-04
session-public-05001,,Instagram,camp-studio,2026-01-20,asset-01
session-public-05002,,Paid Social,camp-move,2026-04-08,asset-02
session-public-05003,,DM,camp-private,2026-08-18,asset-03
session-public-05004,,Organic,organic,2025-11-02,asset-04
session-public-05005,,Instagram,camp-studio,2026-07-12,
session-public-05006,,Paid Social,camp-move,2026-07-12,asset-02
session-public-05007,,DM,camp-private,2026-03-05,asset-03
session-public-05008,,Organic,organic,2025-11-17,asset-04
session-public-05009,,Instagram,camp-studio,2026-05-15,asset-01
session-public-05010,,Paid Social,camp-move,2025-10-26,asset-02
session-public-05011,,DM,camp-private,2026-03-18,asset-03
session-public-05012,,Organic,organic,2025-12-14,asset-04
session-public-05013,,Instagram,camp-studio,2026-01-07,asset-01
session-public-05014,,Paid Social,camp-move,2026-07-11,
session-public-05015,,DM,camp-private,2025-11-08,asset-03
session-public-05016,,Organic,organic,2025-10-03,asset-04
session-public-05017,,Instagram,camp-studio,2025-12-07,asset-01
session-public-05018,,Paid Social,camp-move,2026-08-17,asset-02
session-public-05019,,DM,camp-private,2026-07-14,asset-03
session-public-05020,,Organic,organic,2025-12-16,asset-04
session-public-05021,,Instagram,camp-studio,2026-07-19,asset-01
session-public-05022,,Paid Social,camp-move,2026-03-19,asset-02
session-public-05023,,DM,camp-private,2026-08-27,
session-public-05024,,Organic,organic,2025-10-04,asset-04
session-public-05025,,Instagram,camp-studio,2025-11-08,asset-01
session-public-05026,,Paid Social,camp-move,2026-02-24,asset-02
session-public-05027,,DM,camp-private,2026-01-01,asset-03
session-public-05028,,Organic,organic,2026-05-24,asset-04
session-public-05029,,Instagram,camp-studio,2026-02-10,asset-01
session-public-05030,,Paid Social,camp-move,2026-08-22,asset-02
session-public-05031,,DM,camp-private,2026-06-10,asset-03
session-public-05032,,Organic,organic,2025-12-29,
session-public-05033,,Instagram,camp-studio,2025-10-21,asset-01
session-public-05034,,Paid Social,camp-move,2026-08-01,asset-02
session-public-05035,,DM,camp-private,2025-12-31,asset-03
session-public-05036,,Organic,organic,2025-09-24,asset-04
session-public-05037,,Instagram,camp-studio,2026-07-14,asset-01
session-public-05038,,Paid Social,camp-move,2026-04-22,asset-02
session-public-05039,,DM,camp-private,2026-05-20,asset-03
session-public-05040,,Organic,organic,2025-11-03,asset-04
session-public-05041,,Instagram,camp-studio,2026-01-07,
session-public-05042,,Paid Social,camp-move,2026-09-08,asset-02
session-public-05043,,DM,camp-private,2026-07-22,asset-03
session-public-05044,,Organic,organic,2026-06-04,asset-04
session-public-05045,,Instagram,camp-studio,2025-11-08,asset-01
session-public-05046,,Paid Social,camp-move,2026-07-30,asset-02
session-public-05047,,DM,camp-private,2025-11-19,asset-03
session-public-05048,,Organic,organic,2025-12-05,asset-04
session-public-05049,,Instagram,camp-studio,2026-04-13,asset-01
session-public-05050,,Paid Social,camp-move,2025-10-16,
session-public-05051,,DM,camp-private,2026-08-12,asset-03
session-public-05052,,Organic,organic,2025-12-08,asset-04
session-public-05053,,Instagram,camp-studio,2025-12-08,asset-01
session-public-05054,,Paid Social,camp-move,2025-11-20,asset-02
session-public-05055,,DM,camp-private,2026-01-06,asset-03
session-public-05056,,Organic,organic,2025-12-11,asset-04
session-public-05057,,Instagram,camp-studio,2025-11-21,asset-01
session-public-05058,,Paid Social,camp-move,2026-09-08,asset-02
session-public-05059,,DM,camp-private,2026-09-15,
session-public-05060,,Organic,organic,2026-05-15,asset-04
session-public-05061,,Instagram,camp-studio,2026-04-19,asset-01
session-public-05062,,Paid Social,camp-move,2026-05-18,asset-02
session-public-05063,,DM,camp-private,2026-08-26,asset-03
session-public-05064,,Organic,organic,2025-12-02,asset-04
session-public-05065,,Instagram,camp-studio,2025-10-19,asset-01
session-public-05066,,Paid Social,camp-move,2025-11-19,asset-02
session-public-05067,,DM,camp-private,2026-07-29,asset-03
session-public-05068,,Organic,organic,2026-09-01,
session-public-05069,,Instagram,camp-studio,2025-11-06,asset-01
session-public-05070,,Paid Social,camp-move,2025-11-20,asset-02
session-public-05071,,DM,camp-private,2025-11-18,asset-03
session-public-05072,,Organic,organic,2026-04-05,asset-04
session-public-05073,,Instagram,camp-studio,2026-04-16,asset-01
session-public-05074,,Paid Social,camp-move,2025-11-14,asset-02
session-public-05075,,DM,camp-private,2025-11-27,asset-03
session-public-05076,,Organic,organic,2025-12-23,asset-04
session-public-05077,,Instagram,camp-studio,2025-10-13,
session-public-05078,,Paid Social,camp-move,2025-11-22,asset-02
session-public-05079,,DM,camp-private,2026-08-04,asset-03
session-public-05080,,Organic,organic,2025-10-08,asset-04
session-public-05081,,Instagram,camp-studio,2026-05-08,asset-01
session-public-05082,,Paid Social,camp-move,2025-11-30,asset-02
session-public-05083,,DM,camp-private,2026-03-16,asset-03
session-public-05084,,Organic,organic,2026-08-26,asset-04
session-public-05085,,Instagram,camp-studio,2026-06-19,asset-01
session-public-05086,,Paid Social,camp-move,2026-05-04,
session-public-05087,,DM,camp-private,2026-01-27,asset-03
session-public-05088,,Organic,organic,2026-01-01,asset-04
session-public-05089,,Instagram,camp-studio,2026-08-06,asset-01
session-public-05090,,Paid Social,camp-move,2026-01-09,asset-02
session-public-05091,,DM,camp-private,2025-10-10,asset-03
session-public-05092,,Organic,organic,2026-02-19,asset-04
session-public-05093,,Instagram,camp-studio,2026-07-11,asset-01
session-public-05094,,Paid Social,camp-move,2025-12-29,asset-02
session-public-05095,,DM,camp-private,2026-04-30,
session-public-05096,,Organic,organic,2026-04-04,asset-04
session-public-05097,,Instagram,camp-studio,2026-03-13,asset-01
session-public-05098,,Paid Social,camp-move,2026-01-06,asset-02
session-public-05099,,DM,camp-private,2026-06-23,asset-03
session-public-05100,,Organic,organic,2025-09-28,asset-04
session-public-05101,,Instagram,camp-studio,2026-08-26,asset-01
session-public-05102,,Paid Social,camp-move,2025-12-22,asset-02
session-public-05103,,DM,camp-private,2026-05-13,asset-03
session-public-05104,,Organic,organic,2026-08-21,
session-public-05105,,Instagram,camp-studio,2026-08-28,asset-01
session-public-05106,,Paid Social,camp-move,2026-02-23,asset-02
session-public-05107,,DM,camp-private,2026-06-15,asset-03
session-public-05108,,Organic,organic,2025-11-14,asset-04
session-public-05109,,Instagram,camp-studio,2025-12-07,asset-01
session-public-05110,,Paid Social,camp-move,2026-02-13,asset-02
session-public-05111,,DM,camp-private,2025-12-21,asset-03
session-public-05112,,Organic,organic,2025-11-12,asset-04
session-public-05113,,Instagram,camp-studio,2025-11-07,
session-public-05114,,Paid Social,camp-move,2026-02-14,asset-02
session-public-05115,,DM,camp-private,2025-10-03,asset-03
session-public-05116,,Organic,organic,2026-07-04,asset-04
session-public-05117,,Instagram,camp-studio,2026-09-06,asset-01
session-public-05118,,Paid Social,camp-move,2026-04-12,asset-02
session-public-05119,,DM,camp-private,2026-08-08,asset-03
session-public-05120,,Organic,organic,2026-06-17,asset-04
session-public-05121,,Instagram,camp-studio,2025-12-02,asset-01
session-public-05122,,Paid Social,camp-move,2026-03-13,
session-public-05123,,DM,camp-private,2025-09-26,asset-03
session-public-05124,,Organic,organic,2026-07-14,asset-04
session-public-05125,,Instagram,camp-studio,2026-08-28,asset-01
session-public-05126,,Paid Social,camp-move,2026-03-08,asset-02
session-public-05127,,DM,camp-private,2025-11-29,asset-03
session-public-05128,,Organic,organic,2025-12-07,asset-04
session-public-05129,,Instagram,camp-studio,2026-07-24,asset-01
session-public-05130,,Paid Social,camp-move,2026-02-15,asset-02
session-public-05131,,DM,camp-private,2026-04-02,
session-public-05132,,Organic,organic,2025-11-26,asset-04
session-public-05133,,Instagram,camp-studio,2025-09-30,asset-01
session-public-05134,,Paid Social,camp-move,2026-07-21,asset-02
session-public-05135,,DM,camp-private,2025-12-30,asset-03
session-public-05136,,Organic,organic,2026-09-15,asset-04
session-public-05137,,Instagram,camp-studio,2026-03-28,asset-01
session-public-05138,,Paid Social,camp-move,2026-03-20,asset-02
session-public-05139,,DM,camp-private,2026-04-04,asset-03
session-public-05140,,Organic,organic,2025-10-25,
session-public-05141,,Instagram,camp-studio,2026-08-23,asset-01
session-public-05142,,Paid Social,camp-move,2025-09-22,asset-02
session-public-05143,,DM,camp-private,2026-01-09,asset-03
session-public-05144,,Organic,organic,2026-08-29,asset-04
session-public-05145,,Instagram,camp-studio,2026-07-10,asset-01
session-public-05146,,Paid Social,camp-move,2026-07-24,asset-02
session-public-05147,,DM,camp-private,2026-03-17,asset-03
session-public-05148,,Organic,organic,2025-11-26,asset-04
session-public-05149,,Instagram,camp-studio,2026-09-12,
session-public-05150,,Paid Social,camp-move,2026-07-17,asset-02
session-public-05151,,DM,camp-private,2026-06-03,asset-03
session-public-05152,,Organic,organic,2025-09-30,asset-04
session-public-05153,,Instagram,camp-studio,2025-11-10,asset-01
session-public-05154,,Paid Social,camp-move,2026-01-17,asset-02
session-public-05155,,DM,camp-private,2026-05-12,asset-03
session-public-05156,,Organic,organic,2025-11-21,asset-04
session-public-05157,,Instagram,camp-studio,2025-12-03,asset-01
session-public-05158,,Paid Social,camp-move,2026-02-10,
session-public-05159,,DM,camp-private,2025-12-28,asset-03
session-public-05160,,Organic,organic,2026-04-27,asset-04
session-public-05161,,Instagram,camp-studio,2026-03-24,asset-01
session-public-05162,,Paid Social,camp-move,2026-06-30,asset-02
session-public-05163,,DM,camp-private,2026-03-08,asset-03
session-public-05164,,Organic,organic,2026-06-25,asset-04
session-public-05165,,Instagram,camp-studio,2026-03-28,asset-01
session-public-05166,,Paid Social,camp-move,2026-04-08,asset-02
session-public-05167,,DM,camp-private,2026-02-26,
session-public-05168,,Organic,organic,2025-11-27,asset-04
session-public-05169,,Instagram,camp-studio,2026-01-08,asset-01
session-public-05170,,Paid Social,camp-move,2025-10-05,asset-02
session-public-05171,,DM,camp-private,2026-02-01,asset-03
session-public-05172,,Organic,organic,2025-10-30,asset-04
session-public-05173,,Instagram,camp-studio,2025-12-10,asset-01
session-public-05174,,Paid Social,camp-move,2025-10-05,asset-02
session-public-05175,,DM,camp-private,2025-12-03,asset-03
session-public-05176,,Organic,organic,2026-05-26,
session-public-05177,,Instagram,camp-studio,2025-10-19,asset-01
session-public-05178,,Paid Social,camp-move,2026-04-26,asset-02
session-public-05179,,DM,camp-private,2025-11-24,asset-03
session-public-05180,,Organic,organic,2026-03-26,asset-04
session-public-05181,,Instagram,camp-studio,2026-08-02,asset-01
session-public-05182,,Paid Social,camp-move,2025-12-13,asset-02
session-public-05183,,DM,camp-private,2026-05-25,asset-03
session-public-05184,,Organic,organic,2026-01-18,asset-04
session-public-05185,,Instagram,camp-studio,2026-07-04,
session-public-05186,,Paid Social,camp-move,2026-06-02,asset-02
session-public-05187,,DM,camp-private,2026-02-11,asset-03
session-public-05188,,Organic,organic,2025-10-22,asset-04
session-public-05189,,Instagram,camp-studio,2025-12-16,asset-01
session-public-05190,,Paid Social,camp-move,2026-07-25,asset-02
session-public-05191,,DM,camp-private,2026-08-05,asset-03
session-public-05192,,Organic,organic,2025-10-23,asset-04
session-public-05193,,Instagram,camp-studio,2026-05-06,asset-01
session-public-05194,,Paid Social,camp-move,2025-11-04,
session-public-05195,,DM,camp-private,2026-04-30,asset-03
session-public-05196,,Organic,organic,2026-04-28,asset-04
session-public-05197,,Instagram,camp-studio,2026-07-21,asset-01
session-public-05198,,Paid Social,camp-move,2025-10-03,asset-02
session-public-05199,,DM,camp-private,2026-04-21,asset-03
session-public-05200,,Organic,organic,2026-01-16,asset-04
session-public-05201,,Instagram,camp-studio,2025-11-27,asset-01
session-public-05202,,Paid Social,camp-move,2025-11-25,asset-02
session-public-05203,,DM,camp-private,2026-02-13,
session-public-05204,,Organic,organic,2026-06-20,asset-04
session-public-05205,,Instagram,camp-studio,2026-08-20,asset-01
session-public-05206,,Paid Social,camp-move,2025-11-15,asset-02
session-public-05207,,DM,camp-private,2026-03-16,asset-03
session-public-05208,,Organic,organic,2026-03-04,asset-04
session-public-05209,,Instagram,camp-studio,2026-02-02,asset-01
session-public-05210,,Paid Social,camp-move,2025-12-12,asset-02
session-public-05211,,DM,camp-private,2026-09-07,asset-03
session-public-05212,,Organic,organic,2026-08-11,
session-public-05213,,Instagram,camp-studio,2026-08-16,asset-01
session-public-05214,,Paid Social,camp-move,2025-09-25,asset-02
session-public-05215,,DM,camp-private,2026-01-13,asset-03
session-public-05216,,Organic,organic,2026-09-16,asset-04
session-public-05217,,Instagram,camp-studio,2026-09-20,asset-01
session-public-05218,,Paid Social,camp-move,2026-02-15,asset-02
session-public-05219,,DM,camp-private,2025-10-08,asset-03
session-public-05220,,Organic,organic,2026-01-27,asset-04
session-public-05221,,Instagram,camp-studio,2025-10-22,
session-public-05222,,Paid Social,camp-move,2025-11-24,asset-02
session-public-05223,,DM,camp-private,2025-09-30,asset-03
session-public-05224,,Organic,organic,2026-08-03,asset-04
session-public-05225,,Instagram,camp-studio,2026-03-26,asset-01
session-public-05226,,Paid Social,camp-move,2026-04-17,asset-02
session-public-05227,,DM,camp-private,2026-06-03,asset-03
session-public-05228,,Organic,organic,2026-07-07,asset-04
session-public-05229,,Instagram,camp-studio,2026-08-15,asset-01
session-public-05230,,Paid Social,camp-move,2026-05-11,
session-public-05231,,DM,camp-private,2026-03-29,asset-03
session-public-05232,,Organic,organic,2026-04-26,asset-04
session-public-05233,,Instagram,camp-studio,2026-02-26,asset-01
session-public-05234,,Paid Social,camp-move,2026-08-06,asset-02
session-public-05235,,DM,camp-private,2025-10-25,asset-03
session-public-05236,,Organic,organic,2026-03-30,asset-04
session-public-05237,,Instagram,camp-studio,2026-05-06,asset-01
session-public-05238,,Paid Social,camp-move,2026-07-21,asset-02
session-public-05239,,DM,camp-private,2026-09-03,
session-public-05240,,Organic,organic,2026-03-19,asset-04
session-public-05241,,Instagram,camp-studio,2026-03-31,asset-01
session-public-05242,,Paid Social,camp-move,2026-02-14,asset-02
session-public-05243,,DM,camp-private,2026-04-27,asset-03
session-public-05244,,Organic,organic,2025-12-19,asset-04
session-public-05245,,Instagram,camp-studio,2026-01-26,asset-01
session-public-05246,,Paid Social,camp-move,2026-01-28,asset-02
session-public-05247,,DM,camp-private,2026-05-25,asset-03
session-public-05248,,Organic,organic,2025-11-15,
session-public-05249,,Instagram,camp-studio,2025-12-01,asset-01
session-public-05250,,Paid Social,camp-move,2026-01-28,asset-02
session-public-05251,,DM,camp-private,2026-05-16,asset-03
session-public-05252,,Organic,organic,2026-05-02,asset-04
session-public-05253,,Instagram,camp-studio,2025-09-23,asset-01
session-public-05254,,Paid Social,camp-move,2025-11-17,asset-02
session-public-05255,,DM,camp-private,2025-10-14,asset-03
session-public-05256,,Organic,organic,2026-07-03,asset-04
session-public-05257,,Instagram,camp-studio,2025-10-22,
session-public-05258,,Paid Social,camp-move,2025-11-21,asset-02
session-public-05259,,DM,camp-private,2026-06-12,asset-03
session-public-05260,,Organic,organic,2025-11-23,asset-04
session-public-05261,,Instagram,camp-studio,2025-10-11,asset-01
session-public-05262,,Paid Social,camp-move,2026-01-06,asset-02
session-public-05263,,DM,camp-private,2025-10-05,asset-03
session-public-05264,,Organic,organic,2026-04-21,asset-04
session-public-05265,,Instagram,camp-studio,2026-07-02,asset-01
session-public-05266,,Paid Social,camp-move,2026-01-17,
session-public-05267,,DM,camp-private,2025-11-12,asset-03
session-public-05268,,Organic,organic,2026-05-10,asset-04
session-public-05269,,Instagram,camp-studio,2026-04-14,asset-01
session-public-05270,,Paid Social,camp-move,2026-02-10,asset-02
session-public-05271,,DM,camp-private,2025-11-07,asset-03
session-public-05272,,Organic,organic,2026-05-30,asset-04
session-public-05273,,Instagram,camp-studio,2025-12-13,asset-01
session-public-05274,,Paid Social,camp-move,2026-04-26,asset-02
session-public-05275,,DM,camp-private,2026-06-13,
session-public-05276,,Organic,organic,2025-10-13,asset-04
session-public-05277,,Instagram,camp-studio,2026-06-27,asset-01
session-public-05278,,Paid Social,camp-move,2025-09-28,asset-02
session-public-05279,,DM,camp-private,2026-06-13,asset-03
session-public-05280,,Organic,organic,2025-11-10,asset-04
session-public-05281,,Instagram,camp-studio,2026-08-31,asset-01
session-public-05282,,Paid Social,camp-move,2026-03-28,asset-02
session-public-05283,,DM,camp-private,2026-05-09,asset-03
session-public-05284,,Organic,organic,2025-11-15,
session-public-05285,,Instagram,camp-studio,2025-12-06,asset-01
session-public-05286,,Paid Social,camp-move,2026-07-22,asset-02
session-public-05287,,DM,camp-private,2025-10-07,asset-03
session-public-05288,,Organic,organic,2025-11-16,asset-04
session-public-05289,,Instagram,camp-studio,2026-03-16,asset-01
session-public-05290,,Paid Social,camp-move,2026-09-17,asset-02
session-public-05291,,DM,camp-private,2025-10-23,asset-03
session-public-05292,,Organic,organic,2026-05-17,asset-04
session-public-05293,,Instagram,camp-studio,2025-11-04,
session-public-05294,,Paid Social,camp-move,2025-12-31,asset-02
session-public-05295,,DM,camp-private,2026-06-09,asset-03
session-public-05296,,Organic,organic,2025-10-13,asset-04
session-public-05297,,Instagram,camp-studio,2026-04-19,asset-01
session-public-05298,,Paid Social,camp-move,2026-05-11,asset-02
session-public-05299,,DM,camp-private,2025-11-13,asset-03
session-public-05300,,Organic,organic,2026-01-26,asset-04
session-public-05301,,Instagram,camp-studio,2025-10-19,asset-01
session-public-05302,,Paid Social,camp-move,2026-05-16,
session-public-05303,,DM,camp-private,2026-09-21,asset-03
session-public-05304,,Organic,organic,2026-01-17,asset-04
session-public-05305,,Instagram,camp-studio,2026-03-11,asset-01
session-public-05306,,Paid Social,camp-move,2025-11-01,asset-02
session-public-05307,,DM,camp-private,2025-10-16,asset-03
session-public-05308,,Organic,organic,2026-02-16,asset-04
session-public-05309,,Instagram,camp-studio,2026-03-25,asset-01
session-public-05310,,Paid Social,camp-move,2026-06-20,asset-02
session-public-05311,,DM,camp-private,2026-02-10,
session-public-05312,,Organic,organic,2026-05-31,asset-04
session-public-05313,,Instagram,camp-studio,2026-02-22,asset-01
session-public-05314,,Paid Social,camp-move,2026-01-02,asset-02
session-public-05315,,DM,camp-private,2026-04-15,asset-03
session-public-05316,,Organic,organic,2025-12-20,asset-04
session-public-05317,,Instagram,camp-studio,2025-11-19,asset-01
session-public-05318,,Paid Social,camp-move,2026-09-17,asset-02
session-public-05319,,DM,camp-private,2025-12-31,asset-03
session-public-05320,,Organic,organic,2025-10-04,
session-public-05321,,Instagram,camp-studio,2025-09-30,asset-01
session-public-05322,,Paid Social,camp-move,2026-07-08,asset-02
session-public-05323,,DM,camp-private,2026-05-02,asset-03
session-public-05324,,Organic,organic,2025-12-24,asset-04
session-public-05325,,Instagram,camp-studio,2026-03-19,asset-01
session-public-05326,,Paid Social,camp-move,2026-06-21,asset-02
session-public-05327,,DM,camp-private,2026-06-19,asset-03
session-public-05328,,Organic,organic,2026-09-03,asset-04
session-public-05329,,Instagram,camp-studio,2026-03-22,
session-public-05330,,Paid Social,camp-move,2026-05-08,asset-02
session-public-05331,,DM,camp-private,2026-04-28,asset-03
session-public-05332,,Organic,organic,2026-09-17,asset-04
session-public-05333,,Instagram,camp-studio,2026-04-29,asset-01
session-public-05334,,Paid Social,camp-move,2026-07-24,asset-02
session-public-05335,,DM,camp-private,2026-01-29,asset-03
session-public-05336,,Organic,organic,2026-06-03,asset-04
session-public-05337,,Instagram,camp-studio,2025-10-07,asset-01
session-public-05338,,Paid Social,camp-move,2026-01-04,
session-public-05339,,DM,camp-private,2025-11-22,asset-03
session-public-05340,,Organic,organic,2026-07-06,asset-04
session-public-05341,,Instagram,camp-studio,2025-09-24,asset-01
session-public-05342,,Paid Social,camp-move,2026-03-11,asset-02
session-public-05343,,DM,camp-private,2026-01-01,asset-03
session-public-05344,,Organic,organic,2026-08-31,asset-04
session-public-05345,,Instagram,camp-studio,2026-01-02,asset-01
session-public-05346,,Paid Social,camp-move,2026-07-29,asset-02
session-public-05347,,DM,camp-private,2026-04-16,
session-public-05348,,Organic,organic,2025-12-11,asset-04
session-public-05349,,Instagram,camp-studio,2026-05-05,asset-01
session-public-05350,,Paid Social,camp-move,2026-01-30,asset-02
session-public-05351,,DM,camp-private,2026-05-03,asset-03
session-public-05352,,Organic,organic,2026-04-11,asset-04
session-public-05353,,Instagram,camp-studio,2026-05-03,asset-01
session-public-05354,,Paid Social,camp-move,2025-12-07,asset-02
session-public-05355,,DM,camp-private,2025-11-01,asset-03
session-public-05356,,Organic,organic,2026-03-21,
session-public-05357,,Instagram,camp-studio,2026-07-18,asset-01
session-public-05358,,Paid Social,camp-move,2025-10-24,asset-02
session-public-05359,,DM,camp-private,2026-06-17,asset-03
session-public-05360,,Organic,organic,2026-01-23,asset-04
session-public-05361,,Instagram,camp-studio,2025-12-01,asset-01
session-public-05362,,Paid Social,camp-move,2026-09-15,asset-02
session-public-05363,,DM,camp-private,2026-05-23,asset-03
session-public-05364,,Organic,organic,2025-10-01,asset-04
session-public-05365,,Instagram,camp-studio,2025-10-08,
session-public-05366,,Paid Social,camp-move,2025-10-21,asset-02
session-public-05367,,DM,camp-private,2026-02-05,asset-03
session-public-05368,,Organic,organic,2026-04-16,asset-04
session-public-05369,,Instagram,camp-studio,2026-04-22,asset-01
session-public-05370,,Paid Social,camp-move,2026-04-27,asset-02
session-public-05371,,DM,camp-private,2025-11-12,asset-03
session-public-05372,,Organic,organic,2026-02-28,asset-04
session-public-05373,,Instagram,camp-studio,2026-03-10,asset-01
session-public-05374,,Paid Social,camp-move,2026-08-08,
session-public-05375,,DM,camp-private,2026-07-20,asset-03
session-public-05376,,Organic,organic,2025-10-04,asset-04
session-public-05377,,Instagram,camp-studio,2025-10-26,asset-01
session-public-05378,,Paid Social,camp-move,2025-11-20,asset-02
session-public-05379,,DM,camp-private,2025-10-17,asset-03
session-public-05380,,Organic,organic,2026-05-08,asset-04
session-public-05381,,Instagram,camp-studio,2026-07-20,asset-01
session-public-05382,,Paid Social,camp-move,2026-05-28,asset-02
session-public-05383,,DM,camp-private,2026-08-29,
session-public-05384,,Organic,organic,2026-05-19,asset-04
session-public-05385,,Instagram,camp-studio,2025-11-24,asset-01
session-public-05386,,Paid Social,camp-move,2026-01-29,asset-02
session-public-05387,,DM,camp-private,2025-10-11,asset-03
session-public-05388,,Organic,organic,2025-10-02,asset-04
session-public-05389,,Instagram,camp-studio,2026-08-23,asset-01
session-public-05390,,Paid Social,camp-move,2026-02-03,asset-02
session-public-05391,,DM,camp-private,2026-07-18,asset-03
session-public-05392,,Organic,organic,2026-01-20,
session-public-05393,,Instagram,camp-studio,2026-06-27,asset-01
session-public-05394,,Paid Social,camp-move,2026-07-01,asset-02
session-public-05395,,DM,camp-private,2025-10-26,asset-03
session-public-05396,,Organic,organic,2026-07-07,asset-04
session-public-05397,,Instagram,camp-studio,2026-09-15,asset-01
session-public-05398,,Paid Social,camp-move,2026-09-19,asset-02
session-public-05399,,DM,camp-private,2026-08-11,asset-03
session-public-05400,,Organic,organic,2026-09-13,asset-04
session-public-05401,,Instagram,camp-studio,2026-02-07,
session-public-05402,,Paid Social,camp-move,2026-07-12,asset-02
session-public-05403,,DM,camp-private,2025-09-23,asset-03
session-public-05404,,Organic,organic,2026-03-02,asset-04
session-public-05405,,Instagram,camp-studio,2026-01-27,asset-01
session-public-05406,,Paid Social,camp-move,2026-08-29,asset-02
session-public-05407,,DM,camp-private,2026-09-19,asset-03
session-public-05408,,Organic,organic,2025-10-25,asset-04
session-public-05409,,Instagram,camp-studio,2026-03-03,asset-01
session-public-05410,,Paid Social,camp-move,2025-12-19,
session-public-05411,,DM,camp-private,2025-10-13,asset-03
session-public-05412,,Organic,organic,2026-01-30,asset-04
session-public-05413,,Instagram,camp-studio,2026-07-31,asset-01
session-public-05414,,Paid Social,camp-move,2026-07-30,asset-02
session-public-05415,,DM,camp-private,2026-06-05,asset-03
session-public-05416,,Organic,organic,2025-10-11,asset-04
session-public-05417,,Instagram,camp-studio,2026-07-20,asset-01
session-public-05418,,Paid Social,camp-move,2026-02-21,asset-02
session-public-05419,,DM,camp-private,2026-08-19,
session-public-05420,,Organic,organic,2026-07-25,asset-04
session-public-05421,,Instagram,camp-studio,2026-06-03,asset-01
session-public-05422,,Paid Social,camp-move,2026-04-12,asset-02
session-public-05423,,DM,camp-private,2026-07-29,asset-03
session-public-05424,,Organic,organic,2026-06-19,asset-04
session-public-05425,,Instagram,camp-studio,2026-06-01,asset-01
session-public-05426,,Paid Social,camp-move,2026-08-15,asset-02
session-public-05427,,DM,camp-private,2026-01-14,asset-03
session-public-05428,,Organic,organic,2026-08-19,
session-public-05429,,Instagram,camp-studio,2025-10-25,asset-01
session-public-05430,,Paid Social,camp-move,2026-01-01,asset-02
session-public-05431,,DM,camp-private,2026-05-17,asset-03
session-public-05432,,Organic,organic,2026-07-21,asset-04
session-public-05433,,Instagram,camp-studio,2026-05-04,asset-01
session-public-05434,,Paid Social,camp-move,2026-09-07,asset-02
session-public-05435,,DM,camp-private,2025-11-22,asset-03
session-public-05436,,Organic,organic,2026-04-22,asset-04
session-public-05437,,Instagram,camp-studio,2026-04-05,
session-public-05438,,Paid Social,camp-move,2026-07-27,asset-02
session-public-05439,,DM,camp-private,2026-07-03,asset-03
session-public-05440,,Organic,organic,2026-02-18,asset-04
session-public-05441,,Instagram,camp-studio,2025-11-13,asset-01
session-public-05442,,Paid Social,camp-move,2026-04-20,asset-02
session-public-05443,,DM,camp-private,2026-04-05,asset-03
session-public-05444,,Organic,organic,2025-11-11,asset-04
session-public-05445,,Instagram,camp-studio,2025-12-07,asset-01
session-public-05446,,Paid Social,camp-move,2026-01-10,
session-public-05447,,DM,camp-private,2026-05-28,asset-03
session-public-05448,,Organic,organic,2026-02-15,asset-04
session-public-05449,,Instagram,camp-studio,2025-10-17,asset-01
session-public-05450,,Paid Social,camp-move,2026-05-28,asset-02
session-public-05451,,DM,camp-private,2026-05-25,asset-03
session-public-05452,,Organic,organic,2026-07-11,asset-04
session-public-05453,,Instagram,camp-studio,2026-02-05,asset-01
session-public-05454,,Paid Social,camp-move,2026-01-27,asset-02
session-public-05455,,DM,camp-private,2026-01-19,
session-public-05456,,Organic,organic,2025-12-20,asset-04
session-public-05457,,Instagram,camp-studio,2026-03-06,asset-01
session-public-05458,,Paid Social,camp-move,2026-05-03,asset-02
session-public-05459,,DM,camp-private,2025-12-24,asset-03
session-public-05460,,Organic,organic,2026-01-07,asset-04
session-public-05461,,Instagram,camp-studio,2026-09-09,asset-01
session-public-05462,,Paid Social,camp-move,2026-06-12,asset-02
session-public-05463,,DM,camp-private,2026-08-30,asset-03
session-public-05464,,Organic,organic,2026-07-21,
session-public-05465,,Instagram,camp-studio,2026-07-23,asset-01
session-public-05466,,Paid Social,camp-move,2026-02-17,asset-02
session-public-05467,,DM,camp-private,2026-07-17,asset-03
session-public-05468,,Organic,organic,2026-07-10,asset-04
session-public-05469,,Instagram,camp-studio,2025-11-19,asset-01
session-public-05470,,Paid Social,camp-move,2026-07-31,asset-02
session-public-05471,,DM,camp-private,2026-05-08,asset-03
session-public-05472,,Organic,organic,2025-09-29,asset-04
session-public-05473,,Instagram,camp-studio,2025-10-26,
session-public-05474,,Paid Social,camp-move,2026-09-21,asset-02
session-public-05475,,DM,camp-private,2026-02-04,asset-03
session-public-05476,,Organic,organic,2025-12-15,asset-04
session-public-05477,,Instagram,camp-studio,2026-04-30,asset-01
session-public-05478,,Paid Social,camp-move,2026-08-26,asset-02
session-public-05479,,DM,camp-private,2025-12-02,asset-03
session-public-05480,,Organic,organic,2025-10-05,asset-04
session-public-05481,,Instagram,camp-studio,2026-01-09,asset-01
session-public-05482,,Paid Social,camp-move,2026-05-19,
session-public-05483,,DM,camp-private,2025-10-18,asset-03
session-public-05484,,Organic,organic,2026-06-12,asset-04
session-public-05485,,Instagram,camp-studio,2026-05-15,asset-01
session-public-05486,,Paid Social,camp-move,2026-06-25,asset-02
session-public-05487,,DM,camp-private,2025-12-18,asset-03
session-public-05488,,Organic,organic,2025-11-15,asset-04
session-public-05489,,Instagram,camp-studio,2025-11-06,asset-01
session-public-05490,,Paid Social,camp-move,2026-04-20,asset-02
session-public-05491,,DM,camp-private,2025-10-20,
session-public-05492,,Organic,organic,2025-12-12,asset-04
session-public-05493,,Instagram,camp-studio,2026-08-26,asset-01
session-public-05494,,Paid Social,camp-move,2026-08-28,asset-02
session-public-05495,,DM,camp-private,2026-08-25,asset-03
session-public-05496,,Organic,organic,2025-10-06,asset-04
session-public-05497,,Instagram,camp-studio,2026-08-10,asset-01
session-public-05498,,Paid Social,camp-move,2026-08-26,asset-02
session-public-05499,,DM,camp-private,2026-08-09,asset-03
session-public-05500,,Organic,organic,2026-02-01,
session-public-05501,,Instagram,camp-studio,2025-11-09,asset-01
session-public-05502,,Paid Social,camp-move,2026-06-28,asset-02
session-public-05503,,DM,camp-private,2025-11-03,asset-03
session-public-05504,,Organic,organic,2026-01-20,asset-04
session-public-05505,,Instagram,camp-studio,2026-03-30,asset-01
session-public-05506,,Paid Social,camp-move,2026-09-07,asset-02
session-public-05507,,DM,camp-private,2026-09-16,asset-03
session-public-05508,,Organic,organic,2026-08-02,asset-04
session-public-05509,,Instagram,camp-studio,2026-07-11,
session-public-05510,,Paid Social,camp-move,2026-06-11,asset-02
session-public-05511,,DM,camp-private,2026-07-23,asset-03
session-public-05512,,Organic,organic,2026-06-07,asset-04
session-public-05513,,Instagram,camp-studio,2026-07-18,asset-01
session-public-05514,,Paid Social,camp-move,2026-05-09,asset-02
session-public-05515,,DM,camp-private,2025-12-06,asset-03
session-public-05516,,Organic,organic,2025-11-18,asset-04
session-public-05517,,Instagram,camp-studio,2025-11-03,asset-01
session-public-05518,,Paid Social,camp-move,2026-05-07,
session-public-05519,,DM,camp-private,2025-10-03,asset-03
session-public-05520,,Organic,organic,2026-06-24,asset-04
session-public-05521,,Instagram,camp-studio,2026-06-06,asset-01
session-public-05522,,Paid Social,camp-move,2026-08-08,asset-02
session-public-05523,,DM,camp-private,2026-07-19,asset-03
session-public-05524,,Organic,organic,2026-02-17,asset-04
session-public-05525,,Instagram,camp-studio,2026-08-26,asset-01
session-public-05526,,Paid Social,camp-move,2026-06-09,asset-02
session-public-05527,,DM,camp-private,2025-10-07,
session-public-05528,,Organic,organic,2025-10-28,asset-04
session-public-05529,,Instagram,camp-studio,2026-06-28,asset-01
session-public-05530,,Paid Social,camp-move,2026-04-14,asset-02
session-public-05531,,DM,camp-private,2026-02-02,asset-03
session-public-05532,,Organic,organic,2026-02-24,asset-04
session-public-05533,,Instagram,camp-studio,2026-06-22,asset-01
session-public-05534,,Paid Social,camp-move,2025-12-01,asset-02
session-public-05535,,DM,camp-private,2025-12-13,asset-03
session-public-05536,,Organic,organic,2025-11-22,
session-public-05537,,Instagram,camp-studio,2026-05-11,asset-01
session-public-05538,,Paid Social,camp-move,2026-03-23,asset-02
session-public-05539,,DM,camp-private,2026-06-16,asset-03
session-public-05540,,Organic,organic,2026-06-11,asset-04
session-public-05541,,Instagram,camp-studio,2026-01-19,asset-01
session-public-05542,,Paid Social,camp-move,2026-07-11,asset-02
session-public-05543,,DM,camp-private,2026-05-05,asset-03
session-public-05544,,Organic,organic,2026-06-08,asset-04
session-public-05545,,Instagram,camp-studio,2026-04-01,
session-public-05546,,Paid Social,camp-move,2026-05-04,asset-02
session-public-05547,,DM,camp-private,2025-09-27,asset-03
session-public-05548,,Organic,organic,2026-06-25,asset-04
session-public-05549,,Instagram,camp-studio,2025-12-19,asset-01
session-public-05550,,Paid Social,camp-move,2025-10-23,asset-02
session-public-05551,,DM,camp-private,2025-10-05,asset-03
session-public-05552,,Organic,organic,2026-02-01,asset-04
session-public-05553,,Instagram,camp-studio,2026-06-25,asset-01
session-public-05554,,Paid Social,camp-move,2025-10-15,
session-public-05555,,DM,camp-private,2026-04-24,asset-03
session-public-05556,,Organic,organic,2026-05-22,asset-04
session-public-05557,,Instagram,camp-studio,2026-03-04,asset-01
session-public-05558,,Paid Social,camp-move,2026-05-22,asset-02
session-public-05559,,DM,camp-private,2026-08-29,asset-03
session-public-05560,,Organic,organic,2025-11-08,asset-04
session-public-05561,,Instagram,camp-studio,2025-12-23,asset-01
session-public-05562,,Paid Social,camp-move,2025-12-27,asset-02
session-public-05563,,DM,camp-private,2026-04-04,
session-public-05564,,Organic,organic,2026-07-07,asset-04
session-public-05565,,Instagram,camp-studio,2025-11-04,asset-01
session-public-05566,,Paid Social,camp-move,2026-02-22,asset-02
session-public-05567,,DM,camp-private,2026-07-23,asset-03
session-public-05568,,Organic,organic,2026-04-16,asset-04
session-public-05569,,Instagram,camp-studio,2025-11-07,asset-01
session-public-05570,,Paid Social,camp-move,2026-08-19,asset-02
session-public-05571,,DM,camp-private,2026-08-30,asset-03
session-public-05572,,Organic,organic,2025-11-04,
session-public-05573,,Instagram,camp-studio,2025-12-11,asset-01
session-public-05574,,Paid Social,camp-move,2026-06-10,asset-02
session-public-05575,,DM,camp-private,2026-06-04,asset-03
session-public-05576,,Organic,organic,2026-09-02,asset-04
session-public-05577,,Instagram,camp-studio,2026-07-21,asset-01
session-public-05578,,Paid Social,camp-move,2026-02-07,asset-02
session-public-05579,,DM,camp-private,2025-12-15,asset-03
session-public-05580,,Organic,organic,2026-07-26,asset-04
session-public-05581,,Instagram,camp-studio,2026-08-31,
session-public-05582,,Paid Social,camp-move,2026-04-26,asset-02
session-public-05583,,DM,camp-private,2026-07-05,asset-03
session-public-05584,,Organic,organic,2026-06-07,asset-04
session-public-05585,,Instagram,camp-studio,2025-12-08,asset-01
session-public-05586,,Paid Social,camp-move,2026-05-17,asset-02
session-public-05587,,DM,camp-private,2026-04-10,asset-03
session-public-05588,,Organic,organic,2026-07-15,asset-04
session-public-05589,,Instagram,camp-studio,2026-08-31,asset-01
session-public-05590,,Paid Social,camp-move,2026-05-24,
session-public-05591,,DM,camp-private,2026-08-28,asset-03
session-public-05592,,Organic,organic,2026-08-13,asset-04
session-public-05593,,Instagram,camp-studio,2025-10-17,asset-01
session-public-05594,,Paid Social,camp-move,2026-02-05,asset-02
session-public-05595,,DM,camp-private,2025-10-14,asset-03
session-public-05596,,Organic,organic,2026-07-20,asset-04
session-public-05597,,Instagram,camp-studio,2026-03-22,asset-01
session-public-05598,,Paid Social,camp-move,2026-01-17,asset-02
session-public-05599,,DM,camp-private,2025-11-21,
session-public-05600,,Organic,organic,2026-02-01,asset-04
session-public-05601,,Instagram,camp-studio,2025-11-06,asset-01
session-public-05602,,Paid Social,camp-move,2026-07-16,asset-02
session-public-05603,,DM,camp-private,2026-04-26,asset-03
session-public-05604,,Organic,organic,2025-11-18,asset-04
session-public-05605,,Instagram,camp-studio,2026-03-22,asset-01
session-public-05606,,Paid Social,camp-move,2026-04-28,asset-02
session-public-05607,,DM,camp-private,2025-10-14,asset-03
session-public-05608,,Organic,organic,2026-06-02,
session-public-05609,,Instagram,camp-studio,2026-07-01,asset-01
session-public-05610,,Paid Social,camp-move,2026-08-16,asset-02
session-public-05611,,DM,camp-private,2026-01-27,asset-03
session-public-05612,,Organic,organic,2025-12-21,asset-04
session-public-05613,,Instagram,camp-studio,2026-05-29,asset-01
session-public-05614,,Paid Social,camp-move,2026-02-14,asset-02
session-public-05615,,DM,camp-private,2026-09-02,asset-03
session-public-05616,,Organic,organic,2026-09-10,asset-04
session-public-05617,,Instagram,camp-studio,2026-07-02,
session-public-05618,,Paid Social,camp-move,2026-07-04,asset-02
session-public-05619,,DM,camp-private,2026-01-14,asset-03
session-public-05620,,Organic,organic,2026-03-11,asset-04
session-public-05621,,Instagram,camp-studio,2026-04-03,asset-01
session-public-05622,,Paid Social,camp-move,2026-03-22,asset-02
session-public-05623,,DM,camp-private,2025-11-15,asset-03
session-public-05624,,Organic,organic,2026-05-15,asset-04
session-public-05625,,Instagram,camp-studio,2026-07-16,asset-01
session-public-05626,,Paid Social,camp-move,2026-08-25,
session-public-05627,,DM,camp-private,2026-08-31,asset-03
session-public-05628,,Organic,organic,2026-08-16,asset-04
session-public-05629,,Instagram,camp-studio,2026-04-13,asset-01
session-public-05630,,Paid Social,camp-move,2025-12-24,asset-02
session-public-05631,,DM,camp-private,2026-02-18,asset-03
session-public-05632,,Organic,organic,2026-08-15,asset-04
session-public-05633,,Instagram,camp-studio,2025-10-15,asset-01
session-public-05634,,Paid Social,camp-move,2026-07-28,asset-02
session-public-05635,,DM,camp-private,2026-04-25,
session-public-05636,,Organic,organic,2026-09-16,asset-04
session-public-05637,,Instagram,camp-studio,2026-08-15,asset-01
session-public-05638,,Paid Social,camp-move,2026-02-13,asset-02
session-public-05639,,DM,camp-private,2026-07-31,asset-03
session-public-05640,,Organic,organic,2026-04-02,asset-04
session-public-05641,,Instagram,camp-studio,2026-04-06,asset-01
session-public-05642,,Paid Social,camp-move,2026-06-28,asset-02
session-public-05643,,DM,camp-private,2026-01-27,asset-03
session-public-05644,,Organic,organic,2026-02-04,
session-public-05645,,Instagram,camp-studio,2026-08-01,asset-01
session-public-05646,,Paid Social,camp-move,2026-04-29,asset-02
session-public-05647,,DM,camp-private,2025-10-05,asset-03
session-public-05648,,Organic,organic,2026-02-05,asset-04
session-public-05649,,Instagram,camp-studio,2026-05-11,asset-01
session-public-05650,,Paid Social,camp-move,2026-06-10,asset-02
session-public-05651,,DM,camp-private,2026-02-28,asset-03
session-public-05652,,Organic,organic,2025-12-08,asset-04
session-public-05653,,Instagram,camp-studio,2025-10-25,
session-public-05654,,Paid Social,camp-move,2026-05-07,asset-02
session-public-05655,,DM,camp-private,2025-09-27,asset-03
session-public-05656,,Organic,organic,2025-12-09,asset-04
session-public-05657,,Instagram,camp-studio,2026-07-06,asset-01
session-public-05658,,Paid Social,camp-move,2026-03-14,asset-02
session-public-05659,,DM,camp-private,2025-11-13,asset-03
session-public-05660,,Organic,organic,2026-04-07,asset-04
session-public-05661,,Instagram,camp-studio,2025-12-03,asset-01
session-public-05662,,Paid Social,camp-move,2025-12-12,
session-public-05663,,DM,camp-private,2026-03-23,asset-03
session-public-05664,,Organic,organic,2026-07-15,asset-04
session-public-05665,,Instagram,camp-studio,2026-01-24,asset-01
session-public-05666,,Paid Social,camp-move,2026-08-10,asset-02
session-public-05667,,DM,camp-private,2026-04-18,asset-03
session-public-05668,,Organic,organic,2026-02-09,asset-04
session-public-05669,,Instagram,camp-studio,2026-06-26,asset-01
session-public-05670,,Paid Social,camp-move,2026-06-28,asset-02
session-public-05671,,DM,camp-private,2025-11-25,
session-public-05672,,Organic,organic,2025-09-22,asset-04
session-public-05673,,Instagram,camp-studio,2026-06-06,asset-01
session-public-05674,,Paid Social,camp-move,2026-07-12,asset-02
session-public-05675,,DM,camp-private,2026-01-13,asset-03
session-public-05676,,Organic,organic,2026-02-05,asset-04
session-public-05677,,Instagram,camp-studio,2026-06-22,asset-01
session-public-05678,,Paid Social,camp-move,2026-04-14,asset-02
session-public-05679,,DM,camp-private,2026-06-21,asset-03
session-public-05680,,Organic,organic,2026-09-13,
session-public-05681,,Instagram,camp-studio,2026-06-05,asset-01
session-public-05682,,Paid Social,camp-move,2026-01-16,asset-02
session-public-05683,,DM,camp-private,2026-08-02,asset-03
session-public-05684,,Organic,organic,2025-10-13,asset-04
session-public-05685,,Instagram,camp-studio,2026-05-03,asset-01
session-public-05686,,Paid Social,camp-move,2025-12-01,asset-02
session-public-05687,,DM,camp-private,2026-02-01,asset-03
session-public-05688,,Organic,organic,2026-04-12,asset-04
session-public-05689,,Instagram,camp-studio,2026-05-25,
session-public-05690,,Paid Social,camp-move,2025-12-08,asset-02
session-public-05691,,DM,camp-private,2026-06-18,asset-03
session-public-05692,,Organic,organic,2026-05-07,asset-04
session-public-05693,,Instagram,camp-studio,2026-07-27,asset-01
session-public-05694,,Paid Social,camp-move,2026-07-13,asset-02
session-public-05695,,DM,camp-private,2025-10-26,asset-03
session-public-05696,,Organic,organic,2026-04-27,asset-04
session-public-05697,,Instagram,camp-studio,2025-10-03,asset-01
session-public-05698,,Paid Social,camp-move,2026-08-07,
session-public-05699,,DM,camp-private,2025-10-24,asset-03
session-public-05700,,Organic,organic,2025-11-06,asset-04
session-public-05701,,Instagram,camp-studio,2026-02-22,asset-01
session-public-05702,,Paid Social,camp-move,2025-10-29,asset-02
session-public-05703,,DM,camp-private,2026-01-09,asset-03
session-public-05704,,Organic,organic,2025-11-18,asset-04
session-public-05705,,Instagram,camp-studio,2026-07-19,asset-01
session-public-05706,,Paid Social,camp-move,2026-01-27,asset-02
session-public-05707,,DM,camp-private,2026-03-24,
session-public-05708,,Organic,organic,2026-08-26,asset-04
session-public-05709,,Instagram,camp-studio,2026-07-26,asset-01
session-public-05710,,Paid Social,camp-move,2026-08-15,asset-02
session-public-05711,,DM,camp-private,2025-12-14,asset-03
session-public-05712,,Organic,organic,2026-01-04,asset-04
session-public-05713,,Instagram,camp-studio,2026-04-18,asset-01
session-public-05714,,Paid Social,camp-move,2025-11-16,asset-02
session-public-05715,,DM,camp-private,2026-01-19,asset-03
session-public-05716,,Organic,organic,2026-01-09,
session-public-05717,,Instagram,camp-studio,2026-05-23,asset-01
session-public-05718,,Paid Social,camp-move,2026-04-18,asset-02
session-public-05719,,DM,camp-private,2025-09-22,asset-03
session-public-05720,,Organic,organic,2026-03-15,asset-04
session-public-05721,,Instagram,camp-studio,2025-12-26,asset-01
session-public-05722,,Paid Social,camp-move,2026-01-27,asset-02
session-public-05723,,DM,camp-private,2025-10-14,asset-03
session-public-05724,,Organic,organic,2026-01-30,asset-04
session-public-05725,,Instagram,camp-studio,2026-03-05,
session-public-05726,,Paid Social,camp-move,2026-07-03,asset-02
session-public-05727,,DM,camp-private,2026-06-10,asset-03
session-public-05728,,Organic,organic,2025-11-09,asset-04
session-public-05729,,Instagram,camp-studio,2026-04-15,asset-01
session-public-05730,,Paid Social,camp-move,2026-03-11,asset-02
session-public-05731,,DM,camp-private,2026-09-15,asset-03
session-public-05732,,Organic,organic,2025-10-03,asset-04
session-public-05733,,Instagram,camp-studio,2025-12-15,asset-01
session-public-05734,,Paid Social,camp-move,2026-03-25,
session-public-05735,,DM,camp-private,2026-02-11,asset-03
session-public-05736,,Organic,organic,2026-02-23,asset-04
session-public-05737,,Instagram,camp-studio,2026-06-02,asset-01
session-public-05738,,Paid Social,camp-move,2025-12-05,asset-02
session-public-05739,,DM,camp-private,2026-02-03,asset-03
session-public-05740,,Organic,organic,2025-11-24,asset-04
session-public-05741,,Instagram,camp-studio,2026-08-03,asset-01
session-public-05742,,Paid Social,camp-move,2025-11-10,asset-02
session-public-05743,,DM,camp-private,2026-04-29,
session-public-05744,,Organic,organic,2026-03-03,asset-04
session-public-05745,,Instagram,camp-studio,2026-08-20,asset-01
session-public-05746,,Paid Social,camp-move,2025-10-08,asset-02
session-public-05747,,DM,camp-private,2025-12-29,asset-03
session-public-05748,,Organic,organic,2026-09-13,asset-04
session-public-05749,,Instagram,camp-studio,2026-02-17,asset-01
session-public-05750,,Paid Social,camp-move,2026-02-09,asset-02
session-public-05751,,DM,camp-private,2025-10-06,asset-03
session-public-05752,,Organic,organic,2026-07-09,
session-public-05753,,Instagram,camp-studio,2026-04-23,asset-01
session-public-05754,,Paid Social,camp-move,2026-04-15,asset-02
session-public-05755,,DM,camp-private,2025-10-24,asset-03
session-public-05756,,Organic,organic,2026-05-20,asset-04
session-public-05757,,Instagram,camp-studio,2026-05-27,asset-01
session-public-05758,,Paid Social,camp-move,2025-10-25,asset-02
session-public-05759,,DM,camp-private,2026-06-13,asset-03
session-public-05760,,Organic,organic,2025-11-25,asset-04
session-public-05761,,Instagram,camp-studio,2026-09-15,
session-public-05762,,Paid Social,camp-move,2026-02-01,asset-02
session-public-05763,,DM,camp-private,2026-07-23,asset-03
session-public-05764,,Organic,organic,2026-06-24,asset-04
session-public-05765,,Instagram,camp-studio,2026-07-12,asset-01
session-public-05766,,Paid Social,camp-move,2026-06-28,asset-02
session-public-05767,,DM,camp-private,2026-08-10,asset-03
session-public-05768,,Organic,organic,2025-10-13,asset-04
session-public-05769,,Instagram,camp-studio,2026-06-28,asset-01
session-public-05770,,Paid Social,camp-move,2026-06-26,
session-public-05771,,DM,camp-private,2025-09-23,asset-03
session-public-05772,,Organic,organic,2026-04-15,asset-04
session-public-05773,,Instagram,camp-studio,2026-05-16,asset-01
session-public-05774,,Paid Social,camp-move,2026-07-01,asset-02
session-public-05775,,DM,camp-private,2025-12-05,asset-03
session-public-05776,,Organic,organic,2025-11-10,asset-04
session-public-05777,,Instagram,camp-studio,2026-02-08,asset-01
session-public-05778,,Paid Social,camp-move,2025-11-01,asset-02
session-public-05779,,DM,camp-private,2026-05-06,
session-public-05780,,Organic,organic,2026-02-07,asset-04
session-public-05781,,Instagram,camp-studio,2026-04-21,asset-01
session-public-05782,,Paid Social,camp-move,2026-06-13,asset-02
session-public-05783,,DM,camp-private,2025-11-14,asset-03
session-public-05784,,Organic,organic,2026-01-15,asset-04
session-public-05785,,Instagram,camp-studio,2026-03-08,asset-01
session-public-05786,,Paid Social,camp-move,2026-08-06,asset-02
session-public-05787,,DM,camp-private,2025-12-25,asset-03
session-public-05788,,Organic,organic,2026-04-11,
session-public-05789,,Instagram,camp-studio,2026-08-08,asset-01
session-public-05790,,Paid Social,camp-move,2026-04-02,asset-02
session-public-05791,,DM,camp-private,2026-02-04,asset-03
session-public-05792,,Organic,organic,2026-06-28,asset-04
session-public-05793,,Instagram,camp-studio,2026-04-26,asset-01
session-public-05794,,Paid Social,camp-move,2026-08-03,asset-02
session-public-05795,,DM,camp-private,2026-08-27,asset-03
session-public-05796,,Organic,organic,2026-06-24,asset-04
session-public-05797,,Instagram,camp-studio,2026-08-04,
session-public-05798,,Paid Social,camp-move,2026-01-27,asset-02
session-public-05799,,DM,camp-private,2026-09-14,asset-03
session-public-05800,,Organic,organic,2026-07-16,asset-04
session-public-05801,,Instagram,camp-studio,2026-04-12,asset-01
session-public-05802,,Paid Social,camp-move,2026-09-13,asset-02
session-public-05803,,DM,camp-private,2026-08-04,asset-03
session-public-05804,,Organic,organic,2026-06-30,asset-04
session-public-05805,,Instagram,camp-studio,2026-05-05,asset-01
session-public-05806,,Paid Social,camp-move,2026-02-28,
session-public-05807,,DM,camp-private,2026-06-08,asset-03
session-public-05808,,Organic,organic,2026-04-05,asset-04
session-public-05809,,Instagram,camp-studio,2026-07-09,asset-01
session-public-05810,,Paid Social,camp-move,2026-02-28,asset-02
session-public-05811,,DM,camp-private,2026-09-09,asset-03
session-public-05812,,Organic,organic,2025-11-07,asset-04
session-public-05813,,Instagram,camp-studio,2026-03-08,asset-01
session-public-05814,,Paid Social,camp-move,2026-03-15,asset-02
session-public-05815,,DM,camp-private,2026-07-20,
session-public-05816,,Organic,organic,2026-02-02,asset-04
session-public-05817,,Instagram,camp-studio,2026-03-01,asset-01
session-public-05818,,Paid Social,camp-move,2026-08-25,asset-02
session-public-05819,,DM,camp-private,2025-10-17,asset-03
session-public-05820,,Organic,organic,2025-11-17,asset-04
session-public-05821,,Instagram,camp-studio,2025-11-24,asset-01
session-public-05822,,Paid Social,camp-move,2026-08-02,asset-02
session-public-05823,,DM,camp-private,2025-11-30,asset-03
session-public-05824,,Organic,organic,2026-07-25,
session-public-05825,,Instagram,camp-studio,2026-09-04,asset-01
session-public-05826,,Paid Social,camp-move,2025-12-23,asset-02
session-public-05827,,DM,camp-private,2025-10-21,asset-03
session-public-05828,,Organic,organic,2026-09-08,asset-04
session-public-05829,,Instagram,camp-studio,2026-05-24,asset-01
session-public-05830,,Paid Social,camp-move,2026-03-25,asset-02
session-public-05831,,DM,camp-private,2026-01-26,asset-03
session-public-05832,,Organic,organic,2026-09-13,asset-04
session-public-05833,,Instagram,camp-studio,2026-04-05,
session-public-05834,,Paid Social,camp-move,2026-09-12,asset-02
session-public-05835,,DM,camp-private,2025-10-14,asset-03
session-public-05836,,Organic,organic,2026-03-20,asset-04
session-public-05837,,Instagram,camp-studio,2025-11-19,asset-01
session-public-05838,,Paid Social,camp-move,2025-10-28,asset-02
session-public-05839,,DM,camp-private,2026-05-22,asset-03
session-public-05840,,Organic,organic,2025-11-01,asset-04
session-public-05841,,Instagram,camp-studio,2026-04-26,asset-01
session-public-05842,,Paid Social,camp-move,2026-09-06,
session-public-05843,,DM,camp-private,2025-10-23,asset-03
session-public-05844,,Organic,organic,2026-01-16,asset-04
session-public-05845,,Instagram,camp-studio,2026-07-24,asset-01
session-public-05846,,Paid Social,camp-move,2026-06-24,asset-02
session-public-05847,,DM,camp-private,2026-07-03,asset-03
session-public-05848,,Organic,organic,2026-04-12,asset-04
session-public-05849,,Instagram,camp-studio,2026-01-06,asset-01
session-public-05850,,Paid Social,camp-move,2026-04-25,asset-02
session-public-05851,,DM,camp-private,2026-03-01,
session-public-05852,,Organic,organic,2026-01-27,asset-04
session-public-05853,,Instagram,camp-studio,2026-04-20,asset-01
session-public-05854,,Paid Social,camp-move,2026-09-20,asset-02
session-public-05855,,DM,camp-private,2026-08-19,asset-03
session-public-05856,,Organic,organic,2025-11-25,asset-04
session-public-05857,,Instagram,camp-studio,2025-11-12,asset-01
session-public-05858,,Paid Social,camp-move,2026-06-12,asset-02
session-public-05859,,DM,camp-private,2026-07-15,asset-03
session-public-05860,,Organic,organic,2026-02-02,
session-public-05861,,Instagram,camp-studio,2026-03-08,asset-01
session-public-05862,,Paid Social,camp-move,2026-03-31,asset-02
session-public-05863,,DM,camp-private,2026-07-25,asset-03
session-public-05864,,Organic,organic,2025-10-20,asset-04
session-public-05865,,Instagram,camp-studio,2026-04-04,asset-01
session-public-05866,,Paid Social,camp-move,2026-05-28,asset-02
session-public-05867,,DM,camp-private,2025-09-25,asset-03
session-public-05868,,Organic,organic,2025-10-17,asset-04
session-public-05869,,Instagram,camp-studio,2025-10-04,
session-public-05870,,Paid Social,camp-move,2026-07-23,asset-02
session-public-05871,,DM,camp-private,2026-08-23,asset-03
session-public-05872,,Organic,organic,2026-08-21,asset-04
session-public-05873,,Instagram,camp-studio,2026-07-12,asset-01
session-public-05874,,Paid Social,camp-move,2026-02-23,asset-02
session-public-05875,,DM,camp-private,2025-11-30,asset-03
session-public-05876,,Organic,organic,2026-02-21,asset-04
session-public-05877,,Instagram,camp-studio,2026-06-20,asset-01
session-public-05878,,Paid Social,camp-move,2026-07-16,
session-public-05879,,DM,camp-private,2026-01-28,asset-03
session-public-05880,,Organic,organic,2025-12-22,asset-04
session-public-05881,,Instagram,camp-studio,2025-10-16,asset-01
session-public-05882,,Paid Social,camp-move,2026-02-19,asset-02
session-public-05883,,DM,camp-private,2026-04-02,asset-03
session-public-05884,,Organic,organic,2026-04-02,asset-04
session-public-05885,,Instagram,camp-studio,2026-09-06,asset-01
session-public-05886,,Paid Social,camp-move,2026-02-09,asset-02
session-public-05887,,DM,camp-private,2026-07-04,
session-public-05888,,Organic,organic,2026-08-02,asset-04
session-public-05889,,Instagram,camp-studio,2026-05-02,asset-01
session-public-05890,,Paid Social,camp-move,2026-04-30,asset-02
session-public-05891,,DM,camp-private,2026-06-03,asset-03
session-public-05892,,Organic,organic,2026-04-20,asset-04
session-public-05893,,Instagram,camp-studio,2025-10-17,asset-01
session-public-05894,,Paid Social,camp-move,2026-03-08,asset-02
session-public-05895,,DM,camp-private,2026-05-03,asset-03
session-public-05896,,Organic,organic,2026-02-03,
session-public-05897,,Instagram,camp-studio,2025-12-13,asset-01
session-public-05898,,Paid Social,camp-move,2025-09-29,asset-02
session-public-05899,,DM,camp-private,2026-02-28,asset-03
session-public-05900,,Organic,organic,2026-03-02,asset-04
session-public-05901,,Instagram,camp-studio,2026-04-26,asset-01
session-public-05902,,Paid Social,camp-move,2026-03-27,asset-02
session-public-05903,,DM,camp-private,2026-05-30,asset-03
session-public-05904,,Organic,organic,2026-05-06,asset-04
session-public-05905,,Instagram,camp-studio,2026-03-15,
session-public-05906,,Paid Social,camp-move,2026-06-24,asset-02
session-public-05907,,DM,camp-private,2025-10-06,asset-03
session-public-05908,,Organic,organic,2026-07-11,asset-04
session-public-05909,,Instagram,camp-studio,2026-05-10,asset-01
session-public-05910,,Paid Social,camp-move,2026-02-26,asset-02
session-public-05911,,DM,camp-private,2026-03-04,asset-03
session-public-05912,,Organic,organic,2026-01-13,asset-04
session-public-05913,,Instagram,camp-studio,2025-12-29,asset-01
session-public-05914,,Paid Social,camp-move,2026-06-08,
session-public-05915,,DM,camp-private,2026-07-30,asset-03
session-public-05916,,Organic,organic,2025-10-06,asset-04
session-public-05917,,Instagram,camp-studio,2026-04-27,asset-01
session-public-05918,,Paid Social,camp-move,2025-11-27,asset-02
session-public-05919,,DM,camp-private,2026-01-24,asset-03
session-public-05920,,Organic,organic,2026-03-30,asset-04
session-public-05921,,Instagram,camp-studio,2026-02-01,asset-01
session-public-05922,,Paid Social,camp-move,2026-04-17,asset-02
session-public-05923,,DM,camp-private,2026-04-05,
session-public-05924,,Organic,organic,2025-11-27,asset-04
session-public-05925,,Instagram,camp-studio,2026-08-12,asset-01
session-public-05926,,Paid Social,camp-move,2025-12-25,asset-02
session-public-05927,,DM,camp-private,2026-04-24,asset-03
session-public-05928,,Organic,organic,2026-03-13,asset-04
session-public-05929,,Instagram,camp-studio,2026-09-15,asset-01
session-public-05930,,Paid Social,camp-move,2026-02-17,asset-02
session-public-05931,,DM,camp-private,2025-10-19,asset-03
session-public-05932,,Organic,organic,2025-11-16,
session-public-05933,,Instagram,camp-studio,2026-04-13,asset-01
session-public-05934,,Paid Social,camp-move,2026-08-11,asset-02
session-public-05935,,DM,camp-private,2026-03-12,asset-03
session-public-05936,,Organic,organic,2026-07-28,asset-04
session-public-05937,,Instagram,camp-studio,2026-07-30,asset-01
session-public-05938,,Paid Social,camp-move,2026-03-18,asset-02
session-public-05939,,DM,camp-private,2026-01-17,asset-03
session-public-05940,,Organic,organic,2025-10-19,asset-04
session-public-05941,,Instagram,camp-studio,2025-09-26,
session-public-05942,,Paid Social,camp-move,2026-09-12,asset-02
session-public-05943,,DM,camp-private,2026-09-02,asset-03
session-public-05944,,Organic,organic,2026-04-27,asset-04
session-public-05945,,Instagram,camp-studio,2025-12-13,asset-01
session-public-05946,,Paid Social,camp-move,2025-12-26,asset-02
session-public-05947,,DM,camp-private,2025-11-21,asset-03
session-public-05948,,Organic,organic,2025-12-20,asset-04
session-public-05949,,Instagram,camp-studio,2025-12-08,asset-01
session-public-05950,,Paid Social,camp-move,2026-02-19,
session-public-05951,,DM,camp-private,2025-12-23,asset-03
session-public-05952,,Organic,organic,2026-05-11,asset-04
session-public-05953,,Instagram,camp-studio,2026-04-29,asset-01
session-public-05954,,Paid Social,camp-move,2026-05-24,asset-02
session-public-05955,,DM,camp-private,2026-09-12,asset-03
session-public-05956,,Organic,organic,2026-08-24,asset-04
session-public-05957,,Instagram,camp-studio,2026-05-22,asset-01
session-public-05958,,Paid Social,camp-move,2026-02-28,asset-02
session-public-05959,,DM,camp-private,2026-04-15,
session-public-05960,,Organic,organic,2025-11-29,asset-04
session-public-05961,,Instagram,camp-studio,2026-03-02,asset-01
session-public-05962,,Paid Social,camp-move,2026-08-01,asset-02
session-public-05963,,DM,camp-private,2025-10-26,asset-03
session-public-05964,,Organic,organic,2026-04-09,asset-04
session-public-05965,,Instagram,camp-studio,2025-10-06,asset-01
session-public-05966,,Paid Social,camp-move,2025-11-14,asset-02
session-public-05967,,DM,camp-private,2025-11-01,asset-03
session-public-05968,,Organic,organic,2025-12-21,
session-public-05969,,Instagram,camp-studio,2026-02-12,asset-01
session-public-05970,,Paid Social,camp-move,2026-09-20,asset-02
session-public-05971,,DM,camp-private,2025-11-12,asset-03
session-public-05972,,Organic,organic,2025-11-08,asset-04
session-public-05973,,Instagram,camp-studio,2026-03-31,asset-01
session-public-05974,,Paid Social,camp-move,2026-06-06,asset-02
session-public-05975,,DM,camp-private,2026-01-28,asset-03
session-public-05976,,Organic,organic,2026-06-22,asset-04
session-public-05977,,Instagram,camp-studio,2026-06-13,
session-public-05978,,Paid Social,camp-move,2026-08-15,asset-02
session-public-05979,,DM,camp-private,2026-04-08,asset-03
session-public-05980,,Organic,organic,2025-10-22,asset-04
session-public-05981,,Instagram,camp-studio,2025-09-25,asset-01
session-public-05982,,Paid Social,camp-move,2026-06-23,asset-02
session-public-05983,,DM,camp-private,2025-09-29,asset-03
session-public-05984,,Organic,organic,2025-11-16,asset-04
session-public-05985,,Instagram,camp-studio,2026-05-22,asset-01
session-public-05986,,Paid Social,camp-move,2026-07-20,
session-public-05987,,DM,camp-private,2026-06-13,asset-03
session-public-05988,,Organic,organic,2026-04-12,asset-04
session-public-05989,,Instagram,camp-studio,2026-05-26,asset-01
session-public-05990,,Paid Social,camp-move,2026-09-21,asset-02
session-public-05991,,DM,camp-private,2026-06-02,asset-03
session-public-05992,,Organic,organic,2026-07-05,asset-04
session-public-05993,,Instagram,camp-studio,2025-11-26,asset-01
session-public-05994,,Paid Social,camp-move,2025-12-31,asset-02
session-public-05995,,DM,camp-private,2025-11-01,
session-public-05996,,Organic,organic,2025-12-19,asset-04
session-public-05997,,Instagram,camp-studio,2026-07-14,asset-01
session-public-05998,,Paid Social,camp-move,2026-07-23,asset-02
session-public-05999,,DM,camp-private,2026-03-24,asset-03
session-public-06000,,Organic,organic,2026-05-07,asset-04
session-public-06001,,Instagram,camp-studio,2025-09-28,asset-01
session-public-06002,,Paid Social,camp-move,2026-02-08,asset-02
session-public-06003,,DM,camp-private,2026-05-08,asset-03
session-public-06004,,Organic,organic,2025-11-30,
session-public-06005,,Instagram,camp-studio,2026-04-19,asset-01
session-public-06006,,Paid Social,camp-move,2026-02-03,asset-02
session-public-06007,,DM,camp-private,2025-12-15,asset-03
session-public-06008,,Organic,organic,2026-08-14,asset-04
session-public-06009,,Instagram,camp-studio,2026-04-27,asset-01
session-public-06010,,Paid Social,camp-move,2025-10-30,asset-02
session-public-06011,,DM,camp-private,2025-12-06,asset-03
session-public-06012,,Organic,organic,2025-11-17,asset-04
session-public-06013,,Instagram,camp-studio,2025-12-15,
session-public-06014,,Paid Social,camp-move,2025-10-19,asset-02
session-public-06015,,DM,camp-private,2026-01-04,asset-03
session-public-06016,,Organic,organic,2026-06-19,asset-04
session-public-06017,,Instagram,camp-studio,2026-01-28,asset-01
session-public-06018,,Paid Social,camp-move,2026-01-17,asset-02
session-public-06019,,DM,camp-private,2026-05-25,asset-03
session-public-06020,,Organic,organic,2026-03-16,asset-04
session-public-06021,,Instagram,camp-studio,2026-01-16,asset-01
session-public-06022,,Paid Social,camp-move,2026-04-30,
session-public-06023,,DM,camp-private,2026-03-18,asset-03
session-public-06024,,Organic,organic,2026-09-13,asset-04
session-public-06025,,Instagram,camp-studio,2026-07-20,asset-01
session-public-06026,,Paid Social,camp-move,2026-04-07,asset-02
session-public-06027,,DM,camp-private,2026-06-21,asset-03
session-public-06028,,Organic,organic,2025-10-16,asset-04
session-public-06029,,Instagram,camp-studio,2026-05-16,asset-01
session-public-06030,,Paid Social,camp-move,2026-07-02,asset-02
session-public-06031,,DM,camp-private,2026-03-20,
session-public-06032,,Organic,organic,2026-08-13,asset-04
session-public-06033,,Instagram,camp-studio,2025-12-17,asset-01
session-public-06034,,Paid Social,camp-move,2026-03-29,asset-02
session-public-06035,,DM,camp-private,2026-02-04,asset-03
session-public-06036,,Organic,organic,2026-06-12,asset-04
session-public-06037,,Instagram,camp-studio,2025-12-20,asset-01
session-public-06038,,Paid Social,camp-move,2026-02-27,asset-02
session-public-06039,,DM,camp-private,2025-11-26,asset-03
session-public-06040,,Organic,organic,2025-11-24,
session-public-06041,,Instagram,camp-studio,2026-08-31,asset-01
session-public-06042,,Paid Social,camp-move,2026-07-04,asset-02
session-public-06043,,DM,camp-private,2026-09-12,asset-03
session-public-06044,,Organic,organic,2026-01-19,asset-04
session-public-06045,,Instagram,camp-studio,2026-06-06,asset-01
session-public-06046,,Paid Social,camp-move,2026-03-07,asset-02
session-public-06047,,DM,camp-private,2026-01-29,asset-03
session-public-06048,,Organic,organic,2026-03-26,asset-04
session-public-06049,,Instagram,camp-studio,2026-02-06,
session-public-06050,,Paid Social,camp-move,2025-10-16,asset-02
session-public-06051,,DM,camp-private,2025-10-08,asset-03
session-public-06052,,Organic,organic,2026-09-03,asset-04
session-public-06053,,Instagram,camp-studio,2026-04-29,asset-01
session-public-06054,,Paid Social,camp-move,2026-01-30,asset-02
session-public-06055,,DM,camp-private,2026-02-25,asset-03
session-public-06056,,Organic,organic,2026-08-22,asset-04
session-public-06057,,Instagram,camp-studio,2026-03-29,asset-01
session-public-06058,,Paid Social,camp-move,2026-02-15,
session-public-06059,,DM,camp-private,2026-08-21,asset-03
session-public-06060,,Organic,organic,2026-05-19,asset-04
session-public-06061,,Instagram,camp-studio,2026-03-14,asset-01
session-public-06062,,Paid Social,camp-move,2025-12-05,asset-02
session-public-06063,,DM,camp-private,2025-12-31,asset-03
session-public-06064,,Organic,organic,2025-10-31,asset-04
session-public-06065,,Instagram,camp-studio,2025-11-18,asset-01
session-public-06066,,Paid Social,camp-move,2025-12-02,asset-02
session-public-06067,,DM,camp-private,2025-12-30,
session-public-06068,,Organic,organic,2025-12-09,asset-04
session-public-06069,,Instagram,camp-studio,2026-05-09,asset-01
session-public-06070,,Paid Social,camp-move,2026-02-15,asset-02
session-public-06071,,DM,camp-private,2026-06-24,asset-03
session-public-06072,,Organic,organic,2026-08-02,asset-04
session-public-06073,,Instagram,camp-studio,2026-05-31,asset-01
session-public-06074,,Paid Social,camp-move,2026-09-06,asset-02
session-public-06075,,DM,camp-private,2026-08-05,asset-03
session-public-06076,,Organic,organic,2025-11-04,
session-public-06077,,Instagram,camp-studio,2026-05-10,asset-01
session-public-06078,,Paid Social,camp-move,2026-05-04,asset-02
session-public-06079,,DM,camp-private,2026-04-13,asset-03
session-public-06080,,Organic,organic,2026-01-05,asset-04
session-public-06081,,Instagram,camp-studio,2026-01-24,asset-01
session-public-06082,,Paid Social,camp-move,2026-08-28,asset-02
session-public-06083,,DM,camp-private,2026-02-19,asset-03
session-public-06084,,Organic,organic,2026-08-18,asset-04
session-public-06085,,Instagram,camp-studio,2026-08-16,
session-public-06086,,Paid Social,camp-move,2026-09-04,asset-02
session-public-06087,,DM,camp-private,2025-12-16,asset-03
session-public-06088,,Organic,organic,2026-05-30,asset-04
session-public-06089,,Instagram,camp-studio,2025-12-17,asset-01
session-public-06090,,Paid Social,camp-move,2025-10-07,asset-02
session-public-06091,,DM,camp-private,2025-12-29,asset-03
session-public-06092,,Organic,organic,2026-07-03,asset-04
session-public-06093,,Instagram,camp-studio,2026-06-24,asset-01
session-public-06094,,Paid Social,camp-move,2026-04-04,
session-public-06095,,DM,camp-private,2026-09-07,asset-03
session-public-06096,,Organic,organic,2025-12-17,asset-04
session-public-06097,,Instagram,camp-studio,2025-10-29,asset-01
session-public-06098,,Paid Social,camp-move,2026-05-23,asset-02
session-public-06099,,DM,camp-private,2026-03-22,asset-03
session-public-06100,,Organic,organic,2025-09-28,asset-04
session-public-06101,,Instagram,camp-studio,2026-08-23,asset-01
session-public-06102,,Paid Social,camp-move,2026-06-26,asset-02
session-public-06103,,DM,camp-private,2025-10-23,
session-public-06104,,Organic,organic,2025-10-26,asset-04
session-public-06105,,Instagram,camp-studio,2026-07-29,asset-01
session-public-06106,,Paid Social,camp-move,2026-04-08,asset-02
session-public-06107,,DM,camp-private,2026-01-26,asset-03
session-public-06108,,Organic,organic,2025-10-13,asset-04
session-public-06109,,Instagram,camp-studio,2026-01-30,asset-01
session-public-06110,,Paid Social,camp-move,2026-03-09,asset-02
session-public-06111,,DM,camp-private,2026-08-13,asset-03
session-public-06112,,Organic,organic,2025-12-30,
session-public-06113,,Instagram,camp-studio,2025-10-08,asset-01
session-public-06114,,Paid Social,camp-move,2026-04-07,asset-02
session-public-06115,,DM,camp-private,2026-07-30,asset-03
session-public-06116,,Organic,organic,2026-01-17,asset-04
session-public-06117,,Instagram,camp-studio,2026-03-07,asset-01
session-public-06118,,Paid Social,camp-move,2026-06-28,asset-02
session-public-06119,,DM,camp-private,2026-06-06,asset-03
session-public-06120,,Organic,organic,2025-12-05,asset-04
session-public-06121,,Instagram,camp-studio,2026-02-05,
session-public-06122,,Paid Social,camp-move,2026-08-07,asset-02
session-public-06123,,DM,camp-private,2026-01-17,asset-03
session-public-06124,,Organic,organic,2026-03-10,asset-04
session-public-06125,,Instagram,camp-studio,2026-01-17,asset-01
session-public-06126,,Paid Social,camp-move,2026-02-25,asset-02
session-public-06127,,DM,camp-private,2025-09-28,asset-03
session-public-06128,,Organic,organic,2025-10-10,asset-04
session-public-06129,,Instagram,camp-studio,2026-09-15,asset-01
session-public-06130,,Paid Social,camp-move,2026-08-12,
session-public-06131,,DM,camp-private,2025-11-14,asset-03
session-public-06132,,Organic,organic,2026-06-12,asset-04
session-public-06133,,Instagram,camp-studio,2025-10-27,asset-01
session-public-06134,,Paid Social,camp-move,2026-04-12,asset-02
session-public-06135,,DM,camp-private,2026-05-05,asset-03
session-public-06136,,Organic,organic,2026-05-22,asset-04
session-public-06137,,Instagram,camp-studio,2026-06-07,asset-01
session-public-06138,,Paid Social,camp-move,2026-02-15,asset-02
session-public-06139,,DM,camp-private,2026-06-12,
session-public-06140,,Organic,organic,2025-10-26,asset-04
session-public-06141,,Instagram,camp-studio,2026-04-27,asset-01
session-public-06142,,Paid Social,camp-move,2026-03-17,asset-02
session-public-06143,,DM,camp-private,2025-12-19,asset-03
session-public-06144,,Organic,organic,2026-02-11,asset-04
session-public-06145,,Instagram,camp-studio,2026-01-30,asset-01
session-public-06146,,Paid Social,camp-move,2026-01-30,asset-02
session-public-06147,,DM,camp-private,2026-08-31,asset-03
session-public-06148,,Organic,organic,2026-03-25,
session-public-06149,,Instagram,camp-studio,2026-02-02,asset-01
session-public-06150,,Paid Social,camp-move,2026-02-03,asset-02
session-public-06151,,DM,camp-private,2026-04-28,asset-03
session-public-06152,,Organic,organic,2025-10-19,asset-04
session-public-06153,,Instagram,camp-studio,2026-06-21,asset-01
session-public-06154,,Paid Social,camp-move,2026-01-07,asset-02
session-public-06155,,DM,camp-private,2026-06-22,asset-03
session-public-06156,,Organic,organic,2026-03-26,asset-04
session-public-06157,,Instagram,camp-studio,2026-09-09,
session-public-06158,,Paid Social,camp-move,2025-10-25,asset-02
session-public-06159,,DM,camp-private,2026-05-23,asset-03
session-public-06160,,Organic,organic,2026-07-27,asset-04
session-public-06161,,Instagram,camp-studio,2026-08-05,asset-01
session-public-06162,,Paid Social,camp-move,2026-01-11,asset-02
session-public-06163,,DM,camp-private,2026-05-10,asset-03
session-public-06164,,Organic,organic,2026-09-17,asset-04
session-public-06165,,Instagram,camp-studio,2026-07-01,asset-01
session-public-06166,,Paid Social,camp-move,2025-11-15,
session-public-06167,,DM,camp-private,2025-09-29,asset-03
session-public-06168,,Organic,organic,2026-08-16,asset-04
session-public-06169,,Instagram,camp-studio,2026-09-08,asset-01
session-public-06170,,Paid Social,camp-move,2026-08-21,asset-02
session-public-06171,,DM,camp-private,2026-08-30,asset-03
session-public-06172,,Organic,organic,2026-03-05,asset-04
session-public-06173,,Instagram,camp-studio,2026-01-23,asset-01
session-public-06174,,Paid Social,camp-move,2026-08-17,asset-02
session-public-06175,,DM,camp-private,2026-07-24,
session-public-06176,,Organic,organic,2025-11-24,asset-04
session-public-06177,,Instagram,camp-studio,2025-12-06,asset-01
session-public-06178,,Paid Social,camp-move,2026-06-23,asset-02
session-public-06179,,DM,camp-private,2026-05-13,asset-03
session-public-06180,,Organic,organic,2026-06-06,asset-04
session-public-06181,,Instagram,camp-studio,2026-06-11,asset-01
session-public-06182,,Paid Social,camp-move,2026-08-26,asset-02
session-public-06183,,DM,camp-private,2026-01-30,asset-03
session-public-06184,,Organic,organic,2026-06-24,
session-public-06185,,Instagram,camp-studio,2026-04-07,asset-01
session-public-06186,,Paid Social,camp-move,2026-08-06,asset-02
session-public-06187,,DM,camp-private,2026-07-09,asset-03
session-public-06188,,Organic,organic,2026-07-15,asset-04
session-public-06189,,Instagram,camp-studio,2026-04-27,asset-01
session-public-06190,,Paid Social,camp-move,2026-07-19,asset-02
session-public-06191,,DM,camp-private,2026-06-19,asset-03
session-public-06192,,Organic,organic,2026-06-12,asset-04
session-public-06193,,Instagram,camp-studio,2025-12-10,
session-public-06194,,Paid Social,camp-move,2026-09-10,asset-02
session-public-06195,,DM,camp-private,2026-07-25,asset-03
session-public-06196,,Organic,organic,2025-10-23,asset-04
session-public-06197,,Instagram,camp-studio,2026-02-25,asset-01
session-public-06198,,Paid Social,camp-move,2026-03-02,asset-02
session-public-06199,,DM,camp-private,2026-05-26,asset-03
session-public-06200,,Organic,organic,2026-07-15,asset-04
session-public-06201,,Instagram,camp-studio,2026-09-16,asset-01
session-public-06202,,Paid Social,camp-move,2025-11-29,
session-public-06203,,DM,camp-private,2026-05-25,asset-03
session-public-06204,,Organic,organic,2025-11-14,asset-04
session-public-06205,,Instagram,camp-studio,2026-02-09,asset-01
session-public-06206,,Paid Social,camp-move,2026-05-10,asset-02
session-public-06207,,DM,camp-private,2026-09-05,asset-03
session-public-06208,,Organic,organic,2025-12-01,asset-04
session-public-06209,,Instagram,camp-studio,2026-01-29,asset-01
session-public-06210,,Paid Social,camp-move,2026-04-02,asset-02
session-public-06211,,DM,camp-private,2026-01-19,
session-public-06212,,Organic,organic,2025-10-10,asset-04
session-public-06213,,Instagram,camp-studio,2025-11-06,asset-01
session-public-06214,,Paid Social,camp-move,2026-07-25,asset-02
session-public-06215,,DM,camp-private,2026-06-25,asset-03
session-public-06216,,Organic,organic,2026-04-05,asset-04
session-public-06217,,Instagram,camp-studio,2026-09-20,asset-01
session-public-06218,,Paid Social,camp-move,2026-01-29,asset-02
session-public-06219,,DM,camp-private,2025-12-20,asset-03
session-public-06220,,Organic,organic,2026-02-06,
session-public-06221,,Instagram,camp-studio,2025-11-28,asset-01
session-public-06222,,Paid Social,camp-move,2026-01-04,asset-02
session-public-06223,,DM,camp-private,2026-07-04,asset-03
session-public-06224,,Organic,organic,2026-08-20,asset-04
session-public-06225,,Instagram,camp-studio,2026-01-15,asset-01
session-public-06226,,Paid Social,camp-move,2026-07-22,asset-02
session-public-06227,,DM,camp-private,2026-05-10,asset-03
session-public-06228,,Organic,organic,2025-12-14,asset-04
session-public-06229,,Instagram,camp-studio,2026-06-15,
session-public-06230,,Paid Social,camp-move,2026-01-20,asset-02
session-public-06231,,DM,camp-private,2026-01-21,asset-03
session-public-06232,,Organic,organic,2026-07-09,asset-04
session-public-06233,,Instagram,camp-studio,2025-11-13,asset-01
session-public-06234,,Paid Social,camp-move,2025-12-08,asset-02
session-public-06235,,DM,camp-private,2025-11-18,asset-03
session-public-06236,,Organic,organic,2026-08-18,asset-04
session-public-06237,,Instagram,camp-studio,2026-08-25,asset-01
session-public-06238,,Paid Social,camp-move,2026-06-30,
session-public-06239,,DM,camp-private,2026-06-04,asset-03
session-public-06240,,Organic,organic,2025-10-07,asset-04
session-public-06241,,Instagram,camp-studio,2026-04-10,asset-01
session-public-06242,,Paid Social,camp-move,2025-12-11,asset-02
session-public-06243,,DM,camp-private,2026-07-09,asset-03
session-public-06244,,Organic,organic,2026-01-07,asset-04
session-public-06245,,Instagram,camp-studio,2025-12-19,asset-01
session-public-06246,,Paid Social,camp-move,2026-06-13,asset-02
session-public-06247,,DM,camp-private,2026-06-12,
session-public-06248,,Organic,organic,2025-10-17,asset-04
session-public-06249,,Instagram,camp-studio,2026-09-21,asset-01
session-public-06250,,Paid Social,camp-move,2026-07-14,asset-02
session-public-06251,,DM,camp-private,2026-07-04,asset-03
session-public-06252,,Organic,organic,2026-01-08,asset-04
session-public-06253,,Instagram,camp-studio,2025-12-16,asset-01
session-public-06254,,Paid Social,camp-move,2025-12-05,asset-02
session-public-06255,,DM,camp-private,2025-11-23,asset-03
session-public-06256,,Organic,organic,2025-10-14,
session-public-06257,,Instagram,camp-studio,2025-11-20,asset-01
session-public-06258,,Paid Social,camp-move,2025-09-29,asset-02
session-public-06259,,DM,camp-private,2025-12-25,asset-03
session-public-06260,,Organic,organic,2026-01-17,asset-04
session-public-06261,,Instagram,camp-studio,2025-12-20,asset-01
session-public-06262,,Paid Social,camp-move,2025-09-23,asset-02
session-public-06263,,DM,camp-private,2025-09-30,asset-03
session-public-06264,,Organic,organic,2025-10-24,asset-04
session-public-06265,,Instagram,camp-studio,2026-09-11,
session-public-06266,,Paid Social,camp-move,2026-06-16,asset-02
session-public-06267,,DM,camp-private,2026-04-07,asset-03
session-public-06268,,Organic,organic,2026-05-16,asset-04
session-public-06269,,Instagram,camp-studio,2026-05-02,asset-01
session-public-06270,,Paid Social,camp-move,2026-04-04,asset-02
session-public-06271,,DM,camp-private,2025-11-19,asset-03
session-public-06272,,Organic,organic,2025-10-15,asset-04
session-public-06273,,Instagram,camp-studio,2025-10-07,asset-01
session-public-06274,,Paid Social,camp-move,2026-06-09,
session-public-06275,,DM,camp-private,2026-08-11,asset-03
session-public-06276,,Organic,organic,2026-07-24,asset-04
session-public-06277,,Instagram,camp-studio,2026-08-31,asset-01
session-public-06278,,Paid Social,camp-move,2026-07-04,asset-02
session-public-06279,,DM,camp-private,2026-09-03,asset-03
session-public-06280,,Organic,organic,2026-05-26,asset-04
session-public-06281,,Instagram,camp-studio,2026-04-07,asset-01
session-public-06282,,Paid Social,camp-move,2025-11-23,asset-02
session-public-06283,,DM,camp-private,2025-09-27,
session-public-06284,,Organic,organic,2026-06-29,asset-04
session-public-06285,,Instagram,camp-studio,2025-11-03,asset-01
session-public-06286,,Paid Social,camp-move,2026-02-20,asset-02
session-public-06287,,DM,camp-private,2025-12-27,asset-03
session-public-06288,,Organic,organic,2026-03-31,asset-04
session-public-06289,,Instagram,camp-studio,2026-04-06,asset-01
session-public-06290,,Paid Social,camp-move,2025-11-08,asset-02
session-public-06291,,DM,camp-private,2026-02-16,asset-03
session-public-06292,,Organic,organic,2025-10-23,
session-public-06293,,Instagram,camp-studio,2026-01-20,asset-01
session-public-06294,,Paid Social,camp-move,2026-07-02,asset-02
session-public-06295,,DM,camp-private,2026-02-17,asset-03
session-public-06296,,Organic,organic,2026-03-04,asset-04
session-public-06297,,Instagram,camp-studio,2026-08-20,asset-01
session-public-06298,,Paid Social,camp-move,2026-01-24,asset-02
session-public-06299,,DM,camp-private,2026-08-16,asset-03
session-public-06300,,Organic,organic,2025-11-04,asset-04
session-public-06301,,Instagram,camp-studio,2026-07-20,
session-public-06302,,Paid Social,camp-move,2026-06-10,asset-02
session-public-06303,,DM,camp-private,2025-10-16,asset-03
session-public-06304,,Organic,organic,2026-05-27,asset-04
session-public-06305,,Instagram,camp-studio,2026-02-10,asset-01
session-public-06306,,Paid Social,camp-move,2026-04-25,asset-02
session-public-06307,,DM,camp-private,2026-06-30,asset-03
session-public-06308,,Organic,organic,2026-08-16,asset-04
session-public-06309,,Instagram,camp-studio,2025-12-01,asset-01
session-public-06310,,Paid Social,camp-move,2025-12-30,
session-public-06311,,DM,camp-private,2026-03-02,asset-03
session-public-06312,,Organic,organic,2026-02-27,asset-04
session-public-06313,,Instagram,camp-studio,2026-04-19,asset-01
session-public-06314,,Paid Social,camp-move,2026-07-20,asset-02
session-public-06315,,DM,camp-private,2026-03-02,asset-03
session-public-06316,,Organic,organic,2026-09-03,asset-04
session-public-06317,,Instagram,camp-studio,2025-11-11,asset-01
session-public-06318,,Paid Social,camp-move,2025-10-09,asset-02
session-public-06319,,DM,camp-private,2025-09-23,
session-public-06320,,Organic,organic,2026-01-01,asset-04
session-public-06321,,Instagram,camp-studio,2025-09-30,asset-01
session-public-06322,,Paid Social,camp-move,2026-05-14,asset-02
session-public-06323,,DM,camp-private,2026-04-16,asset-03
session-public-06324,,Organic,organic,2025-12-24,asset-04
session-public-06325,,Instagram,camp-studio,2025-09-23,asset-01
session-public-06326,,Paid Social,camp-move,2026-03-30,asset-02
session-public-06327,,DM,camp-private,2026-02-11,asset-03
session-public-06328,,Organic,organic,2026-03-09,
session-public-06329,,Instagram,camp-studio,2026-07-20,asset-01
session-public-06330,,Paid Social,camp-move,2026-04-04,asset-02
session-public-06331,,DM,camp-private,2026-05-04,asset-03
session-public-06332,,Organic,organic,2025-10-30,asset-04
session-public-06333,,Instagram,camp-studio,2026-03-10,asset-01
session-public-06334,,Paid Social,camp-move,2025-10-02,asset-02
session-public-06335,,DM,camp-private,2026-09-09,asset-03
session-public-06336,,Organic,organic,2025-10-15,asset-04
session-public-06337,,Instagram,camp-studio,2026-05-03,
session-public-06338,,Paid Social,camp-move,2026-05-01,asset-02
session-public-06339,,DM,camp-private,2026-08-30,asset-03
session-public-06340,,Organic,organic,2026-04-09,asset-04
session-public-06341,,Instagram,camp-studio,2026-04-26,asset-01
session-public-06342,,Paid Social,camp-move,2026-02-06,asset-02
session-public-06343,,DM,camp-private,2025-11-08,asset-03
session-public-06344,,Organic,organic,2025-10-29,asset-04
session-public-06345,,Instagram,camp-studio,2025-09-28,asset-01
session-public-06346,,Paid Social,camp-move,2026-08-19,
session-public-06347,,DM,camp-private,2026-04-11,asset-03
session-public-06348,,Organic,organic,2026-03-30,asset-04
session-public-06349,,Instagram,camp-studio,2026-02-22,asset-01
session-public-06350,,Paid Social,camp-move,2025-11-05,asset-02
session-public-06351,,DM,camp-private,2026-09-19,asset-03
session-public-06352,,Organic,organic,2025-11-07,asset-04
session-public-06353,,Instagram,camp-studio,2026-09-17,asset-01
session-public-06354,,Paid Social,camp-move,2026-01-15,asset-02
session-public-06355,,DM,camp-private,2026-02-13,
session-public-06356,,Organic,organic,2025-09-22,asset-04
session-public-06357,,Instagram,camp-studio,2026-05-08,asset-01
session-public-06358,,Paid Social,camp-move,2026-06-26,asset-02
session-public-06359,,DM,camp-private,2026-03-06,asset-03
session-public-06360,,Organic,organic,2025-11-12,asset-04
session-public-06361,,Instagram,camp-studio,2026-04-14,asset-01
session-public-06362,,Paid Social,camp-move,2026-08-02,asset-02
session-public-06363,,DM,camp-private,2026-07-21,asset-03
session-public-06364,,Organic,organic,2026-02-06,
session-public-06365,,Instagram,camp-studio,2026-08-04,asset-01
session-public-06366,,Paid Social,camp-move,2026-05-20,asset-02
session-public-06367,,DM,camp-private,2025-10-13,asset-03
session-public-06368,,Organic,organic,2026-06-16,asset-04
session-public-06369,,Instagram,camp-studio,2026-08-02,asset-01
session-public-06370,,Paid Social,camp-move,2025-09-29,asset-02
session-public-06371,,DM,camp-private,2026-03-29,asset-03
session-public-06372,,Organic,organic,2026-07-06,asset-04
session-public-06373,,Instagram,camp-studio,2025-12-30,
session-public-06374,,Paid Social,camp-move,2026-04-30,asset-02
session-public-06375,,DM,camp-private,2026-04-24,asset-03
session-public-06376,,Organic,organic,2026-06-29,asset-04
session-public-06377,,Instagram,camp-studio,2026-01-03,asset-01
session-public-06378,,Paid Social,camp-move,2026-02-19,asset-02
session-public-06379,,DM,camp-private,2026-07-02,asset-03
session-public-06380,,Organic,organic,2025-12-03,asset-04
session-public-06381,,Instagram,camp-studio,2026-04-03,asset-01
session-public-06382,,Paid Social,camp-move,2026-06-22,
session-public-06383,,DM,camp-private,2026-07-09,asset-03
session-public-06384,,Organic,organic,2026-07-08,asset-04
session-public-06385,,Instagram,camp-studio,2026-08-06,asset-01
session-public-06386,,Paid Social,camp-move,2026-04-17,asset-02
session-public-06387,,DM,camp-private,2025-12-12,asset-03
session-public-06388,,Organic,organic,2026-04-08,asset-04
session-public-06389,,Instagram,camp-studio,2026-07-29,asset-01
session-public-06390,,Paid Social,camp-move,2026-05-15,asset-02
session-public-06391,,DM,camp-private,2025-09-29,
session-public-06392,,Organic,organic,2026-06-19,asset-04
session-public-06393,,Instagram,camp-studio,2026-01-19,asset-01
session-public-06394,,Paid Social,camp-move,2026-06-25,asset-02
session-public-06395,,DM,camp-private,2026-05-01,asset-03
session-public-06396,,Organic,organic,2026-07-04,asset-04
session-public-06397,,Instagram,camp-studio,2026-07-03,asset-01
session-public-06398,,Paid Social,camp-move,2026-06-15,asset-02
session-public-06399,,DM,camp-private,2026-08-13,asset-03
session-public-06400,,Organic,organic,2026-07-08,
session-public-06401,,Instagram,camp-studio,2025-11-21,asset-01
session-public-06402,,Paid Social,camp-move,2026-05-21,asset-02
session-public-06403,,DM,camp-private,2026-06-19,asset-03
session-public-06404,,Organic,organic,2026-09-06,asset-04
session-public-06405,,Instagram,camp-studio,2026-08-26,asset-01
session-public-06406,,Paid Social,camp-move,2026-08-16,asset-02
session-public-06407,,DM,camp-private,2026-05-28,asset-03
session-public-06408,,Organic,organic,2026-08-02,asset-04
session-public-06409,,Instagram,camp-studio,2025-10-29,
session-public-06410,,Paid Social,camp-move,2026-03-27,asset-02
session-public-06411,,DM,camp-private,2025-10-07,asset-03
session-public-06412,,Organic,organic,2026-03-30,asset-04
session-public-06413,,Instagram,camp-studio,2026-07-21,asset-01
session-public-06414,,Paid Social,camp-move,2026-04-29,asset-02
session-public-06415,,DM,camp-private,2025-12-23,asset-03
session-public-06416,,Organic,organic,2026-03-26,asset-04
session-public-06417,,Instagram,camp-studio,2026-05-12,asset-01
session-public-06418,,Paid Social,camp-move,2025-10-31,
session-public-06419,,DM,camp-private,2026-07-10,asset-03
session-public-06420,,Organic,organic,2026-05-12,asset-04
session-public-06421,,Instagram,camp-studio,2026-04-03,asset-01
session-public-06422,,Paid Social,camp-move,2025-10-03,asset-02
session-public-06423,,DM,camp-private,2026-09-11,asset-03
session-public-06424,,Organic,organic,2026-07-23,asset-04
session-public-06425,,Instagram,camp-studio,2026-01-21,asset-01
session-public-06426,,Paid Social,camp-move,2025-11-25,asset-02
session-public-06427,,DM,camp-private,2025-10-03,
session-public-06428,,Organic,organic,2025-11-05,asset-04
session-public-06429,,Instagram,camp-studio,2025-11-28,asset-01
session-public-06430,,Paid Social,camp-move,2026-04-30,asset-02
session-public-06431,,DM,camp-private,2026-09-16,asset-03
session-public-06432,,Organic,organic,2026-03-24,asset-04
session-public-06433,,Instagram,camp-studio,2026-05-12,asset-01
session-public-06434,,Paid Social,camp-move,2026-08-11,asset-02
session-public-06435,,DM,camp-private,2026-06-16,asset-03
session-public-06436,,Organic,organic,2026-07-14,
session-public-06437,,Instagram,camp-studio,2026-07-05,asset-01
session-public-06438,,Paid Social,camp-move,2025-12-26,asset-02
session-public-06439,,DM,camp-private,2026-04-04,asset-03
session-public-06440,,Organic,organic,2025-09-29,asset-04
session-public-06441,,Instagram,camp-studio,2026-02-23,asset-01
session-public-06442,,Paid Social,camp-move,2025-11-01,asset-02
session-public-06443,,DM,camp-private,2026-07-02,asset-03
session-public-06444,,Organic,organic,2025-09-24,asset-04
session-public-06445,,Instagram,camp-studio,2026-07-11,
session-public-06446,,Paid Social,camp-move,2026-03-29,asset-02
session-public-06447,,DM,camp-private,2025-12-02,asset-03
session-public-06448,,Organic,organic,2025-10-29,asset-04
session-public-06449,,Instagram,camp-studio,2026-05-16,asset-01
session-public-06450,,Paid Social,camp-move,2026-03-25,asset-02
session-public-06451,,DM,camp-private,2026-03-12,asset-03
session-public-06452,,Organic,organic,2026-06-10,asset-04
session-public-06453,,Instagram,camp-studio,2026-03-01,asset-01
session-public-06454,,Paid Social,camp-move,2025-11-21,
session-public-06455,,DM,camp-private,2026-05-15,asset-03
session-public-06456,,Organic,organic,2026-05-29,asset-04
session-public-06457,,Instagram,camp-studio,2026-05-13,asset-01
session-public-06458,,Paid Social,camp-move,2026-02-17,asset-02
session-public-06459,,DM,camp-private,2026-09-18,asset-03
session-public-06460,,Organic,organic,2025-11-07,asset-04
session-public-06461,,Instagram,camp-studio,2026-08-31,asset-01
session-public-06462,,Paid Social,camp-move,2025-12-01,asset-02
session-public-06463,,DM,camp-private,2026-05-29,
session-public-06464,,Organic,organic,2026-02-20,asset-04
session-public-06465,,Instagram,camp-studio,2026-04-07,asset-01
session-public-06466,,Paid Social,camp-move,2026-07-27,asset-02
session-public-06467,,DM,camp-private,2025-12-25,asset-03
session-public-06468,,Organic,organic,2025-10-30,asset-04
session-public-06469,,Instagram,camp-studio,2025-11-10,asset-01
session-public-06470,,Paid Social,camp-move,2026-06-26,asset-02
session-public-06471,,DM,camp-private,2026-09-01,asset-03
session-public-06472,,Organic,organic,2026-08-18,
session-public-06473,,Instagram,camp-studio,2026-07-01,asset-01
session-public-06474,,Paid Social,camp-move,2025-12-05,asset-02
session-public-06475,,DM,camp-private,2026-02-12,asset-03
session-public-06476,,Organic,organic,2025-11-08,asset-04
session-public-06477,,Instagram,camp-studio,2026-07-30,asset-01
session-public-06478,,Paid Social,camp-move,2026-09-21,asset-02
session-public-06479,,DM,camp-private,2026-07-22,asset-03
session-public-06480,,Organic,organic,2026-04-16,asset-04
session-public-06481,,Instagram,camp-studio,2025-12-01,
session-public-06482,,Paid Social,camp-move,2026-05-03,asset-02
session-public-06483,,DM,camp-private,2026-02-05,asset-03
session-public-06484,,Organic,organic,2025-12-21,asset-04
session-public-06485,,Instagram,camp-studio,2025-12-14,asset-01
session-public-06486,,Paid Social,camp-move,2025-12-03,asset-02
session-public-06487,,DM,camp-private,2026-07-27,asset-03
session-public-06488,,Organic,organic,2026-05-24,asset-04
session-public-06489,,Instagram,camp-studio,2026-03-12,asset-01
session-public-06490,,Paid Social,camp-move,2026-06-11,
session-public-06491,,DM,camp-private,2026-07-19,asset-03
session-public-06492,,Organic,organic,2025-10-30,asset-04
session-public-06493,,Instagram,camp-studio,2026-05-10,asset-01
session-public-06494,,Paid Social,camp-move,2025-10-19,asset-02
session-public-06495,,DM,camp-private,2026-09-19,asset-03
session-public-06496,,Organic,organic,2026-02-04,asset-04
session-public-06497,,Instagram,camp-studio,2026-03-28,asset-01
session-public-06498,,Paid Social,camp-move,2026-02-05,asset-02
session-public-06499,,DM,camp-private,2025-11-28,
session-public-06500,,Organic,organic,2025-11-14,asset-04
session-public-06501,,Instagram,camp-studio,2026-07-02,asset-01
session-public-06502,,Paid Social,camp-move,2026-03-18,asset-02
session-public-06503,,DM,camp-private,2026-09-05,asset-03
session-public-06504,,Organic,organic,2026-02-19,asset-04
session-public-06505,,Instagram,camp-studio,2026-03-31,asset-01
session-public-06506,,Paid Social,camp-move,2026-05-28,asset-02
session-public-06507,,DM,camp-private,2025-10-15,asset-03
session-public-06508,,Organic,organic,2026-03-04,
session-public-06509,,Instagram,camp-studio,2026-05-02,asset-01
session-public-06510,,Paid Social,camp-move,2026-06-07,asset-02
session-public-06511,,DM,camp-private,2025-11-25,asset-03
session-public-06512,,Organic,organic,2025-09-23,asset-04
session-public-06513,,Instagram,camp-studio,2026-07-14,asset-01
session-public-06514,,Paid Social,camp-move,2025-12-03,asset-02
session-public-06515,,DM,camp-private,2025-11-25,asset-03
session-public-06516,,Organic,organic,2026-03-28,asset-04
session-public-06517,,Instagram,camp-studio,2026-06-03,
session-public-06518,,Paid Social,camp-move,2025-09-22,asset-02
session-public-06519,,DM,camp-private,2026-09-20,asset-03
session-public-06520,,Organic,organic,2026-07-13,asset-04
session-public-06521,,Instagram,camp-studio,2025-10-01,asset-01
session-public-06522,,Paid Social,camp-move,2025-10-17,asset-02
session-public-06523,,DM,camp-private,2025-10-24,asset-03
session-public-06524,,Organic,organic,2026-08-11,asset-04
session-public-06525,,Instagram,camp-studio,2026-04-14,asset-01
session-public-06526,,Paid Social,camp-move,2026-01-12,
session-public-06527,,DM,camp-private,2026-09-17,asset-03
session-public-06528,,Organic,organic,2026-03-16,asset-04
session-public-06529,,Instagram,camp-studio,2026-04-19,asset-01
session-public-06530,,Paid Social,camp-move,2026-02-09,asset-02
session-public-06531,,DM,camp-private,2025-10-19,asset-03
session-public-06532,,Organic,organic,2026-05-15,asset-04
session-public-06533,,Instagram,camp-studio,2025-12-18,asset-01
session-public-06534,,Paid Social,camp-move,2026-01-08,asset-02
session-public-06535,,DM,camp-private,2025-11-30,
session-public-06536,,Organic,organic,2026-02-11,asset-04
session-public-06537,,Instagram,camp-studio,2026-05-20,asset-01
session-public-06538,,Paid Social,camp-move,2025-12-21,asset-02
session-public-06539,,DM,camp-private,2026-06-06,asset-03
session-public-06540,,Organic,organic,2025-12-14,asset-04
session-public-06541,,Instagram,camp-studio,2026-07-05,asset-01
session-public-06542,,Paid Social,camp-move,2026-07-31,asset-02
session-public-06543,,DM,camp-private,2026-03-08,asset-03
session-public-06544,,Organic,organic,2026-02-12,
session-public-06545,,Instagram,camp-studio,2025-09-24,asset-01
session-public-06546,,Paid Social,camp-move,2025-10-21,asset-02
session-public-06547,,DM,camp-private,2025-11-06,asset-03
session-public-06548,,Organic,organic,2026-05-28,asset-04
session-public-06549,,Instagram,camp-studio,2026-06-15,asset-01
session-public-06550,,Paid Social,camp-move,2026-08-21,asset-02
session-public-06551,,DM,camp-private,2026-06-13,asset-03
session-public-06552,,Organic,organic,2025-12-24,asset-04
session-public-06553,,Instagram,camp-studio,2025-12-13,
session-public-06554,,Paid Social,camp-move,2026-09-09,asset-02
session-public-06555,,DM,camp-private,2026-02-03,asset-03
session-public-06556,,Organic,organic,2026-05-11,asset-04
session-public-06557,,Instagram,camp-studio,2026-01-23,asset-01
session-public-06558,,Paid Social,camp-move,2025-11-07,asset-02
session-public-06559,,DM,camp-private,2025-11-30,asset-03
session-public-06560,,Organic,organic,2026-04-24,asset-04
session-public-06561,,Instagram,camp-studio,2025-10-29,asset-01
session-public-06562,,Paid Social,camp-move,2026-04-09,
session-public-06563,,DM,camp-private,2026-06-26,asset-03
session-public-06564,,Organic,organic,2026-04-01,asset-04
session-public-06565,,Instagram,camp-studio,2025-09-25,asset-01
session-public-06566,,Paid Social,camp-move,2026-05-26,asset-02
session-public-06567,,DM,camp-private,2025-10-25,asset-03
session-public-06568,,Organic,organic,2025-10-22,asset-04
session-public-06569,,Instagram,camp-studio,2026-03-20,asset-01
session-public-06570,,Paid Social,camp-move,2026-07-06,asset-02
session-public-06571,,DM,camp-private,2026-08-16,
session-public-06572,,Organic,organic,2026-09-14,asset-04
session-public-06573,,Instagram,camp-studio,2025-10-22,asset-01
session-public-06574,,Paid Social,camp-move,2025-11-07,asset-02
session-public-06575,,DM,camp-private,2025-11-20,asset-03
session-public-06576,,Organic,organic,2026-07-13,asset-04
session-public-06577,,Instagram,camp-studio,2026-03-31,asset-01
session-public-06578,,Paid Social,camp-move,2025-09-22,asset-02
session-public-06579,,DM,camp-private,2026-07-31,asset-03
session-public-06580,,Organic,organic,2025-12-22,
session-public-06581,,Instagram,camp-studio,2026-05-17,asset-01
session-public-06582,,Paid Social,camp-move,2025-11-16,asset-02
session-public-06583,,DM,camp-private,2026-08-24,asset-03
session-public-06584,,Organic,organic,2025-11-05,asset-04
session-public-06585,,Instagram,camp-studio,2026-03-02,asset-01
session-public-06586,,Paid Social,camp-move,2025-12-26,asset-02
session-public-06587,,DM,camp-private,2026-04-28,asset-03
session-public-06588,,Organic,organic,2025-11-02,asset-04
session-public-06589,,Instagram,camp-studio,2025-10-14,
session-public-06590,,Paid Social,camp-move,2026-03-26,asset-02
session-public-06591,,DM,camp-private,2026-01-16,asset-03
session-public-06592,,Organic,organic,2026-05-05,asset-04
session-public-06593,,Instagram,camp-studio,2025-10-19,asset-01
session-public-06594,,Paid Social,camp-move,2026-07-10,asset-02
session-public-06595,,DM,camp-private,2025-11-30,asset-03
session-public-06596,,Organic,organic,2026-01-02,asset-04
session-public-06597,,Instagram,camp-studio,2025-10-14,asset-01
session-public-06598,,Paid Social,camp-move,2025-10-08,
session-public-06599,,DM,camp-private,2026-05-16,asset-03
session-public-06600,,Organic,organic,2025-10-28,asset-04
session-public-06601,,Instagram,camp-studio,2026-04-30,asset-01
session-public-06602,,Paid Social,camp-move,2026-07-22,asset-02
session-public-06603,,DM,camp-private,2026-03-01,asset-03
session-public-06604,,Organic,organic,2026-09-05,asset-04
session-public-06605,,Instagram,camp-studio,2025-09-29,asset-01
session-public-06606,,Paid Social,camp-move,2025-09-24,asset-02
session-public-06607,,DM,camp-private,2026-05-27,
session-public-06608,,Organic,organic,2026-01-31,asset-04
session-public-06609,,Instagram,camp-studio,2026-09-15,asset-01
session-public-06610,,Paid Social,camp-move,2026-08-22,asset-02
session-public-06611,,DM,camp-private,2025-11-05,asset-03
session-public-06612,,Organic,organic,2026-06-07,asset-04
session-public-06613,,Instagram,camp-studio,2026-07-12,asset-01
session-public-06614,,Paid Social,camp-move,2026-02-28,asset-02
session-public-06615,,DM,camp-private,2026-07-06,asset-03
session-public-06616,,Organic,organic,2026-09-21,
session-public-06617,,Instagram,camp-studio,2026-03-08,asset-01
session-public-06618,,Paid Social,camp-move,2026-09-14,asset-02
session-public-06619,,DM,camp-private,2026-02-19,asset-03
session-public-06620,,Organic,organic,2026-01-16,asset-04
session-public-06621,,Instagram,camp-studio,2026-08-18,asset-01
session-public-06622,,Paid Social,camp-move,2025-12-03,asset-02
session-public-06623,,DM,camp-private,2026-07-09,asset-03
session-public-06624,,Organic,organic,2026-06-16,asset-04
session-public-06625,,Instagram,camp-studio,2026-05-19,
session-public-06626,,Paid Social,camp-move,2026-04-21,asset-02
session-public-06627,,DM,camp-private,2026-07-22,asset-03
session-public-06628,,Organic,organic,2026-07-03,asset-04
session-public-06629,,Instagram,camp-studio,2026-07-12,asset-01
session-public-06630,,Paid Social,camp-move,2026-01-09,asset-02
session-public-06631,,DM,camp-private,2026-04-21,asset-03
session-public-06632,,Organic,organic,2026-03-17,asset-04
session-public-06633,,Instagram,camp-studio,2025-11-28,asset-01
session-public-06634,,Paid Social,camp-move,2026-07-23,
session-public-06635,,DM,camp-private,2026-01-31,asset-03
session-public-06636,,Organic,organic,2026-02-11,asset-04
session-public-06637,,Instagram,camp-studio,2026-05-21,asset-01
session-public-06638,,Paid Social,camp-move,2025-11-20,asset-02
session-public-06639,,DM,camp-private,2026-04-21,asset-03
session-public-06640,,Organic,organic,2025-11-06,asset-04
session-public-06641,,Instagram,camp-studio,2026-08-07,asset-01
session-public-06642,,Paid Social,camp-move,2026-06-12,asset-02
session-public-06643,,DM,camp-private,2025-12-03,
session-public-06644,,Organic,organic,2026-05-22,asset-04
session-public-06645,,Instagram,camp-studio,2026-01-03,asset-01
session-public-06646,,Paid Social,camp-move,2026-02-28,asset-02
session-public-06647,,DM,camp-private,2026-06-24,asset-03
session-public-06648,,Organic,organic,2025-11-03,asset-04
session-public-06649,,Instagram,camp-studio,2026-01-09,asset-01
session-public-06650,,Paid Social,camp-move,2025-10-28,asset-02
session-public-06651,,DM,camp-private,2025-10-10,asset-03
session-public-06652,,Organic,organic,2026-02-01,
session-public-06653,,Instagram,camp-studio,2026-03-11,asset-01
session-public-06654,,Paid Social,camp-move,2025-10-15,asset-02
session-public-06655,,DM,camp-private,2025-12-09,asset-03
session-public-06656,,Organic,organic,2026-03-21,asset-04
session-public-06657,,Instagram,camp-studio,2026-07-06,asset-01
session-public-06658,,Paid Social,camp-move,2026-08-27,asset-02
session-public-06659,,DM,camp-private,2026-07-31,asset-03
session-public-06660,,Organic,organic,2026-04-16,asset-04
session-public-06661,,Instagram,camp-studio,2026-01-13,
session-public-06662,,Paid Social,camp-move,2026-09-07,asset-02
session-public-06663,,DM,camp-private,2025-12-24,asset-03
session-public-06664,,Organic,organic,2025-10-27,asset-04
session-public-06665,,Instagram,camp-studio,2026-05-19,asset-01
session-public-06666,,Paid Social,camp-move,2026-02-20,asset-02
session-public-06667,,DM,camp-private,2026-01-09,asset-03
session-public-06668,,Organic,organic,2026-03-25,asset-04
session-public-06669,,Instagram,camp-studio,2026-05-04,asset-01
session-public-06670,,Paid Social,camp-move,2026-01-31,
session-public-06671,,DM,camp-private,2026-06-17,asset-03
session-public-06672,,Organic,organic,2026-01-23,asset-04
session-public-06673,,Instagram,camp-studio,2026-03-13,asset-01
session-public-06674,,Paid Social,camp-move,2025-12-08,asset-02
session-public-06675,,DM,camp-private,2026-04-25,asset-03
session-public-06676,,Organic,organic,2026-06-20,asset-04
session-public-06677,,Instagram,camp-studio,2025-10-22,asset-01
session-public-06678,,Paid Social,camp-move,2026-04-17,asset-02
session-public-06679,,DM,camp-private,2026-02-08,
session-public-06680,,Organic,organic,2026-06-28,asset-04
session-public-06681,,Instagram,camp-studio,2026-05-02,asset-01
session-public-06682,,Paid Social,camp-move,2025-10-11,asset-02
session-public-06683,,DM,camp-private,2026-04-29,asset-03
session-public-06684,,Organic,organic,2026-05-09,asset-04
session-public-06685,,Instagram,camp-studio,2025-12-30,asset-01
session-public-06686,,Paid Social,camp-move,2026-07-20,asset-02
session-public-06687,,DM,camp-private,2026-06-29,asset-03
session-public-06688,,Organic,organic,2026-01-12,
session-public-06689,,Instagram,camp-studio,2026-01-28,asset-01
session-public-06690,,Paid Social,camp-move,2026-02-22,asset-02
session-public-06691,,DM,camp-private,2026-06-26,asset-03
session-public-06692,,Organic,organic,2026-06-06,asset-04
session-public-06693,,Instagram,camp-studio,2025-12-30,asset-01
session-public-06694,,Paid Social,camp-move,2026-06-29,asset-02
session-public-06695,,DM,camp-private,2026-02-24,asset-03
session-public-06696,,Organic,organic,2025-12-21,asset-04
session-public-06697,,Instagram,camp-studio,2026-03-03,
session-public-06698,,Paid Social,camp-move,2026-01-16,asset-02
session-public-06699,,DM,camp-private,2026-04-05,asset-03
session-public-06700,,Organic,organic,2026-08-10,asset-04
session-public-06701,,Instagram,camp-studio,2026-02-21,asset-01
session-public-06702,,Paid Social,camp-move,2026-04-17,asset-02
session-public-06703,,DM,camp-private,2025-12-01,asset-03
session-public-06704,,Organic,organic,2026-06-25,asset-04
session-public-06705,,Instagram,camp-studio,2025-10-16,asset-01
session-public-06706,,Paid Social,camp-move,2026-03-10,
session-public-06707,,DM,camp-private,2026-03-12,asset-03
session-public-06708,,Organic,organic,2025-10-19,asset-04
session-public-06709,,Instagram,camp-studio,2026-05-08,asset-01
session-public-06710,,Paid Social,camp-move,2026-05-07,asset-02
session-public-06711,,DM,camp-private,2026-02-10,asset-03
session-public-06712,,Organic,organic,2026-09-17,asset-04
session-public-06713,,Instagram,camp-studio,2025-10-17,asset-01
session-public-06714,,Paid Social,camp-move,2026-04-11,asset-02
session-public-06715,,DM,camp-private,2026-03-25,
session-public-06716,,Organic,organic,2026-05-09,asset-04
session-public-06717,,Instagram,camp-studio,2026-08-05,asset-01
session-public-06718,,Paid Social,camp-move,2026-03-12,asset-02
session-public-06719,,DM,camp-private,2026-03-21,asset-03
session-public-06720,,Organic,organic,2025-11-01,asset-04
session-public-06721,,Instagram,camp-studio,2026-03-27,asset-01
session-public-06722,,Paid Social,camp-move,2026-04-13,asset-02
session-public-06723,,DM,camp-private,2025-12-12,asset-03
session-public-06724,,Organic,organic,2026-01-05,
session-public-06725,,Instagram,camp-studio,2026-07-08,asset-01
session-public-06726,,Paid Social,camp-move,2025-12-24,asset-02
session-public-06727,,DM,camp-private,2025-09-26,asset-03
session-public-06728,,Organic,organic,2026-07-23,asset-04
session-public-06729,,Instagram,camp-studio,2025-10-09,asset-01
session-public-06730,,Paid Social,camp-move,2026-06-25,asset-02
session-public-06731,,DM,camp-private,2026-03-11,asset-03
session-public-06732,,Organic,organic,2026-03-07,asset-04
session-public-06733,,Instagram,camp-studio,2025-11-15,
session-public-06734,,Paid Social,camp-move,2025-10-13,asset-02
session-public-06735,,DM,camp-private,2026-06-01,asset-03
session-public-06736,,Organic,organic,2026-08-10,asset-04
session-public-06737,,Instagram,camp-studio,2026-09-15,asset-01
session-public-06738,,Paid Social,camp-move,2026-02-27,asset-02
session-public-06739,,DM,camp-private,2025-10-06,asset-03
session-public-06740,,Organic,organic,2026-08-29,asset-04
session-public-06741,,Instagram,camp-studio,2026-07-26,asset-01
session-public-06742,,Paid Social,camp-move,2025-11-13,
session-public-06743,,DM,camp-private,2026-01-19,asset-03
session-public-06744,,Organic,organic,2025-11-12,asset-04
session-public-06745,,Instagram,camp-studio,2025-11-03,asset-01
session-public-06746,,Paid Social,camp-move,2025-11-12,asset-02
session-public-06747,,DM,camp-private,2026-05-16,asset-03
session-public-06748,,Organic,organic,2026-06-08,asset-04
session-public-06749,,Instagram,camp-studio,2026-04-08,asset-01
session-public-06750,,Paid Social,camp-move,2025-11-09,asset-02
session-public-06751,,DM,camp-private,2026-07-26,
session-public-06752,,Organic,organic,2026-09-08,asset-04
session-public-06753,,Instagram,camp-studio,2025-10-01,asset-01
session-public-06754,,Paid Social,camp-move,2025-12-03,asset-02
session-public-06755,,DM,camp-private,2026-03-09,asset-03
session-public-06756,,Organic,organic,2026-02-20,asset-04
session-public-06757,,Instagram,camp-studio,2026-09-17,asset-01
session-public-06758,,Paid Social,camp-move,2026-05-07,asset-02
session-public-06759,,DM,camp-private,2026-09-06,asset-03
session-public-06760,,Organic,organic,2026-04-09,
session-public-06761,,Instagram,camp-studio,2025-10-19,asset-01
session-public-06762,,Paid Social,camp-move,2026-09-08,asset-02
session-public-06763,,DM,camp-private,2026-09-16,asset-03
session-public-06764,,Organic,organic,2025-12-21,asset-04
session-public-06765,,Instagram,camp-studio,2025-12-17,asset-01
session-public-06766,,Paid Social,camp-move,2026-08-12,asset-02
session-public-06767,,DM,camp-private,2025-10-04,asset-03
session-public-06768,,Organic,organic,2026-04-17,asset-04
session-public-06769,,Instagram,camp-studio,2026-08-05,
session-public-06770,,Paid Social,camp-move,2026-03-30,asset-02
session-public-06771,,DM,camp-private,2026-01-19,asset-03
session-public-06772,,Organic,organic,2026-03-02,asset-04
session-public-06773,,Instagram,camp-studio,2026-02-06,asset-01
session-public-06774,,Paid Social,camp-move,2026-09-14,asset-02
session-public-06775,,DM,camp-private,2025-11-03,asset-03
session-public-06776,,Organic,organic,2026-09-06,asset-04
session-public-06777,,Instagram,camp-studio,2025-12-21,asset-01
session-public-06778,,Paid Social,camp-move,2025-09-22,
session-public-06779,,DM,camp-private,2025-11-03,asset-03
session-public-06780,,Organic,organic,2026-08-29,asset-04
session-public-06781,,Instagram,camp-studio,2025-11-30,asset-01
session-public-06782,,Paid Social,camp-move,2025-12-24,asset-02
session-public-06783,,DM,camp-private,2026-05-04,asset-03
session-public-06784,,Organic,organic,2026-03-01,asset-04
session-public-06785,,Instagram,camp-studio,2026-07-08,asset-01
session-public-06786,,Paid Social,camp-move,2026-03-23,asset-02
session-public-06787,,DM,camp-private,2025-10-22,
session-public-06788,,Organic,organic,2025-09-27,asset-04
session-public-06789,,Instagram,camp-studio,2025-12-11,asset-01
session-public-06790,,Paid Social,camp-move,2026-04-23,asset-02
session-public-06791,,DM,camp-private,2026-09-15,asset-03
session-public-06792,,Organic,organic,2025-10-17,asset-04
session-public-06793,,Instagram,camp-studio,2025-11-01,asset-01
session-public-06794,,Paid Social,camp-move,2026-03-04,asset-02
session-public-06795,,DM,camp-private,2025-11-17,asset-03
session-public-06796,,Organic,organic,2026-03-13,
session-public-06797,,Instagram,camp-studio,2026-01-09,asset-01
session-public-06798,,Paid Social,camp-move,2025-12-24,asset-02
session-public-06799,,DM,camp-private,2026-03-18,asset-03
session-public-06800,,Organic,organic,2026-08-23,asset-04
session-public-06801,,Instagram,camp-studio,2026-09-08,asset-01
session-public-06802,,Paid Social,camp-move,2026-09-08,asset-02
session-public-06803,,DM,camp-private,2026-07-20,asset-03
session-public-06804,,Organic,organic,2026-02-01,asset-04
session-public-06805,,Instagram,camp-studio,2026-05-05,
session-public-06806,,Paid Social,camp-move,2026-08-12,asset-02
session-public-06807,,DM,camp-private,2026-08-04,asset-03
session-public-06808,,Organic,organic,2026-03-14,asset-04
session-public-06809,,Instagram,camp-studio,2025-10-08,asset-01
session-public-06810,,Paid Social,camp-move,2026-05-04,asset-02
session-public-06811,,DM,camp-private,2026-02-13,asset-03
session-public-06812,,Organic,organic,2025-10-14,asset-04
session-public-06813,,Instagram,camp-studio,2026-06-01,asset-01
session-public-06814,,Paid Social,camp-move,2025-11-12,
session-public-06815,,DM,camp-private,2026-05-06,asset-03
session-public-06816,,Organic,organic,2026-09-17,asset-04
session-public-06817,,Instagram,camp-studio,2025-12-28,asset-01
session-public-06818,,Paid Social,camp-move,2025-11-27,asset-02
session-public-06819,,DM,camp-private,2026-05-17,asset-03
session-public-06820,,Organic,organic,2026-07-23,asset-04
session-public-06821,,Instagram,camp-studio,2026-06-30,asset-01
session-public-06822,,Paid Social,camp-move,2025-10-17,asset-02
session-public-06823,,DM,camp-private,2026-03-22,
session-public-06824,,Organic,organic,2026-09-19,asset-04
session-public-06825,,Instagram,camp-studio,2026-07-21,asset-01
session-public-06826,,Paid Social,camp-move,2026-09-02,asset-02
session-public-06827,,DM,camp-private,2026-03-28,asset-03
session-public-06828,,Organic,organic,2026-08-17,asset-04
session-public-06829,,Instagram,camp-studio,2025-10-06,asset-01
session-public-06830,,Paid Social,camp-move,2026-01-18,asset-02
session-public-06831,,DM,camp-private,2026-08-29,asset-03
session-public-06832,,Organic,organic,2025-10-25,
session-public-06833,,Instagram,camp-studio,2025-10-16,asset-01
session-public-06834,,Paid Social,camp-move,2025-09-26,asset-02
session-public-06835,,DM,camp-private,2026-04-11,asset-03
session-public-06836,,Organic,organic,2026-02-16,asset-04
session-public-06837,,Instagram,camp-studio,2026-09-03,asset-01
session-public-06838,,Paid Social,camp-move,2026-08-06,asset-02
session-public-06839,,DM,camp-private,2026-01-10,asset-03
session-public-06840,,Organic,organic,2026-02-24,asset-04
session-public-06841,,Instagram,camp-studio,2025-09-28,
session-public-06842,,Paid Social,camp-move,2026-01-04,asset-02
session-public-06843,,DM,camp-private,2026-09-10,asset-03
session-public-06844,,Organic,organic,2026-07-15,asset-04
session-public-06845,,Instagram,camp-studio,2025-11-21,asset-01
session-public-06846,,Paid Social,camp-move,2025-09-23,asset-02
session-public-06847,,DM,camp-private,2026-02-11,asset-03
session-public-06848,,Organic,organic,2026-03-19,asset-04
session-public-06849,,Instagram,camp-studio,2025-11-25,asset-01
session-public-06850,,Paid Social,camp-move,2025-10-08,
session-public-06851,,DM,camp-private,2026-01-09,asset-03
session-public-06852,,Organic,organic,2026-04-29,asset-04
session-public-06853,,Instagram,camp-studio,2025-10-15,asset-01
session-public-06854,,Paid Social,camp-move,2026-06-08,asset-02
session-public-06855,,DM,camp-private,2026-08-01,asset-03
session-public-06856,,Organic,organic,2026-09-14,asset-04
session-public-06857,,Instagram,camp-studio,2026-02-14,asset-01
session-public-06858,,Paid Social,camp-move,2025-10-24,asset-02
session-public-06859,,DM,camp-private,2025-10-28,
session-public-06860,,Organic,organic,2026-06-26,asset-04
session-public-06861,,Instagram,camp-studio,2026-02-22,asset-01
session-public-06862,,Paid Social,camp-move,2026-08-08,asset-02
session-public-06863,,DM,camp-private,2026-08-02,asset-03
session-public-06864,,Organic,organic,2025-11-09,asset-04
session-public-06865,,Instagram,camp-studio,2026-01-13,asset-01
session-public-06866,,Paid Social,camp-move,2026-08-22,asset-02
session-public-06867,,DM,camp-private,2026-03-13,asset-03
session-public-06868,,Organic,organic,2026-08-03,
session-public-06869,,Instagram,camp-studio,2026-08-03,asset-01
session-public-06870,,Paid Social,camp-move,2025-12-20,asset-02
session-public-06871,,DM,camp-private,2026-06-28,asset-03
session-public-06872,,Organic,organic,2026-03-24,asset-04
session-public-06873,,Instagram,camp-studio,2026-03-18,asset-01
session-public-06874,,Paid Social,camp-move,2026-01-24,asset-02
session-public-06875,,DM,camp-private,2026-04-01,asset-03
session-public-06876,,Organic,organic,2026-09-08,asset-04
session-public-06877,,Instagram,camp-studio,2026-07-09,
session-public-06878,,Paid Social,camp-move,2026-03-15,asset-02
session-public-06879,,DM,camp-private,2025-12-06,asset-03
session-public-06880,,Organic,organic,2025-10-15,asset-04
session-public-06881,,Instagram,camp-studio,2026-03-26,asset-01
session-public-06882,,Paid Social,camp-move,2026-04-08,asset-02
session-public-06883,,DM,camp-private,2025-10-28,asset-03
session-public-06884,,Organic,organic,2025-10-09,asset-04
session-public-06885,,Instagram,camp-studio,2025-10-22,asset-01
session-public-06886,,Paid Social,camp-move,2026-04-18,
session-public-06887,,DM,camp-private,2026-05-29,asset-03
session-public-06888,,Organic,organic,2026-07-10,asset-04
session-public-06889,,Instagram,camp-studio,2026-07-14,asset-01
session-public-06890,,Paid Social,camp-move,2025-09-28,asset-02
session-public-06891,,DM,camp-private,2026-08-17,asset-03
session-public-06892,,Organic,organic,2025-10-01,asset-04
session-public-06893,,Instagram,camp-studio,2026-04-13,asset-01
session-public-06894,,Paid Social,camp-move,2026-07-11,asset-02
session-public-06895,,DM,camp-private,2026-04-29,
session-public-06896,,Organic,organic,2026-06-29,asset-04
session-public-06897,,Instagram,camp-studio,2025-10-22,asset-01
session-public-06898,,Paid Social,camp-move,2025-10-29,asset-02
session-public-06899,,DM,camp-private,2026-06-28,asset-03
session-public-06900,,Organic,organic,2026-04-08,asset-04
session-public-06901,,Instagram,camp-studio,2026-05-04,asset-01
session-public-06902,,Paid Social,camp-move,2026-05-24,asset-02
session-public-06903,,DM,camp-private,2026-02-03,asset-03
session-public-06904,,Organic,organic,2025-10-14,
session-public-06905,,Instagram,camp-studio,2026-09-13,asset-01
session-public-06906,,Paid Social,camp-move,2026-01-23,asset-02
session-public-06907,,DM,camp-private,2026-05-25,asset-03
session-public-06908,,Organic,organic,2026-06-05,asset-04
session-public-06909,,Instagram,camp-studio,2026-02-05,asset-01
session-public-06910,,Paid Social,camp-move,2026-09-12,asset-02
session-public-06911,,DM,camp-private,2026-09-05,asset-03
session-public-06912,,Organic,organic,2025-11-25,asset-04
session-public-06913,,Instagram,camp-studio,2026-01-11,
session-public-06914,,Paid Social,camp-move,2026-08-27,asset-02
session-public-06915,,DM,camp-private,2025-12-30,asset-03
session-public-06916,,Organic,organic,2026-07-10,asset-04
session-public-06917,,Instagram,camp-studio,2026-02-16,asset-01
session-public-06918,,Paid Social,camp-move,2026-02-26,asset-02
session-public-06919,,DM,camp-private,2026-07-16,asset-03
session-public-06920,,Organic,organic,2026-09-14,asset-04
session-public-06921,,Instagram,camp-studio,2026-04-01,asset-01
session-public-06922,,Paid Social,camp-move,2026-01-15,
session-public-06923,,DM,camp-private,2025-10-02,asset-03
session-public-06924,,Organic,organic,2025-09-23,asset-04
session-public-06925,,Instagram,camp-studio,2026-04-11,asset-01
session-public-06926,,Paid Social,camp-move,2026-05-31,asset-02
session-public-06927,,DM,camp-private,2026-05-14,asset-03
session-public-06928,,Organic,organic,2026-04-03,asset-04
session-public-06929,,Instagram,camp-studio,2025-12-11,asset-01
session-public-06930,,Paid Social,camp-move,2026-03-12,asset-02
session-public-06931,,DM,camp-private,2026-03-08,
session-public-06932,,Organic,organic,2025-09-26,asset-04
session-public-06933,,Instagram,camp-studio,2026-01-11,asset-01
session-public-06934,,Paid Social,camp-move,2025-12-13,asset-02
session-public-06935,,DM,camp-private,2026-08-12,asset-03
session-public-06936,,Organic,organic,2026-03-19,asset-04
session-public-06937,,Instagram,camp-studio,2025-09-27,asset-01
session-public-06938,,Paid Social,camp-move,2025-10-29,asset-02
session-public-06939,,DM,camp-private,2026-06-01,asset-03
session-public-06940,,Organic,organic,2026-01-08,
session-public-06941,,Instagram,camp-studio,2026-04-04,asset-01
session-public-06942,,Paid Social,camp-move,2026-03-01,asset-02
session-public-06943,,DM,camp-private,2026-01-30,asset-03
session-public-06944,,Organic,organic,2025-11-27,asset-04
session-public-06945,,Instagram,camp-studio,2026-04-10,asset-01
session-public-06946,,Paid Social,camp-move,2025-12-25,asset-02
session-public-06947,,DM,camp-private,2026-02-15,asset-03
session-public-06948,,Organic,organic,2025-11-15,asset-04
session-public-06949,,Instagram,camp-studio,2026-05-15,
session-public-06950,,Paid Social,camp-move,2026-06-24,asset-02
session-public-06951,,DM,camp-private,2026-01-30,asset-03
session-public-06952,,Organic,organic,2025-12-25,asset-04
session-public-06953,,Instagram,camp-studio,2026-07-17,asset-01
session-public-06954,,Paid Social,camp-move,2025-10-23,asset-02
session-public-06955,,DM,camp-private,2026-08-09,asset-03
session-public-06956,,Organic,organic,2025-12-26,asset-04
session-public-06957,,Instagram,camp-studio,2026-08-26,asset-01
session-public-06958,,Paid Social,camp-move,2026-07-12,
session-public-06959,,DM,camp-private,2026-09-16,asset-03
session-public-06960,,Organic,organic,2025-12-07,asset-04
session-public-06961,,Instagram,camp-studio,2026-01-12,asset-01
session-public-06962,,Paid Social,camp-move,2026-01-13,asset-02
session-public-06963,,DM,camp-private,2026-02-26,asset-03
session-public-06964,,Organic,organic,2026-03-10,asset-04
session-public-06965,,Instagram,camp-studio,2025-11-09,asset-01
session-public-06966,,Paid Social,camp-move,2025-10-27,asset-02
session-public-06967,,DM,camp-private,2025-09-29,
session-public-06968,,Organic,organic,2025-10-08,asset-04
session-public-06969,,Instagram,camp-studio,2026-07-11,asset-01
session-public-06970,,Paid Social,camp-move,2025-10-12,asset-02
session-public-06971,,DM,camp-private,2026-08-17,asset-03
session-public-06972,,Organic,organic,2026-04-25,asset-04
session-public-06973,,Instagram,camp-studio,2026-09-03,asset-01
session-public-06974,,Paid Social,camp-move,2025-10-15,asset-02
session-public-06975,,DM,camp-private,2026-03-23,asset-03
session-public-06976,,Organic,organic,2026-01-25,
session-public-06977,,Instagram,camp-studio,2025-09-24,asset-01
session-public-06978,,Paid Social,camp-move,2026-08-14,asset-02
session-public-06979,,DM,camp-private,2026-06-25,asset-03
session-public-06980,,Organic,organic,2026-07-03,asset-04
session-public-06981,,Instagram,camp-studio,2026-04-21,asset-01
session-public-06982,,Paid Social,camp-move,2026-06-10,asset-02
session-public-06983,,DM,camp-private,2026-01-29,asset-03
session-public-06984,,Organic,organic,2026-01-24,asset-04
session-public-06985,,Instagram,camp-studio,2025-09-29,
session-public-06986,,Paid Social,camp-move,2025-12-08,asset-02
session-public-06987,,DM,camp-private,2025-11-20,asset-03
session-public-06988,,Organic,organic,2025-11-06,asset-04
session-public-06989,,Instagram,camp-studio,2026-04-06,asset-01
session-public-06990,,Paid Social,camp-move,2026-04-11,asset-02
session-public-06991,,DM,camp-private,2026-05-07,asset-03
session-public-06992,,Organic,organic,2026-01-12,asset-04
session-public-06993,,Instagram,camp-studio,2025-11-30,asset-01
session-public-06994,,Paid Social,camp-move,2026-08-03,
session-public-06995,,DM,camp-private,2025-09-25,asset-03
session-public-06996,,Organic,organic,2026-02-13,asset-04
session-public-06997,,Instagram,camp-studio,2026-09-04,asset-01
session-public-06998,,Paid Social,camp-move,2026-03-12,asset-02
session-public-06999,,DM,camp-private,2026-05-13,asset-03
session-public-07000,,Organic,organic,2026-03-12,asset-04
session-public-07001,,Instagram,camp-studio,2026-07-07,asset-01
session-public-07002,,Paid Social,camp-move,2026-07-03,asset-02
session-public-07003,,DM,camp-private,2026-06-27,
session-public-07004,,Organic,organic,2026-05-10,asset-04
session-public-07005,,Instagram,camp-studio,2026-03-06,asset-01
session-public-07006,,Paid Social,camp-move,2026-07-08,asset-02
session-public-07007,,DM,camp-private,2025-12-26,asset-03
session-public-07008,,Organic,organic,2025-11-05,asset-04
session-public-07009,,Instagram,camp-studio,2025-12-18,asset-01
session-public-07010,,Paid Social,camp-move,2026-07-22,asset-02
session-public-07011,,DM,camp-private,2026-07-22,asset-03
session-public-07012,,Organic,organic,2026-04-26,
session-public-07013,,Instagram,camp-studio,2026-02-28,asset-01
session-public-07014,,Paid Social,camp-move,2025-12-16,asset-02
session-public-07015,,DM,camp-private,2026-04-12,asset-03
session-public-07016,,Organic,organic,2025-10-15,asset-04
session-public-07017,,Instagram,camp-studio,2026-01-18,asset-01
session-public-07018,,Paid Social,camp-move,2026-01-23,asset-02
session-public-07019,,DM,camp-private,2026-04-24,asset-03
session-public-07020,,Organic,organic,2026-08-31,asset-04
session-public-07021,,Instagram,camp-studio,2025-12-22,
session-public-07022,,Paid Social,camp-move,2025-09-26,asset-02
session-public-07023,,DM,camp-private,2026-09-12,asset-03
session-public-07024,,Organic,organic,2025-12-03,asset-04
session-public-07025,,Instagram,camp-studio,2026-05-14,asset-01
session-public-07026,,Paid Social,camp-move,2026-03-30,asset-02
session-public-07027,,DM,camp-private,2026-03-22,asset-03
session-public-07028,,Organic,organic,2026-06-15,asset-04
session-public-07029,,Instagram,camp-studio,2025-12-26,asset-01
session-public-07030,,Paid Social,camp-move,2025-10-31,
session-public-07031,,DM,camp-private,2026-01-30,asset-03
session-public-07032,,Organic,organic,2026-05-16,asset-04
session-public-07033,,Instagram,camp-studio,2026-05-17,asset-01
session-public-07034,,Paid Social,camp-move,2025-10-04,asset-02
session-public-07035,,DM,camp-private,2026-09-12,asset-03
session-public-07036,,Organic,organic,2026-07-24,asset-04
session-public-07037,,Instagram,camp-studio,2025-11-25,asset-01
session-public-07038,,Paid Social,camp-move,2025-09-22,asset-02
session-public-07039,,DM,camp-private,2026-05-07,
session-public-07040,,Organic,organic,2025-11-19,asset-04
session-public-07041,,Instagram,camp-studio,2025-11-07,asset-01
session-public-07042,,Paid Social,camp-move,2026-03-17,asset-02
session-public-07043,,DM,camp-private,2025-12-13,asset-03
session-public-07044,,Organic,organic,2026-01-15,asset-04
session-public-07045,,Instagram,camp-studio,2026-06-30,asset-01
session-public-07046,,Paid Social,camp-move,2025-09-25,asset-02
session-public-07047,,DM,camp-private,2025-12-23,asset-03
session-public-07048,,Organic,organic,2025-12-27,
session-public-07049,,Instagram,camp-studio,2026-04-30,asset-01
session-public-07050,,Paid Social,camp-move,2026-09-15,asset-02
session-public-07051,,DM,camp-private,2025-12-17,asset-03
session-public-07052,,Organic,organic,2025-11-11,asset-04
session-public-07053,,Instagram,camp-studio,2026-08-19,asset-01
session-public-07054,,Paid Social,camp-move,2026-07-30,asset-02
session-public-07055,,DM,camp-private,2026-08-26,asset-03
session-public-07056,,Organic,organic,2025-12-18,asset-04
session-public-07057,,Instagram,camp-studio,2025-10-26,
session-public-07058,,Paid Social,camp-move,2026-03-21,asset-02
session-public-07059,,DM,camp-private,2026-06-17,asset-03
session-public-07060,,Organic,organic,2025-11-24,asset-04
session-public-07061,,Instagram,camp-studio,2026-06-16,asset-01
session-public-07062,,Paid Social,camp-move,2026-07-12,asset-02
session-public-07063,,DM,camp-private,2026-05-30,asset-03
session-public-07064,,Organic,organic,2025-09-24,asset-04
session-public-07065,,Instagram,camp-studio,2026-09-08,asset-01
session-public-07066,,Paid Social,camp-move,2026-03-28,
session-public-07067,,DM,camp-private,2026-07-08,asset-03
session-public-07068,,Organic,organic,2025-11-09,asset-04
session-public-07069,,Instagram,camp-studio,2026-05-02,asset-01
session-public-07070,,Paid Social,camp-move,2025-11-15,asset-02
session-public-07071,,DM,camp-private,2025-11-18,asset-03
session-public-07072,,Organic,organic,2026-06-06,asset-04
session-public-07073,,Instagram,camp-studio,2026-05-03,asset-01
session-public-07074,,Paid Social,camp-move,2026-01-08,asset-02
session-public-07075,,DM,camp-private,2026-06-23,
session-public-07076,,Organic,organic,2026-03-31,asset-04
session-public-07077,,Instagram,camp-studio,2026-03-11,asset-01
session-public-07078,,Paid Social,camp-move,2026-06-30,asset-02
session-public-07079,,DM,camp-private,2026-06-30,asset-03
session-public-07080,,Organic,organic,2025-11-02,asset-04
session-public-07081,,Instagram,camp-studio,2026-07-20,asset-01
session-public-07082,,Paid Social,camp-move,2026-03-01,asset-02
session-public-07083,,DM,camp-private,2026-07-10,asset-03
session-public-07084,,Organic,organic,2026-05-17,
session-public-07085,,Instagram,camp-studio,2026-09-10,asset-01
session-public-07086,,Paid Social,camp-move,2026-05-20,asset-02
session-public-07087,,DM,camp-private,2025-12-16,asset-03
session-public-07088,,Organic,organic,2026-09-17,asset-04
session-public-07089,,Instagram,camp-studio,2026-09-10,asset-01
session-public-07090,,Paid Social,camp-move,2025-11-09,asset-02
session-public-07091,,DM,camp-private,2026-04-05,asset-03
session-public-07092,,Organic,organic,2026-07-03,asset-04
session-public-07093,,Instagram,camp-studio,2026-06-13,
session-public-07094,,Paid Social,camp-move,2025-10-14,asset-02
session-public-07095,,DM,camp-private,2026-09-19,asset-03
session-public-07096,,Organic,organic,2025-10-17,asset-04
session-public-07097,,Instagram,camp-studio,2026-03-14,asset-01
session-public-07098,,Paid Social,camp-move,2026-01-21,asset-02
session-public-07099,,DM,camp-private,2026-05-25,asset-03
session-public-07100,,Organic,organic,2026-06-22,asset-04
session-public-07101,,Instagram,camp-studio,2026-09-15,asset-01
session-public-07102,,Paid Social,camp-move,2026-07-28,
session-public-07103,,DM,camp-private,2026-01-10,asset-03
session-public-07104,,Organic,organic,2025-10-26,asset-04
session-public-07105,,Instagram,camp-studio,2026-06-29,asset-01
session-public-07106,,Paid Social,camp-move,2026-04-02,asset-02
session-public-07107,,DM,camp-private,2026-07-30,asset-03
session-public-07108,,Organic,organic,2025-12-10,asset-04
session-public-07109,,Instagram,camp-studio,2026-06-09,asset-01
session-public-07110,,Paid Social,camp-move,2026-07-16,asset-02
session-public-07111,,DM,camp-private,2026-05-25,
session-public-07112,,Organic,organic,2025-12-19,asset-04
session-public-07113,,Instagram,camp-studio,2026-06-09,asset-01
session-public-07114,,Paid Social,camp-move,2026-02-10,asset-02
session-public-07115,,DM,camp-private,2026-03-10,asset-03
session-public-07116,,Organic,organic,2026-02-28,asset-04
session-public-07117,,Instagram,camp-studio,2025-10-19,asset-01
session-public-07118,,Paid Social,camp-move,2026-08-24,asset-02
session-public-07119,,DM,camp-private,2025-11-10,asset-03
session-public-07120,,Organic,organic,2026-06-12,
session-public-07121,,Instagram,camp-studio,2025-12-01,asset-01
session-public-07122,,Paid Social,camp-move,2025-12-17,asset-02
session-public-07123,,DM,camp-private,2026-05-24,asset-03
session-public-07124,,Organic,organic,2025-12-14,asset-04
session-public-07125,,Instagram,camp-studio,2025-09-22,asset-01
session-public-07126,,Paid Social,camp-move,2025-10-19,asset-02
session-public-07127,,DM,camp-private,2025-12-21,asset-03
session-public-07128,,Organic,organic,2026-07-01,asset-04
session-public-07129,,Instagram,camp-studio,2026-01-09,
session-public-07130,,Paid Social,camp-move,2026-08-02,asset-02
session-public-07131,,DM,camp-private,2026-02-19,asset-03
session-public-07132,,Organic,organic,2026-06-23,asset-04
session-public-07133,,Instagram,camp-studio,2025-11-26,asset-01
session-public-07134,,Paid Social,camp-move,2026-08-08,asset-02
session-public-07135,,DM,camp-private,2026-01-17,asset-03
session-public-07136,,Organic,organic,2025-11-30,asset-04
session-public-07137,,Instagram,camp-studio,2026-08-27,asset-01
session-public-07138,,Paid Social,camp-move,2025-12-10,
session-public-07139,,DM,camp-private,2025-10-22,asset-03
session-public-07140,,Organic,organic,2026-01-29,asset-04
session-public-07141,,Instagram,camp-studio,2025-11-06,asset-01
session-public-07142,,Paid Social,camp-move,2026-02-11,asset-02
session-public-07143,,DM,camp-private,2026-02-11,asset-03
session-public-07144,,Organic,organic,2026-05-29,asset-04
session-public-07145,,Instagram,camp-studio,2026-02-11,asset-01
session-public-07146,,Paid Social,camp-move,2026-08-23,asset-02
session-public-07147,,DM,camp-private,2026-01-08,
session-public-07148,,Organic,organic,2025-11-28,asset-04
session-public-07149,,Instagram,camp-studio,2026-06-17,asset-01
session-public-07150,,Paid Social,camp-move,2025-11-17,asset-02
session-public-07151,,DM,camp-private,2025-10-25,asset-03
session-public-07152,,Organic,organic,2026-04-25,asset-04
session-public-07153,,Instagram,camp-studio,2026-03-25,asset-01
session-public-07154,,Paid Social,camp-move,2026-07-14,asset-02
session-public-07155,,DM,camp-private,2026-07-27,asset-03
session-public-07156,,Organic,organic,2026-09-20,
session-public-07157,,Instagram,camp-studio,2025-12-31,asset-01
session-public-07158,,Paid Social,camp-move,2026-09-15,asset-02
session-public-07159,,DM,camp-private,2025-09-27,asset-03
session-public-07160,,Organic,organic,2026-09-01,asset-04
session-public-07161,,Instagram,camp-studio,2025-11-25,asset-01
session-public-07162,,Paid Social,camp-move,2026-08-09,asset-02
session-public-07163,,DM,camp-private,2025-09-28,asset-03
session-public-07164,,Organic,organic,2025-11-26,asset-04
session-public-07165,,Instagram,camp-studio,2025-10-10,
session-public-07166,,Paid Social,camp-move,2026-08-12,asset-02
session-public-07167,,DM,camp-private,2026-01-06,asset-03
session-public-07168,,Organic,organic,2025-10-17,asset-04
session-public-07169,,Instagram,camp-studio,2026-02-10,asset-01
session-public-07170,,Paid Social,camp-move,2026-09-13,asset-02
session-public-07171,,DM,camp-private,2025-12-07,asset-03
session-public-07172,,Organic,organic,2026-01-12,asset-04
session-public-07173,,Instagram,camp-studio,2025-11-28,asset-01
session-public-07174,,Paid Social,camp-move,2025-11-27,
session-public-07175,,DM,camp-private,2026-05-04,asset-03
session-public-07176,,Organic,organic,2026-06-03,asset-04
session-public-07177,,Instagram,camp-studio,2026-03-24,asset-01
session-public-07178,,Paid Social,camp-move,2025-11-26,asset-02
session-public-07179,,DM,camp-private,2026-09-13,asset-03
session-public-07180,,Organic,organic,2025-11-13,asset-04
session-public-07181,,Instagram,camp-studio,2026-01-24,asset-01
session-public-07182,,Paid Social,camp-move,2026-03-31,asset-02
session-public-07183,,DM,camp-private,2025-12-30,
session-public-07184,,Organic,organic,2025-10-13,asset-04
session-public-07185,,Instagram,camp-studio,2025-11-27,asset-01
session-public-07186,,Paid Social,camp-move,2026-06-06,asset-02
session-public-07187,,DM,camp-private,2025-11-08,asset-03
session-public-07188,,Organic,organic,2026-04-23,asset-04
session-public-07189,,Instagram,camp-studio,2026-03-12,asset-01
session-public-07190,,Paid Social,camp-move,2025-10-16,asset-02
session-public-07191,,DM,camp-private,2026-04-18,asset-03
session-public-07192,,Organic,organic,2026-01-29,
session-public-07193,,Instagram,camp-studio,2026-04-12,asset-01
session-public-07194,,Paid Social,camp-move,2025-12-31,asset-02
session-public-07195,,DM,camp-private,2025-09-23,asset-03
session-public-07196,,Organic,organic,2026-09-06,asset-04
session-public-07197,,Instagram,camp-studio,2025-10-21,asset-01
session-public-07198,,Paid Social,camp-move,2026-03-17,asset-02
session-public-07199,,DM,camp-private,2026-07-23,asset-03
session-public-07200,,Organic,organic,2026-01-18,asset-04
session-public-07201,,Instagram,camp-studio,2026-05-05,
session-public-07202,,Paid Social,camp-move,2026-05-13,asset-02
session-public-07203,,DM,camp-private,2026-05-15,asset-03
session-public-07204,,Organic,organic,2026-03-23,asset-04
session-public-07205,,Instagram,camp-studio,2026-04-13,asset-01
session-public-07206,,Paid Social,camp-move,2026-07-18,asset-02
session-public-07207,,DM,camp-private,2025-11-10,asset-03
session-public-07208,,Organic,organic,2026-07-31,asset-04
session-public-07209,,Instagram,camp-studio,2026-06-24,asset-01
session-public-07210,,Paid Social,camp-move,2026-01-14,
session-public-07211,,DM,camp-private,2025-11-28,asset-03
session-public-07212,,Organic,organic,2025-10-28,asset-04
session-public-07213,,Instagram,camp-studio,2026-09-07,asset-01
session-public-07214,,Paid Social,camp-move,2025-10-03,asset-02
session-public-07215,,DM,camp-private,2026-08-21,asset-03
session-public-07216,,Organic,organic,2025-12-13,asset-04
session-public-07217,,Instagram,camp-studio,2026-07-25,asset-01
session-public-07218,,Paid Social,camp-move,2025-11-06,asset-02
session-public-07219,,DM,camp-private,2026-04-22,
session-public-07220,,Organic,organic,2026-09-06,asset-04
session-public-07221,,Instagram,camp-studio,2026-09-08,asset-01
session-public-07222,,Paid Social,camp-move,2025-10-29,asset-02
session-public-07223,,DM,camp-private,2026-05-20,asset-03
session-public-07224,,Organic,organic,2026-02-21,asset-04
session-public-07225,,Instagram,camp-studio,2026-04-03,asset-01
session-public-07226,,Paid Social,camp-move,2026-07-30,asset-02
session-public-07227,,DM,camp-private,2025-10-12,asset-03
session-public-07228,,Organic,organic,2025-12-12,
session-public-07229,,Instagram,camp-studio,2026-07-17,asset-01
session-public-07230,,Paid Social,camp-move,2026-06-20,asset-02
session-public-07231,,DM,camp-private,2026-01-11,asset-03
session-public-07232,,Organic,organic,2025-11-22,asset-04
session-public-07233,,Instagram,camp-studio,2025-10-06,asset-01
session-public-07234,,Paid Social,camp-move,2026-02-03,asset-02
session-public-07235,,DM,camp-private,2026-01-26,asset-03
session-public-07236,,Organic,organic,2026-06-26,asset-04
session-public-07237,,Instagram,camp-studio,2026-02-10,
session-public-07238,,Paid Social,camp-move,2025-10-26,asset-02
session-public-07239,,DM,camp-private,2026-08-05,asset-03
session-public-07240,,Organic,organic,2026-04-08,asset-04
session-public-07241,,Instagram,camp-studio,2026-04-10,asset-01
session-public-07242,,Paid Social,camp-move,2025-12-14,asset-02
session-public-07243,,DM,camp-private,2025-12-08,asset-03
session-public-07244,,Organic,organic,2026-07-09,asset-04
session-public-07245,,Instagram,camp-studio,2025-11-02,asset-01
session-public-07246,,Paid Social,camp-move,2026-01-03,
session-public-07247,,DM,camp-private,2025-11-21,asset-03
session-public-07248,,Organic,organic,2026-04-24,asset-04
session-public-07249,,Instagram,camp-studio,2026-05-29,asset-01
session-public-07250,,Paid Social,camp-move,2025-09-29,asset-02
session-public-07251,,DM,camp-private,2026-06-05,asset-03
session-public-07252,,Organic,organic,2025-10-20,asset-04
session-public-07253,,Instagram,camp-studio,2026-03-28,asset-01
session-public-07254,,Paid Social,camp-move,2026-04-17,asset-02
session-public-07255,,DM,camp-private,2026-07-04,
session-public-07256,,Organic,organic,2026-03-29,asset-04
session-public-07257,,Instagram,camp-studio,2026-04-23,asset-01
session-public-07258,,Paid Social,camp-move,2026-04-11,asset-02
session-public-07259,,DM,camp-private,2026-05-15,asset-03
session-public-07260,,Organic,organic,2025-10-12,asset-04
session-public-07261,,Instagram,camp-studio,2026-04-06,asset-01
session-public-07262,,Paid Social,camp-move,2026-01-19,asset-02
session-public-07263,,DM,camp-private,2026-09-15,asset-03
session-public-07264,,Organic,organic,2026-04-11,
session-public-07265,,Instagram,camp-studio,2025-12-09,asset-01
session-public-07266,,Paid Social,camp-move,2025-11-04,asset-02
session-public-07267,,DM,camp-private,2026-07-11,asset-03
session-public-07268,,Organic,organic,2026-06-11,asset-04
session-public-07269,,Instagram,camp-studio,2026-04-11,asset-01
session-public-07270,,Paid Social,camp-move,2026-03-26,asset-02
session-public-07271,,DM,camp-private,2026-03-26,asset-03
session-public-07272,,Organic,organic,2025-10-22,asset-04
session-public-07273,,Instagram,camp-studio,2026-02-24,
session-public-07274,,Paid Social,camp-move,2026-07-16,asset-02
session-public-07275,,DM,camp-private,2026-02-15,asset-03
session-public-07276,,Organic,organic,2026-01-30,asset-04
session-public-07277,,Instagram,camp-studio,2026-02-22,asset-01
session-public-07278,,Paid Social,camp-move,2026-08-23,asset-02
session-public-07279,,DM,camp-private,2025-10-10,asset-03
session-public-07280,,Organic,organic,2026-05-05,asset-04
session-public-07281,,Instagram,camp-studio,2026-04-30,asset-01
session-public-07282,,Paid Social,camp-move,2026-04-10,
session-public-07283,,DM,camp-private,2025-12-31,asset-03
session-public-07284,,Organic,organic,2026-09-07,asset-04
session-public-07285,,Instagram,camp-studio,2026-02-25,asset-01
session-public-07286,,Paid Social,camp-move,2026-07-28,asset-02
session-public-07287,,DM,camp-private,2025-12-27,asset-03
session-public-07288,,Organic,organic,2026-01-15,asset-04
session-public-07289,,Instagram,camp-studio,2026-07-09,asset-01
session-public-07290,,Paid Social,camp-move,2026-04-23,asset-02
session-public-07291,,DM,camp-private,2026-03-17,
session-public-07292,,Organic,organic,2025-09-26,asset-04
session-public-07293,,Instagram,camp-studio,2026-02-23,asset-01
session-public-07294,,Paid Social,camp-move,2026-08-19,asset-02
session-public-07295,,DM,camp-private,2026-07-28,asset-03
session-public-07296,,Organic,organic,2026-04-02,asset-04
session-public-07297,,Instagram,camp-studio,2025-12-16,asset-01
session-public-07298,,Paid Social,camp-move,2026-05-12,asset-02
session-public-07299,,DM,camp-private,2025-12-28,asset-03
session-public-07300,,Organic,organic,2025-11-27,
session-public-07301,,Instagram,camp-studio,2025-12-17,asset-01
session-public-07302,,Paid Social,camp-move,2026-04-07,asset-02
session-public-07303,,DM,camp-private,2025-11-29,asset-03
session-public-07304,,Organic,organic,2026-05-02,asset-04
session-public-07305,,Instagram,camp-studio,2025-11-21,asset-01
session-public-07306,,Paid Social,camp-move,2025-11-06,asset-02
session-public-07307,,DM,camp-private,2026-02-20,asset-03
session-public-07308,,Organic,organic,2025-12-06,asset-04
session-public-07309,,Instagram,camp-studio,2026-01-30,
session-public-07310,,Paid Social,camp-move,2026-01-10,asset-02
session-public-07311,,DM,camp-private,2026-04-20,asset-03
session-public-07312,,Organic,organic,2026-08-28,asset-04
session-public-07313,,Instagram,camp-studio,2025-12-01,asset-01
session-public-07314,,Paid Social,camp-move,2026-03-16,asset-02
session-public-07315,,DM,camp-private,2026-08-23,asset-03
session-public-07316,,Organic,organic,2026-07-03,asset-04
session-public-07317,,Instagram,camp-studio,2026-09-13,asset-01
session-public-07318,,Paid Social,camp-move,2026-03-05,
session-public-07319,,DM,camp-private,2026-02-05,asset-03
session-public-07320,,Organic,organic,2026-09-01,asset-04
session-public-07321,,Instagram,camp-studio,2025-12-08,asset-01
session-public-07322,,Paid Social,camp-move,2025-11-12,asset-02
session-public-07323,,DM,camp-private,2026-09-04,asset-03
session-public-07324,,Organic,organic,2026-06-12,asset-04
session-public-07325,,Instagram,camp-studio,2026-06-11,asset-01
session-public-07326,,Paid Social,camp-move,2026-08-13,asset-02
session-public-07327,,DM,camp-private,2025-10-12,
session-public-07328,,Organic,organic,2026-06-22,asset-04
session-public-07329,,Instagram,camp-studio,2026-06-01,asset-01
session-public-07330,,Paid Social,camp-move,2026-07-23,asset-02
session-public-07331,,DM,camp-private,2026-09-08,asset-03
session-public-07332,,Organic,organic,2026-08-04,asset-04
session-public-07333,,Instagram,camp-studio,2025-11-11,asset-01
session-public-07334,,Paid Social,camp-move,2026-08-06,asset-02
session-public-07335,,DM,camp-private,2026-04-18,asset-03
session-public-07336,,Organic,organic,2025-12-06,
session-public-07337,,Instagram,camp-studio,2026-08-15,asset-01
session-public-07338,,Paid Social,camp-move,2026-01-22,asset-02
session-public-07339,,DM,camp-private,2026-02-28,asset-03
session-public-07340,,Organic,organic,2026-09-21,asset-04
session-public-07341,,Instagram,camp-studio,2025-11-04,asset-01
session-public-07342,,Paid Social,camp-move,2026-08-24,asset-02
session-public-07343,,DM,camp-private,2026-07-26,asset-03
session-public-07344,,Organic,organic,2026-07-11,asset-04
session-public-07345,,Instagram,camp-studio,2026-09-06,
session-public-07346,,Paid Social,camp-move,2026-04-04,asset-02
session-public-07347,,DM,camp-private,2026-02-03,asset-03
session-public-07348,,Organic,organic,2026-01-12,asset-04
session-public-07349,,Instagram,camp-studio,2026-01-02,asset-01
session-public-07350,,Paid Social,camp-move,2026-07-05,asset-02
session-public-07351,,DM,camp-private,2026-03-14,asset-03
session-public-07352,,Organic,organic,2026-01-22,asset-04
session-public-07353,,Instagram,camp-studio,2025-11-29,asset-01
session-public-07354,,Paid Social,camp-move,2026-02-13,
session-public-07355,,DM,camp-private,2026-05-15,asset-03
session-public-07356,,Organic,organic,2025-12-26,asset-04
session-public-07357,,Instagram,camp-studio,2026-03-28,asset-01
session-public-07358,,Paid Social,camp-move,2026-08-29,asset-02
session-public-07359,,DM,camp-private,2025-10-21,asset-03
session-public-07360,,Organic,organic,2026-03-27,asset-04
session-public-07361,,Instagram,camp-studio,2026-06-21,asset-01
session-public-07362,,Paid Social,camp-move,2026-01-20,asset-02
session-public-07363,,DM,camp-private,2026-01-15,
session-public-07364,,Organic,organic,2026-01-25,asset-04
session-public-07365,,Instagram,camp-studio,2026-02-02,asset-01
session-public-07366,,Paid Social,camp-move,2026-01-03,asset-02
session-public-07367,,DM,camp-private,2025-10-09,asset-03
session-public-07368,,Organic,organic,2026-09-10,asset-04
session-public-07369,,Instagram,camp-studio,2026-01-23,asset-01
session-public-07370,,Paid Social,camp-move,2025-10-31,asset-02
session-public-07371,,DM,camp-private,2025-11-01,asset-03
session-public-07372,,Organic,organic,2026-09-18,
session-public-07373,,Instagram,camp-studio,2026-03-28,asset-01
session-public-07374,,Paid Social,camp-move,2026-08-30,asset-02
session-public-07375,,DM,camp-private,2026-06-19,asset-03
session-public-07376,,Organic,organic,2026-06-04,asset-04
session-public-07377,,Instagram,camp-studio,2026-04-17,asset-01
session-public-07378,,Paid Social,camp-move,2025-10-06,asset-02
session-public-07379,,DM,camp-private,2026-04-01,asset-03
session-public-07380,,Organic,organic,2026-02-05,asset-04
session-public-07381,,Instagram,camp-studio,2026-03-30,
session-public-07382,,Paid Social,camp-move,2026-05-19,asset-02
session-public-07383,,DM,camp-private,2026-04-09,asset-03
session-public-07384,,Organic,organic,2026-09-10,asset-04
session-public-07385,,Instagram,camp-studio,2026-07-07,asset-01
session-public-07386,,Paid Social,camp-move,2026-09-02,asset-02
session-public-07387,,DM,camp-private,2026-02-06,asset-03
session-public-07388,,Organic,organic,2026-06-04,asset-04
session-public-07389,,Instagram,camp-studio,2026-03-10,asset-01
session-public-07390,,Paid Social,camp-move,2026-05-12,
session-public-07391,,DM,camp-private,2026-04-15,asset-03
session-public-07392,,Organic,organic,2026-07-19,asset-04
session-public-07393,,Instagram,camp-studio,2026-09-21,asset-01
session-public-07394,,Paid Social,camp-move,2026-02-06,asset-02
session-public-07395,,DM,camp-private,2026-08-13,asset-03
session-public-07396,,Organic,organic,2026-03-12,asset-04
session-public-07397,,Instagram,camp-studio,2026-01-02,asset-01
session-public-07398,,Paid Social,camp-move,2026-03-25,asset-02
session-public-07399,,DM,camp-private,2026-01-22,
session-public-07400,,Organic,organic,2026-05-03,asset-04
session-public-07401,,Instagram,camp-studio,2026-03-30,asset-01
session-public-07402,,Paid Social,camp-move,2026-07-07,asset-02
session-public-07403,,DM,camp-private,2026-05-21,asset-03
session-public-07404,,Organic,organic,2026-02-07,asset-04
session-public-07405,,Instagram,camp-studio,2026-04-11,asset-01
session-public-07406,,Paid Social,camp-move,2026-04-07,asset-02
session-public-07407,,DM,camp-private,2026-07-23,asset-03
session-public-07408,,Organic,organic,2026-06-06,
session-public-07409,,Instagram,camp-studio,2026-04-05,asset-01
session-public-07410,,Paid Social,camp-move,2025-10-24,asset-02
session-public-07411,,DM,camp-private,2026-04-30,asset-03
session-public-07412,,Organic,organic,2026-01-06,asset-04
session-public-07413,,Instagram,camp-studio,2026-02-12,asset-01
session-public-07414,,Paid Social,camp-move,2025-11-25,asset-02
session-public-07415,,DM,camp-private,2025-11-01,asset-03
session-public-07416,,Organic,organic,2025-12-21,asset-04
session-public-07417,,Instagram,camp-studio,2026-03-16,
session-public-07418,,Paid Social,camp-move,2026-02-15,asset-02
session-public-07419,,DM,camp-private,2026-03-30,asset-03
session-public-07420,,Organic,organic,2025-10-03,asset-04
session-public-07421,,Instagram,camp-studio,2026-06-23,asset-01
session-public-07422,,Paid Social,camp-move,2026-09-14,asset-02
session-public-07423,,DM,camp-private,2025-09-26,asset-03
session-public-07424,,Organic,organic,2026-07-12,asset-04
session-public-07425,,Instagram,camp-studio,2026-03-11,asset-01
session-public-07426,,Paid Social,camp-move,2026-08-04,
session-public-07427,,DM,camp-private,2026-02-25,asset-03
session-public-07428,,Organic,organic,2026-06-09,asset-04
session-public-07429,,Instagram,camp-studio,2025-11-05,asset-01
session-public-07430,,Paid Social,camp-move,2026-03-15,asset-02
session-public-07431,,DM,camp-private,2025-12-25,asset-03
session-public-07432,,Organic,organic,2026-04-14,asset-04
session-public-07433,,Instagram,camp-studio,2026-07-24,asset-01
session-public-07434,,Paid Social,camp-move,2025-12-04,asset-02
session-public-07435,,DM,camp-private,2026-03-06,
session-public-07436,,Organic,organic,2026-03-31,asset-04
session-public-07437,,Instagram,camp-studio,2026-07-13,asset-01
session-public-07438,,Paid Social,camp-move,2026-04-05,asset-02
session-public-07439,,DM,camp-private,2026-04-13,asset-03
session-public-07440,,Organic,organic,2026-02-23,asset-04
session-public-07441,,Instagram,camp-studio,2026-05-08,asset-01
session-public-07442,,Paid Social,camp-move,2025-12-24,asset-02
session-public-07443,,DM,camp-private,2025-11-18,asset-03
session-public-07444,,Organic,organic,2026-01-22,
session-public-07445,,Instagram,camp-studio,2025-09-28,asset-01
session-public-07446,,Paid Social,camp-move,2026-05-12,asset-02
session-public-07447,,DM,camp-private,2026-02-10,asset-03
session-public-07448,,Organic,organic,2025-11-30,asset-04
session-public-07449,,Instagram,camp-studio,2026-01-22,asset-01
session-public-07450,,Paid Social,camp-move,2026-03-29,asset-02
session-public-07451,,DM,camp-private,2026-07-20,asset-03
session-public-07452,,Organic,organic,2025-11-21,asset-04
session-public-07453,,Instagram,camp-studio,2026-02-05,
session-public-07454,,Paid Social,camp-move,2025-12-23,asset-02
session-public-07455,,DM,camp-private,2026-04-07,asset-03
session-public-07456,,Organic,organic,2025-11-23,asset-04
session-public-07457,,Instagram,camp-studio,2026-02-15,asset-01
session-public-07458,,Paid Social,camp-move,2025-10-18,asset-02
session-public-07459,,DM,camp-private,2026-08-29,asset-03
session-public-07460,,Organic,organic,2026-02-04,asset-04
session-public-07461,,Instagram,camp-studio,2026-08-21,asset-01
session-public-07462,,Paid Social,camp-move,2026-06-27,
session-public-07463,,DM,camp-private,2026-07-17,asset-03
session-public-07464,,Organic,organic,2025-12-31,asset-04
session-public-07465,,Instagram,camp-studio,2026-01-26,asset-01
session-public-07466,,Paid Social,camp-move,2025-12-11,asset-02
session-public-07467,,DM,camp-private,2026-04-22,asset-03
session-public-07468,,Organic,organic,2025-11-20,asset-04
session-public-07469,,Instagram,camp-studio,2026-02-23,asset-01
session-public-07470,,Paid Social,camp-move,2026-03-03,asset-02
session-public-07471,,DM,camp-private,2026-02-27,
session-public-07472,,Organic,organic,2026-01-09,asset-04
session-public-07473,,Instagram,camp-studio,2025-10-20,asset-01
session-public-07474,,Paid Social,camp-move,2026-05-11,asset-02
session-public-07475,,DM,camp-private,2026-07-09,asset-03
session-public-07476,,Organic,organic,2026-04-21,asset-04
session-public-07477,,Instagram,camp-studio,2026-01-12,asset-01
session-public-07478,,Paid Social,camp-move,2026-08-24,asset-02
session-public-07479,,DM,camp-private,2026-05-14,asset-03
session-public-07480,,Organic,organic,2026-01-15,
session-public-07481,,Instagram,camp-studio,2025-11-14,asset-01
session-public-07482,,Paid Social,camp-move,2026-09-05,asset-02
session-public-07483,,DM,camp-private,2025-10-01,asset-03
session-public-07484,,Organic,organic,2025-10-07,asset-04
session-public-07485,,Instagram,camp-studio,2026-06-22,asset-01
session-public-07486,,Paid Social,camp-move,2026-08-18,asset-02
session-public-07487,,DM,camp-private,2026-09-08,asset-03
session-public-07488,,Organic,organic,2025-11-23,asset-04
session-public-07489,,Instagram,camp-studio,2026-06-02,
session-public-07490,,Paid Social,camp-move,2026-06-20,asset-02
session-public-07491,,DM,camp-private,2026-03-23,asset-03
session-public-07492,,Organic,organic,2025-12-16,asset-04
session-public-07493,,Instagram,camp-studio,2025-12-03,asset-01
session-public-07494,,Paid Social,camp-move,2025-11-22,asset-02
session-public-07495,,DM,camp-private,2025-11-01,asset-03
session-public-07496,,Organic,organic,2026-03-29,asset-04
session-public-07497,,Instagram,camp-studio,2026-06-30,asset-01
session-public-07498,,Paid Social,camp-move,2026-05-08,
session-public-07499,,DM,camp-private,2025-11-08,asset-03
session-public-07500,,Organic,organic,2026-07-04,asset-04
session-public-07501,,Instagram,camp-studio,2026-02-12,asset-01
session-public-07502,,Paid Social,camp-move,2026-03-03,asset-02
session-public-07503,,DM,camp-private,2025-12-11,asset-03
session-public-07504,,Organic,organic,2026-01-07,asset-04
session-public-07505,,Instagram,camp-studio,2026-03-26,asset-01
session-public-07506,,Paid Social,camp-move,2026-08-24,asset-02
session-public-07507,,DM,camp-private,2026-02-12,
session-public-07508,,Organic,organic,2025-12-21,asset-04
session-public-07509,,Instagram,camp-studio,2026-05-01,asset-01
session-public-07510,,Paid Social,camp-move,2026-06-07,asset-02
session-public-07511,,DM,camp-private,2026-05-15,asset-03
session-public-07512,,Organic,organic,2026-02-01,asset-04
session-public-07513,,Instagram,camp-studio,2026-02-05,asset-01
session-public-07514,,Paid Social,camp-move,2026-09-05,asset-02
session-public-07515,,DM,camp-private,2026-08-21,asset-03
session-public-07516,,Organic,organic,2026-09-04,
session-public-07517,,Instagram,camp-studio,2026-06-04,asset-01
session-public-07518,,Paid Social,camp-move,2025-10-16,asset-02
session-public-07519,,DM,camp-private,2025-11-18,asset-03
session-public-07520,,Organic,organic,2026-06-03,asset-04
session-public-07521,,Instagram,camp-studio,2025-12-30,asset-01
session-public-07522,,Paid Social,camp-move,2026-08-17,asset-02
session-public-07523,,DM,camp-private,2025-12-14,asset-03
session-public-07524,,Organic,organic,2026-08-19,asset-04
session-public-07525,,Instagram,camp-studio,2026-09-03,
session-public-07526,,Paid Social,camp-move,2025-10-04,asset-02
session-public-07527,,DM,camp-private,2026-09-11,asset-03
session-public-07528,,Organic,organic,2026-06-19,asset-04
session-public-07529,,Instagram,camp-studio,2026-04-20,asset-01
session-public-07530,,Paid Social,camp-move,2026-03-15,asset-02
session-public-07531,,DM,camp-private,2025-12-06,asset-03
session-public-07532,,Organic,organic,2026-01-13,asset-04
session-public-07533,,Instagram,camp-studio,2026-05-07,asset-01
session-public-07534,,Paid Social,camp-move,2026-05-16,
session-public-07535,,DM,camp-private,2026-05-11,asset-03
session-public-07536,,Organic,organic,2025-11-28,asset-04
session-public-07537,,Instagram,camp-studio,2026-07-14,asset-01
session-public-07538,,Paid Social,camp-move,2026-04-30,asset-02
session-public-07539,,DM,camp-private,2026-04-14,asset-03
session-public-07540,,Organic,organic,2026-09-06,asset-04
session-public-07541,,Instagram,camp-studio,2026-03-06,asset-01
session-public-07542,,Paid Social,camp-move,2026-04-18,asset-02
session-public-07543,,DM,camp-private,2025-12-27,
session-public-07544,,Organic,organic,2025-12-30,asset-04
session-public-07545,,Instagram,camp-studio,2026-05-19,asset-01
session-public-07546,,Paid Social,camp-move,2025-09-23,asset-02
session-public-07547,,DM,camp-private,2025-11-18,asset-03
session-public-07548,,Organic,organic,2026-02-11,asset-04
session-public-07549,,Instagram,camp-studio,2025-10-23,asset-01
session-public-07550,,Paid Social,camp-move,2026-08-18,asset-02
session-public-07551,,DM,camp-private,2025-10-15,asset-03
session-public-07552,,Organic,organic,2026-08-10,
session-public-07553,,Instagram,camp-studio,2026-09-15,asset-01
session-public-07554,,Paid Social,camp-move,2026-03-23,asset-02
session-public-07555,,DM,camp-private,2025-12-09,asset-03
session-public-07556,,Organic,organic,2026-05-04,asset-04
session-public-07557,,Instagram,camp-studio,2026-06-23,asset-01
session-public-07558,,Paid Social,camp-move,2025-10-24,asset-02
session-public-07559,,DM,camp-private,2025-10-04,asset-03
session-public-07560,,Organic,organic,2026-03-29,asset-04
session-public-07561,,Instagram,camp-studio,2026-03-07,
session-public-07562,,Paid Social,camp-move,2026-08-20,asset-02
session-public-07563,,DM,camp-private,2026-06-14,asset-03
session-public-07564,,Organic,organic,2026-08-25,asset-04
session-public-07565,,Instagram,camp-studio,2025-10-15,asset-01
session-public-07566,,Paid Social,camp-move,2025-10-10,asset-02
session-public-07567,,DM,camp-private,2025-10-04,asset-03
session-public-07568,,Organic,organic,2025-12-08,asset-04
session-public-07569,,Instagram,camp-studio,2026-05-27,asset-01
session-public-07570,,Paid Social,camp-move,2026-09-06,
session-public-07571,,DM,camp-private,2025-12-22,asset-03
session-public-07572,,Organic,organic,2025-11-26,asset-04
session-public-07573,,Instagram,camp-studio,2025-10-25,asset-01
session-public-07574,,Paid Social,camp-move,2026-02-27,asset-02
session-public-07575,,DM,camp-private,2025-12-26,asset-03
session-public-07576,,Organic,organic,2026-03-04,asset-04
session-public-07577,,Instagram,camp-studio,2026-05-17,asset-01
session-public-07578,,Paid Social,camp-move,2026-08-27,asset-02
session-public-07579,,DM,camp-private,2025-12-30,
session-public-07580,,Organic,organic,2025-11-22,asset-04
session-public-07581,,Instagram,camp-studio,2026-04-27,asset-01
session-public-07582,,Paid Social,camp-move,2025-10-05,asset-02
session-public-07583,,DM,camp-private,2026-07-28,asset-03
session-public-07584,,Organic,organic,2026-02-23,asset-04
session-public-07585,,Instagram,camp-studio,2026-01-16,asset-01
session-public-07586,,Paid Social,camp-move,2026-07-12,asset-02
session-public-07587,,DM,camp-private,2026-09-11,asset-03
session-public-07588,,Organic,organic,2025-11-24,
session-public-07589,,Instagram,camp-studio,2026-01-11,asset-01
session-public-07590,,Paid Social,camp-move,2026-04-13,asset-02
session-public-07591,,DM,camp-private,2026-06-19,asset-03
session-public-07592,,Organic,organic,2026-08-09,asset-04
session-public-07593,,Instagram,camp-studio,2026-09-12,asset-01
session-public-07594,,Paid Social,camp-move,2025-11-05,asset-02
session-public-07595,,DM,camp-private,2026-06-02,asset-03
session-public-07596,,Organic,organic,2025-12-15,asset-04
session-public-07597,,Instagram,camp-studio,2025-10-09,
session-public-07598,,Paid Social,camp-move,2026-01-01,asset-02
session-public-07599,,DM,camp-private,2025-11-23,asset-03
session-public-07600,,Organic,organic,2026-01-01,asset-04
session-public-07601,,Instagram,camp-studio,2026-04-03,asset-01
session-public-07602,,Paid Social,camp-move,2026-08-06,asset-02
session-public-07603,,DM,camp-private,2026-03-18,asset-03
session-public-07604,,Organic,organic,2026-03-20,asset-04
session-public-07605,,Instagram,camp-studio,2026-09-20,asset-01
session-public-07606,,Paid Social,camp-move,2025-12-09,
session-public-07607,,DM,camp-private,2026-06-14,asset-03
session-public-07608,,Organic,organic,2026-04-10,asset-04
session-public-07609,,Instagram,camp-studio,2025-12-21,asset-01
session-public-07610,,Paid Social,camp-move,2025-10-05,asset-02
session-public-07611,,DM,camp-private,2026-07-26,asset-03
session-public-07612,,Organic,organic,2026-08-18,asset-04
session-public-07613,,Instagram,camp-studio,2025-12-26,asset-01
session-public-07614,,Paid Social,camp-move,2026-07-13,asset-02
session-public-07615,,DM,camp-private,2026-08-11,
session-public-07616,,Organic,organic,2026-05-28,asset-04
session-public-07617,,Instagram,camp-studio,2026-01-26,asset-01
session-public-07618,,Paid Social,camp-move,2026-03-17,asset-02
session-public-07619,,DM,camp-private,2025-11-26,asset-03
session-public-07620,,Organic,organic,2026-04-01,asset-04
session-public-07621,,Instagram,camp-studio,2026-08-03,asset-01
session-public-07622,,Paid Social,camp-move,2026-03-21,asset-02
session-public-07623,,DM,camp-private,2026-08-25,asset-03
session-public-07624,,Organic,organic,2026-09-06,
session-public-07625,,Instagram,camp-studio,2026-01-09,asset-01
session-public-07626,,Paid Social,camp-move,2026-01-20,asset-02
session-public-07627,,DM,camp-private,2025-12-06,asset-03
session-public-07628,,Organic,organic,2025-12-17,asset-04
session-public-07629,,Instagram,camp-studio,2025-12-08,asset-01
session-public-07630,,Paid Social,camp-move,2026-08-15,asset-02
session-public-07631,,DM,camp-private,2026-09-11,asset-03
session-public-07632,,Organic,organic,2026-05-06,asset-04
session-public-07633,,Instagram,camp-studio,2026-01-16,
session-public-07634,,Paid Social,camp-move,2026-09-15,asset-02
session-public-07635,,DM,camp-private,2026-08-03,asset-03
session-public-07636,,Organic,organic,2025-12-28,asset-04
session-public-07637,,Instagram,camp-studio,2026-06-16,asset-01
session-public-07638,,Paid Social,camp-move,2026-07-27,asset-02
session-public-07639,,DM,camp-private,2026-07-30,asset-03
session-public-07640,,Organic,organic,2025-12-20,asset-04
session-public-07641,,Instagram,camp-studio,2025-09-22,asset-01
session-public-07642,,Paid Social,camp-move,2026-02-16,
session-public-07643,,DM,camp-private,2026-03-27,asset-03
session-public-07644,,Organic,organic,2026-05-22,asset-04
session-public-07645,,Instagram,camp-studio,2026-09-10,asset-01
session-public-07646,,Paid Social,camp-move,2026-09-12,asset-02
session-public-07647,,DM,camp-private,2026-01-13,asset-03
session-public-07648,,Organic,organic,2026-03-22,asset-04
session-public-07649,,Instagram,camp-studio,2026-01-15,asset-01
session-public-07650,,Paid Social,camp-move,2025-11-27,asset-02
session-public-07651,,DM,camp-private,2026-01-16,
session-public-07652,,Organic,organic,2026-04-26,asset-04
session-public-07653,,Instagram,camp-studio,2026-04-28,asset-01
session-public-07654,,Paid Social,camp-move,2025-11-05,asset-02
session-public-07655,,DM,camp-private,2026-06-08,asset-03
session-public-07656,,Organic,organic,2026-03-20,asset-04
session-public-07657,,Instagram,camp-studio,2025-10-09,asset-01
session-public-07658,,Paid Social,camp-move,2026-05-20,asset-02
session-public-07659,,DM,camp-private,2026-04-13,asset-03
session-public-07660,,Organic,organic,2025-11-07,
session-public-07661,,Instagram,camp-studio,2025-10-17,asset-01
session-public-07662,,Paid Social,camp-move,2026-07-01,asset-02
session-public-07663,,DM,camp-private,2026-05-15,asset-03
session-public-07664,,Organic,organic,2025-10-15,asset-04
session-public-07665,,Instagram,camp-studio,2026-06-10,asset-01
session-public-07666,,Paid Social,camp-move,2025-12-26,asset-02
session-public-07667,,DM,camp-private,2026-04-09,asset-03
session-public-07668,,Organic,organic,2026-07-29,asset-04
session-public-07669,,Instagram,camp-studio,2026-06-03,
session-public-07670,,Paid Social,camp-move,2025-11-22,asset-02
session-public-07671,,DM,camp-private,2026-06-07,asset-03
session-public-07672,,Organic,organic,2025-12-12,asset-04
session-public-07673,,Instagram,camp-studio,2026-01-02,asset-01
session-public-07674,,Paid Social,camp-move,2026-04-05,asset-02
session-public-07675,,DM,camp-private,2025-10-11,asset-03
session-public-07676,,Organic,organic,2025-11-11,asset-04
session-public-07677,,Instagram,camp-studio,2025-09-29,asset-01
session-public-07678,,Paid Social,camp-move,2026-05-31,
session-public-07679,,DM,camp-private,2025-11-24,asset-03
session-public-07680,,Organic,organic,2025-12-10,asset-04
session-public-07681,,Instagram,camp-studio,2026-04-12,asset-01
session-public-07682,,Paid Social,camp-move,2025-11-12,asset-02
session-public-07683,,DM,camp-private,2026-03-22,asset-03
session-public-07684,,Organic,organic,2026-08-18,asset-04
session-public-07685,,Instagram,camp-studio,2026-07-02,asset-01
session-public-07686,,Paid Social,camp-move,2026-01-13,asset-02
session-public-07687,,DM,camp-private,2026-07-04,
session-public-07688,,Organic,organic,2026-09-04,asset-04
session-public-07689,,Instagram,camp-studio,2026-07-05,asset-01
session-public-07690,,Paid Social,camp-move,2026-08-11,asset-02
session-public-07691,,DM,camp-private,2025-12-24,asset-03
session-public-07692,,Organic,organic,2026-09-18,asset-04
session-public-07693,,Instagram,camp-studio,2025-11-06,asset-01
session-public-07694,,Paid Social,camp-move,2026-06-01,asset-02
session-public-07695,,DM,camp-private,2026-08-29,asset-03
session-public-07696,,Organic,organic,2026-08-10,
session-public-07697,,Instagram,camp-studio,2026-05-02,asset-01
session-public-07698,,Paid Social,camp-move,2026-09-19,asset-02
session-public-07699,,DM,camp-private,2026-02-03,asset-03
session-public-07700,,Organic,organic,2026-06-22,asset-04
session-public-07701,,Instagram,camp-studio,2026-02-01,asset-01
session-public-07702,,Paid Social,camp-move,2026-04-16,asset-02
session-public-07703,,DM,camp-private,2026-05-24,asset-03
session-public-07704,,Organic,organic,2026-01-02,asset-04
session-public-07705,,Instagram,camp-studio,2026-03-07,
session-public-07706,,Paid Social,camp-move,2026-05-06,asset-02
session-public-07707,,DM,camp-private,2026-02-03,asset-03
session-public-07708,,Organic,organic,2025-11-28,asset-04
session-public-07709,,Instagram,camp-studio,2025-12-05,asset-01
session-public-07710,,Paid Social,camp-move,2026-01-07,asset-02
session-public-07711,,DM,camp-private,2026-01-10,asset-03
session-public-07712,,Organic,organic,2026-09-10,asset-04
session-public-07713,,Instagram,camp-studio,2025-12-09,asset-01
session-public-07714,,Paid Social,camp-move,2025-12-03,
session-public-07715,,DM,camp-private,2025-12-13,asset-03
session-public-07716,,Organic,organic,2026-09-21,asset-04
session-public-07717,,Instagram,camp-studio,2026-06-09,asset-01
session-public-07718,,Paid Social,camp-move,2025-09-30,asset-02
session-public-07719,,DM,camp-private,2026-08-12,asset-03
session-public-07720,,Organic,organic,2025-11-15,asset-04
session-public-07721,,Instagram,camp-studio,2026-07-30,asset-01
session-public-07722,,Paid Social,camp-move,2026-02-18,asset-02
session-public-07723,,DM,camp-private,2026-01-29,
session-public-07724,,Organic,organic,2025-12-09,asset-04
session-public-07725,,Instagram,camp-studio,2026-03-18,asset-01
session-public-07726,,Paid Social,camp-move,2026-07-05,asset-02
session-public-07727,,DM,camp-private,2026-08-31,asset-03
session-public-07728,,Organic,organic,2026-07-08,asset-04
session-public-07729,,Instagram,camp-studio,2025-12-09,asset-01
session-public-07730,,Paid Social,camp-move,2026-08-28,asset-02
session-public-07731,,DM,camp-private,2026-09-07,asset-03
session-public-07732,,Organic,organic,2026-08-11,
session-public-07733,,Instagram,camp-studio,2025-12-25,asset-01
session-public-07734,,Paid Social,camp-move,2025-12-22,asset-02
session-public-07735,,DM,camp-private,2026-03-22,asset-03
session-public-07736,,Organic,organic,2026-04-17,asset-04
session-public-07737,,Instagram,camp-studio,2025-10-21,asset-01
session-public-07738,,Paid Social,camp-move,2026-04-03,asset-02
session-public-07739,,DM,camp-private,2025-12-24,asset-03
session-public-07740,,Organic,organic,2026-08-04,asset-04
session-public-07741,,Instagram,camp-studio,2026-03-13,
session-public-07742,,Paid Social,camp-move,2026-01-08,asset-02
session-public-07743,,DM,camp-private,2026-03-31,asset-03
session-public-07744,,Organic,organic,2026-08-23,asset-04
session-public-07745,,Instagram,camp-studio,2025-10-17,asset-01
session-public-07746,,Paid Social,camp-move,2026-04-09,asset-02
session-public-07747,,DM,camp-private,2026-01-24,asset-03
session-public-07748,,Organic,organic,2026-08-13,asset-04
session-public-07749,,Instagram,camp-studio,2026-05-25,asset-01
session-public-07750,,Paid Social,camp-move,2026-01-25,
session-public-07751,,DM,camp-private,2025-10-26,asset-03
session-public-07752,,Organic,organic,2026-08-19,asset-04
session-public-07753,,Instagram,camp-studio,2025-11-19,asset-01
session-public-07754,,Paid Social,camp-move,2026-06-21,asset-02
session-public-07755,,DM,camp-private,2025-10-20,asset-03
session-public-07756,,Organic,organic,2026-02-08,asset-04
session-public-07757,,Instagram,camp-studio,2026-04-13,asset-01
session-public-07758,,Paid Social,camp-move,2026-09-07,asset-02
session-public-07759,,DM,camp-private,2026-05-31,
session-public-07760,,Organic,organic,2026-02-10,asset-04
session-public-07761,,Instagram,camp-studio,2025-11-14,asset-01
session-public-07762,,Paid Social,camp-move,2026-01-20,asset-02
session-public-07763,,DM,camp-private,2025-09-25,asset-03
session-public-07764,,Organic,organic,2026-05-28,asset-04
session-public-07765,,Instagram,camp-studio,2026-08-30,asset-01
session-public-07766,,Paid Social,camp-move,2026-03-02,asset-02
session-public-07767,,DM,camp-private,2026-01-17,asset-03
session-public-07768,,Organic,organic,2026-07-05,
session-public-07769,,Instagram,camp-studio,2026-02-25,asset-01
session-public-07770,,Paid Social,camp-move,2025-11-23,asset-02
session-public-07771,,DM,camp-private,2026-08-22,asset-03
session-public-07772,,Organic,organic,2026-07-06,asset-04
session-public-07773,,Instagram,camp-studio,2026-03-06,asset-01
session-public-07774,,Paid Social,camp-move,2025-12-07,asset-02
session-public-07775,,DM,camp-private,2025-09-28,asset-03
session-public-07776,,Organic,organic,2026-08-25,asset-04
session-public-07777,,Instagram,camp-studio,2025-10-28,
session-public-07778,,Paid Social,camp-move,2026-01-12,asset-02
session-public-07779,,DM,camp-private,2026-04-07,asset-03
session-public-07780,,Organic,organic,2025-12-20,asset-04
session-public-07781,,Instagram,camp-studio,2026-04-15,asset-01
session-public-07782,,Paid Social,camp-move,2026-08-26,asset-02
session-public-07783,,DM,camp-private,2025-10-21,asset-03
session-public-07784,,Organic,organic,2026-06-09,asset-04
session-public-07785,,Instagram,camp-studio,2026-02-15,asset-01
session-public-07786,,Paid Social,camp-move,2026-08-27,
session-public-07787,,DM,camp-private,2026-04-14,asset-03
session-public-07788,,Organic,organic,2026-01-17,asset-04
session-public-07789,,Instagram,camp-studio,2026-07-11,asset-01
session-public-07790,,Paid Social,camp-move,2026-05-22,asset-02
session-public-07791,,DM,camp-private,2026-08-24,asset-03
session-public-07792,,Organic,organic,2026-03-28,asset-04
session-public-07793,,Instagram,camp-studio,2026-04-07,asset-01
session-public-07794,,Paid Social,camp-move,2025-10-24,asset-02
session-public-07795,,DM,camp-private,2026-03-01,
session-public-07796,,Organic,organic,2026-02-10,asset-04
session-public-07797,,Instagram,camp-studio,2026-05-23,asset-01
session-public-07798,,Paid Social,camp-move,2025-10-15,asset-02
session-public-07799,,DM,camp-private,2026-03-26,asset-03
session-public-07800,,Organic,organic,2026-03-04,asset-04
session-public-07801,,Instagram,camp-studio,2026-01-28,asset-01
session-public-07802,,Paid Social,camp-move,2026-07-10,asset-02
session-public-07803,,DM,camp-private,2025-10-29,asset-03
session-public-07804,,Organic,organic,2025-12-20,
session-public-07805,,Instagram,camp-studio,2026-08-08,asset-01
session-public-07806,,Paid Social,camp-move,2026-08-25,asset-02
session-public-07807,,DM,camp-private,2025-10-26,asset-03
session-public-07808,,Organic,organic,2026-03-29,asset-04
session-public-07809,,Instagram,camp-studio,2025-11-05,asset-01
session-public-07810,,Paid Social,camp-move,2026-04-29,asset-02
session-public-07811,,DM,camp-private,2026-02-06,asset-03
session-public-07812,,Organic,organic,2025-10-28,asset-04
session-public-07813,,Instagram,camp-studio,2025-10-31,
session-public-07814,,Paid Social,camp-move,2026-07-08,asset-02
session-public-07815,,DM,camp-private,2026-09-01,asset-03
session-public-07816,,Organic,organic,2026-03-16,asset-04
session-public-07817,,Instagram,camp-studio,2026-03-09,asset-01
session-public-07818,,Paid Social,camp-move,2026-04-29,asset-02
session-public-07819,,DM,camp-private,2026-02-08,asset-03
session-public-07820,,Organic,organic,2025-09-30,asset-04
session-public-07821,,Instagram,camp-studio,2026-07-10,asset-01
session-public-07822,,Paid Social,camp-move,2026-08-31,
session-public-07823,,DM,camp-private,2025-11-07,asset-03
session-public-07824,,Organic,organic,2026-07-14,asset-04
session-public-07825,,Instagram,camp-studio,2026-04-02,asset-01
session-public-07826,,Paid Social,camp-move,2026-07-22,asset-02
session-public-07827,,DM,camp-private,2026-01-08,asset-03
session-public-07828,,Organic,organic,2026-07-21,asset-04
session-public-07829,,Instagram,camp-studio,2026-03-05,asset-01
session-public-07830,,Paid Social,camp-move,2026-05-10,asset-02
session-public-07831,,DM,camp-private,2026-06-29,
session-public-07832,,Organic,organic,2026-06-03,asset-04
session-public-07833,,Instagram,camp-studio,2026-03-24,asset-01
session-public-07834,,Paid Social,camp-move,2025-12-25,asset-02
session-public-07835,,DM,camp-private,2025-10-22,asset-03
session-public-07836,,Organic,organic,2026-05-24,asset-04
session-public-07837,,Instagram,camp-studio,2025-09-22,asset-01
session-public-07838,,Paid Social,camp-move,2025-12-01,asset-02
session-public-07839,,DM,camp-private,2025-10-01,asset-03
session-public-07840,,Organic,organic,2026-01-29,
session-public-07841,,Instagram,camp-studio,2025-12-17,asset-01
session-public-07842,,Paid Social,camp-move,2026-05-02,asset-02
session-public-07843,,DM,camp-private,2025-12-12,asset-03
session-public-07844,,Organic,organic,2026-08-29,asset-04
session-public-07845,,Instagram,camp-studio,2025-09-29,asset-01
session-public-07846,,Paid Social,camp-move,2025-10-28,asset-02
session-public-07847,,DM,camp-private,2026-08-06,asset-03
session-public-07848,,Organic,organic,2026-08-21,asset-04
session-public-07849,,Instagram,camp-studio,2026-06-03,
session-public-07850,,Paid Social,camp-move,2025-11-10,asset-02
session-public-07851,,DM,camp-private,2025-11-30,asset-03
session-public-07852,,Organic,organic,2026-08-26,asset-04
session-public-07853,,Instagram,camp-studio,2025-11-06,asset-01
session-public-07854,,Paid Social,camp-move,2025-12-07,asset-02
session-public-07855,,DM,camp-private,2026-02-26,asset-03
session-public-07856,,Organic,organic,2025-10-29,asset-04
session-public-07857,,Instagram,camp-studio,2026-01-03,asset-01
session-public-07858,,Paid Social,camp-move,2026-07-11,
session-public-07859,,DM,camp-private,2026-01-24,asset-03
session-public-07860,,Organic,organic,2026-04-30,asset-04
session-public-07861,,Instagram,camp-studio,2026-08-05,asset-01
session-public-07862,,Paid Social,camp-move,2026-04-16,asset-02
session-public-07863,,DM,camp-private,2026-05-16,asset-03
session-public-07864,,Organic,organic,2026-06-21,asset-04
session-public-07865,,Instagram,camp-studio,2026-07-09,asset-01
session-public-07866,,Paid Social,camp-move,2026-08-19,asset-02
session-public-07867,,DM,camp-private,2026-05-12,
session-public-07868,,Organic,organic,2026-04-17,asset-04
session-public-07869,,Instagram,camp-studio,2025-10-10,asset-01
session-public-07870,,Paid Social,camp-move,2026-07-08,asset-02
session-public-07871,,DM,camp-private,2026-06-16,asset-03
session-public-07872,,Organic,organic,2026-05-22,asset-04
session-public-07873,,Instagram,camp-studio,2026-01-10,asset-01
session-public-07874,,Paid Social,camp-move,2025-10-29,asset-02
session-public-07875,,DM,camp-private,2025-12-15,asset-03
session-public-07876,,Organic,organic,2026-04-28,
session-public-07877,,Instagram,camp-studio,2026-05-31,asset-01
session-public-07878,,Paid Social,camp-move,2026-05-27,asset-02
session-public-07879,,DM,camp-private,2026-01-18,asset-03
session-public-07880,,Organic,organic,2025-11-01,asset-04
session-public-07881,,Instagram,camp-studio,2026-07-27,asset-01
session-public-07882,,Paid Social,camp-move,2025-12-25,asset-02
session-public-07883,,DM,camp-private,2025-11-28,asset-03
session-public-07884,,Organic,organic,2026-05-04,asset-04
session-public-07885,,Instagram,camp-studio,2026-08-21,
session-public-07886,,Paid Social,camp-move,2026-04-09,asset-02
session-public-07887,,DM,camp-private,2026-09-02,asset-03
session-public-07888,,Organic,organic,2025-10-06,asset-04
session-public-07889,,Instagram,camp-studio,2026-05-15,asset-01
session-public-07890,,Paid Social,camp-move,2026-03-14,asset-02
session-public-07891,,DM,camp-private,2026-09-13,asset-03
session-public-07892,,Organic,organic,2026-07-14,asset-04
session-public-07893,,Instagram,camp-studio,2026-06-20,asset-01
session-public-07894,,Paid Social,camp-move,2026-06-22,
session-public-07895,,DM,camp-private,2026-08-06,asset-03
session-public-07896,,Organic,organic,2026-05-23,asset-04
session-public-07897,,Instagram,camp-studio,2026-08-20,asset-01
session-public-07898,,Paid Social,camp-move,2026-06-27,asset-02
session-public-07899,,DM,camp-private,2026-04-25,asset-03
session-public-07900,,Organic,organic,2026-03-21,asset-04
session-public-07901,,Instagram,camp-studio,2026-01-21,asset-01
session-public-07902,,Paid Social,camp-move,2026-08-14,asset-02
session-public-07903,,DM,camp-private,2026-01-06,
session-public-07904,,Organic,organic,2026-08-11,asset-04
session-public-07905,,Instagram,camp-studio,2026-09-07,asset-01
session-public-07906,,Paid Social,camp-move,2026-07-11,asset-02
session-public-07907,,DM,camp-private,2026-09-14,asset-03
session-public-07908,,Organic,organic,2026-09-11,asset-04
session-public-07909,,Instagram,camp-studio,2026-02-27,asset-01
session-public-07910,,Paid Social,camp-move,2026-01-03,asset-02
session-public-07911,,DM,camp-private,2025-11-20,asset-03
session-public-07912,,Organic,organic,2026-07-27,
session-public-07913,,Instagram,camp-studio,2025-11-07,asset-01
session-public-07914,,Paid Social,camp-move,2026-08-10,asset-02
session-public-07915,,DM,camp-private,2026-04-05,asset-03
session-public-07916,,Organic,organic,2026-03-09,asset-04
session-public-07917,,Instagram,camp-studio,2026-02-27,asset-01
session-public-07918,,Paid Social,camp-move,2025-12-27,asset-02
session-public-07919,,DM,camp-private,2025-10-07,asset-03
session-public-07920,,Organic,organic,2026-06-11,asset-04
session-public-07921,,Instagram,camp-studio,2026-09-01,
session-public-07922,,Paid Social,camp-move,2026-07-15,asset-02
session-public-07923,,DM,camp-private,2026-08-14,asset-03
session-public-07924,,Organic,organic,2026-03-12,asset-04
session-public-07925,,Instagram,camp-studio,2025-12-24,asset-01
session-public-07926,,Paid Social,camp-move,2026-01-19,asset-02
session-public-07927,,DM,camp-private,2025-11-24,asset-03
session-public-07928,,Organic,organic,2025-12-05,asset-04
session-public-07929,,Instagram,camp-studio,2025-10-15,asset-01
session-public-07930,,Paid Social,camp-move,2025-12-12,
session-public-07931,,DM,camp-private,2025-11-22,asset-03
session-public-07932,,Organic,organic,2026-07-19,asset-04
session-public-07933,,Instagram,camp-studio,2025-10-27,asset-01
session-public-07934,,Paid Social,camp-move,2026-03-21,asset-02
session-public-07935,,DM,camp-private,2025-10-04,asset-03
session-public-07936,,Organic,organic,2026-03-19,asset-04
session-public-07937,,Instagram,camp-studio,2026-05-28,asset-01
session-public-07938,,Paid Social,camp-move,2026-04-03,asset-02
session-public-07939,,DM,camp-private,2026-02-08,
session-public-07940,,Organic,organic,2026-02-13,asset-04
session-public-07941,,Instagram,camp-studio,2026-07-07,asset-01
session-public-07942,,Paid Social,camp-move,2026-08-15,asset-02
session-public-07943,,DM,camp-private,2026-05-13,asset-03
session-public-07944,,Organic,organic,2026-02-14,asset-04
session-public-07945,,Instagram,camp-studio,2026-05-25,asset-01
session-public-07946,,Paid Social,camp-move,2025-09-25,asset-02
session-public-07947,,DM,camp-private,2026-09-21,asset-03
session-public-07948,,Organic,organic,2025-10-17,
session-public-07949,,Instagram,camp-studio,2025-09-22,asset-01
session-public-07950,,Paid Social,camp-move,2025-12-02,asset-02
session-public-07951,,DM,camp-private,2026-04-25,asset-03
session-public-07952,,Organic,organic,2026-07-06,asset-04
session-public-07953,,Instagram,camp-studio,2026-05-17,asset-01
session-public-07954,,Paid Social,camp-move,2026-04-12,asset-02
session-public-07955,,DM,camp-private,2026-02-25,asset-03
session-public-07956,,Organic,organic,2026-02-27,asset-04
session-public-07957,,Instagram,camp-studio,2026-06-27,
session-public-07958,,Paid Social,camp-move,2026-08-28,asset-02
session-public-07959,,DM,camp-private,2026-05-02,asset-03
session-public-07960,,Organic,organic,2026-06-03,asset-04
session-public-07961,,Instagram,camp-studio,2026-04-15,asset-01
session-public-07962,,Paid Social,camp-move,2026-02-21,asset-02
session-public-07963,,DM,camp-private,2026-07-12,asset-03
session-public-07964,,Organic,organic,2026-05-09,asset-04
session-public-07965,,Instagram,camp-studio,2026-07-22,asset-01
session-public-07966,,Paid Social,camp-move,2026-05-10,
session-public-07967,,DM,camp-private,2026-02-27,asset-03
session-public-07968,,Organic,organic,2025-11-06,asset-04
session-public-07969,,Instagram,camp-studio,2026-04-24,asset-01
session-public-07970,,Paid Social,camp-move,2026-01-03,asset-02
session-public-07971,,DM,camp-private,2026-04-07,asset-03
session-public-07972,,Organic,organic,2026-03-18,asset-04
session-public-07973,,Instagram,camp-studio,2026-04-28,asset-01
session-public-07974,,Paid Social,camp-move,2026-09-10,asset-02
session-public-07975,,DM,camp-private,2025-10-09,
session-public-07976,,Organic,organic,2026-01-31,asset-04
session-public-07977,,Instagram,camp-studio,2026-03-10,asset-01
session-public-07978,,Paid Social,camp-move,2025-10-08,asset-02
session-public-07979,,DM,camp-private,2025-10-03,asset-03
session-public-07980,,Organic,organic,2026-04-18,asset-04
session-public-07981,,Instagram,camp-studio,2026-01-25,asset-01
session-public-07982,,Paid Social,camp-move,2026-03-21,asset-02
session-public-07983,,DM,camp-private,2026-03-02,asset-03
session-public-07984,,Organic,organic,2026-09-14,
session-public-07985,,Instagram,camp-studio,2026-01-12,asset-01
session-public-07986,,Paid Social,camp-move,2026-05-20,asset-02
session-public-07987,,DM,camp-private,2026-01-01,asset-03
session-public-07988,,Organic,organic,2025-10-11,asset-04
session-public-07989,,Instagram,camp-studio,2026-07-20,asset-01
session-public-07990,,Paid Social,camp-move,2026-04-07,asset-02
session-public-07991,,DM,camp-private,2026-02-08,asset-03
session-public-07992,,Organic,organic,2026-07-08,asset-04
session-public-07993,,Instagram,camp-studio,2026-04-28,
session-public-07994,,Paid Social,camp-move,2026-08-03,asset-02
session-public-07995,,DM,camp-private,2025-12-26,asset-03
session-public-07996,,Organic,organic,2026-05-17,asset-04
session-public-07997,,Instagram,camp-studio,2026-05-05,asset-01
session-public-07998,,Paid Social,camp-move,2025-11-01,asset-02
session-public-07999,,DM,camp-private,2025-11-17,asset-03
session-public-08000,,Organic,organic,2026-08-13,asset-04
session-extra-0001,cust-0001,Instagram,camp-studio,2025-09-23,asset-01
session-extra-0002,cust-0002,Paid Social,camp-move,2025-09-23,asset-02
session-extra-0003,cust-0003,DM,camp-private,2025-09-23,asset-03
session-extra-0004,cust-0004,Organic,organic,2025-09-23,asset-04
session-extra-0005,cust-0005,Instagram,camp-studio,2025-09-23,asset-01
session-extra-0006,cust-0006,Paid Social,camp-move,2026-08-16,asset-02
session-extra-0007,cust-0007,DM,camp-private,2025-11-19,asset-03
session-extra-0008,cust-0008,Organic,organic,2025-10-05,asset-04
session-extra-0009,cust-0009,Instagram,camp-studio,2026-02-10,asset-01
session-extra-0010,cust-0010,Paid Social,camp-move,2026-01-26,asset-02
session-extra-0011,cust-0011,DM,camp-private,2026-01-15,asset-03
session-extra-0012,cust-0012,Organic,organic,2025-12-03,asset-04
session-extra-0013,cust-0013,Instagram,camp-studio,2025-11-14,asset-01
session-extra-0014,cust-0014,Paid Social,camp-move,2026-09-04,asset-02
session-extra-0015,cust-0015,DM,camp-private,2026-06-29,asset-03
session-extra-0016,cust-0016,Organic,organic,2025-11-06,asset-04
session-extra-0017,cust-0017,Instagram,camp-studio,2026-07-22,asset-01
session-extra-0018,cust-0018,Paid Social,camp-move,2026-04-27,asset-02
session-extra-0019,cust-0019,DM,camp-private,2025-10-09,asset-03
session-extra-0020,cust-0020,Organic,organic,2025-10-08,asset-04
session-extra-0021,cust-0021,Instagram,camp-studio,2025-11-09,asset-01
session-extra-0022,cust-0022,Paid Social,camp-move,2026-01-12,asset-02
session-extra-0023,cust-0023,DM,camp-private,2026-01-20,asset-03
session-extra-0024,cust-0024,Organic,organic,2026-06-08,asset-04
session-extra-0025,cust-0025,Instagram,camp-studio,2026-07-28,asset-01
session-extra-0026,cust-0026,Paid Social,camp-move,2025-10-06,asset-02
session-extra-0027,cust-0027,DM,camp-private,2026-07-07,asset-03
session-extra-0028,cust-0028,Organic,organic,2026-01-02,asset-04
session-extra-0029,cust-0029,Instagram,camp-studio,2026-08-21,asset-01
session-extra-0030,cust-0030,Paid Social,camp-move,2026-09-17,asset-02
